review_id,prof_ID,rating,misc_d,amusement_misc,comedy_intensity,funny_score,review
19892,1028,5.0,0.58,0.3402992865262149,0.34523146500836055,0.2002342497048491,"Pretty easy class, he just wanted you to put effort forth. Had him once a week, hes so awkward and funny, you just wanna hug him."
4160,1231,4.0,0.52,0.3674862249565659,0.36833987937444324,0.1915367372747105,"haha this guy cracks me up. Laugh at his jokes and ur his new best freind. Test are okay, i never studied and still did decent. if u study ur set"
18525,1081,5.0,0.53,0.3431123220636087,0.34361914658043036,0.1821181476876281,"No tests, a few readings and a final project. Hilarious guy, would take again if I could, MUST TAKE"
7181,686,4.5,0.65,0.2737005347437927,0.274161833004255,0.17820519145276575,SHE IS VERY HELPFUL AT TIMES. SHE IS ALSO VERY FUNNY BUT SHE CAN ALSO BE DINGY.
17080,745,5.0,0.54,0.3020722974686183,0.30350205958344884,0.1638911121750624,Sensei Manes is very nice and funny. She is a good language teacher.
16006,985,5.0,0.54,0.2868319112327495,0.28763779206069,0.15532440771277262,"Forget what the other bad reviews told you, I just took her (Fall 2013) and she is really chill and funny. If you take this class you will pass as long as you don\'t skip a lot of classes."
18389,1333,4.5,0.64,0.2196907330629909,0.22022462315496472,0.14094375881917742,she keeps class fun and interesting and thats not easy to do with any LIT class...plus i was one of the clowns that was always being stupid in the back of the classroom and she would let us get away with it as long as we were joking about the reading and the SSSHHHHHHHHHHing girl in the back. U would understand if u took the class.
5203,258,3.5,0.62,0.2073665200092477,0.20824026124771103,0.12910896197358085,"Knudsen\'s class was pretty cool. He\'s a nice guy and pretty funny, too."
11047,351,1.5,0.5,0.2502759705249477,0.2536118923825878,0.1268059461912939,Dwayne can be a total jerk and I found him to be unreliable and disinterested in actually helping students. He tries to be intimidating but it\'s just laughable -- his giant ego doesn\'t live up to his imagined greatness.
12151,862,2.0,0.58,0.2169635261199991,0.21835760861938106,0.126647412999241,"This guy is a Joke! He was a visiting professor at my school in the spring of 2003. He had the opportunity to teach at a major law school and really messed it up. Unfortunately I learned nothing from him. Tulsa you deserve him, LOL!"
17099,130,5.0,0.75,0.1662743398750386,0.16697486197683545,0.1252311464826266,Awesome prof! He\'s funny and fun to watch
19532,687,2.0,0.71,0.1638225281644018,0.16412838228209745,0.11653115142028918,"She acts like questions take up her time (WHY ARE YOU TEACHING?). She\'ll say something along the lines of ""Well, I\'m right in the middle of something, but if it\'s fast..."" then laugh like you misunderstood her standoffishness and shes really"
8314,872,5.0,0.58,0.1950509829690815,0.1961345480305156,0.11375803785769904,"she is great! so funny, she tells jokes all the time. She is really into what she teachs and makes it as interesting as Congress can be. Real simulation at the end on the term is wicked fun."
1512,320,3.5,0.71,0.1463479668022569,0.1473087310873691,0.10458919907203207,"I took him for an FYS and I thought he was really funny! His laugh is hysterical! I\'m not an English major, so he might be difficult. He wasn\'t that hard for the FYS."
2088,484,4.0,0.5,0.2063314642064582,0.20698423850733955,0.10349211925366977,"Great teacher. He has an accent, but you can still understand him. Very funny aswell. EASY A+. Just do your classwork and homework and you\'re set."
1292,334,5.0,0.5,0.2003170462348878,0.20367609361922254,0.10183804680961127,Tests are easy as long as you study a bit for them. Very helpful. Is funny when she talks to herself in spanish. \'Hola! como estan?\' haha
15954,413,5.0,0.7,0.12622083273379,0.14430573745602798,0.10101401621921959,SOOOOOO FUNNY!!! He just wants to have fun and have a lot of debates with him... oh god! haha.. he is the coolest teacher ever i had!
2875,238,5.0,0.53,0.1888511410929404,0.1899147486937774,0.10065481680770202,"Craig is an amazing teacher, probably my favorite and I do not like science classes. He\'s quirky and a little weird at first but you will love him by the end, he\'s hilarious. Do not take bio 103/104 if you do not like going outside because that is all you do. If you do like going outside, it\'s an easy A. No homework except to read. Study for tests."
18786,556,4.5,0.53,0.1872385804112194,0.1881395390251944,0.09971395568335303,"He is so funny! Great sense of humor, gives interesting assignments, and is really easy to talk to. Take him if you want to be a tutor in the HUB!"
11003,907,5.0,0.67,0.1374377249620608,0.14677773935021393,0.09834108536464334,"This guy is soooo funny! Always making us laugh! He\'s very helpful when you need his help, too. If I had one word to describe him.... Quirky"
15121,290,5.0,0.56,0.1739923500042381,0.1747453754049396,0.09785741022676618,"He\'s hilarious. Works magic with a very very dry subject. Also cute, and gives away $ on occasion..."
9878,483,3.5,0.5,0.1918357394103127,0.19274082954005398,0.09637041477002699,"This guy is great! He provoked me to think about things in a way that was uncomfortable, sometimes I wanted to get up and walk out, but that is philosophy in demonstration. Some were put off by his wry sense of humor, but if you are smart enough to figure him out, he is actually hilarious."
836,23,5.0,0.5,0.1915799852559721,0.19228576362103134,0.09614288181051567,"Very humble, but very funny and full of wit. He is very knowledgeable and wants everyone to do well and actually learn. He is highly recommended."
14031,1387,5.0,0.67,0.1419848606438589,0.14319231121529283,0.0959388485142462,"She is hard, but a lot of fun! definatly do the reading!!"
15549,1232,5.0,0.6,0.1575823393012788,0.15808786348093593,0.09485271808856155,HILARIOUS. makes each class hysterical. also a really nice guy.
19861,1239,5.0,0.61,0.1542666153673971,0.15528474263649034,0.0947236930082591,"This was a cool easy class. Summer always tried to make it fun. Sometimes it worked (actually, just looking at her is fun). Great teacher, nice cool beautiful."
12231,1170,5.0,0.52,0.1782962081760294,0.18045218675012567,0.09383513711006536,"She is so much fun, and so easy to talk to. You have to take at least one of her classes!"
18202,357,5.0,0.57,0.1577194029275237,0.15948630217211165,0.09090719223810363,"always willing to work with students. funny, if you\'re smart. confusing, if you\'re not."
19160,420,2.5,0.61,0.1473478549797744,0.14792543945458653,0.09023451806729778,"Overall, the class is manageable. If you want him to help you, you\'ll have to go out of your way to ask for it. Exam questions can be worded a bit tricky, but they\'re all pretty much the same. His voice is funny and he speaks in a drawn out manner."
12640,146,1.0,0.59,0.1505105936264547,0.1512226076678769,0.08922133852404737,Not a good teacher...This guy picks on you as well if he thinks you lack self esteem...He will pick on you on purpose just to impress the rest of the class..He thinks he is pretty hot too which makes me laugh.
3081,140,1.5,0.56,0.1574859929928131,0.15853515196885382,0.08877968510255814,Goes really fast and acts like you already know everything about fabric. usually tests are HARD. He even told us before the first test that half of us would drop... and he laughed. Also verrrry boring
1334,639,3.5,0.55,0.160505525535301,0.1608797950141923,0.08848388725780577,Do not take him if you struggle in math. funny but moves quickly and erases board to fast. Do HW and quizzes they will help your grade if you struggle with the tests.
19181,798,5.0,0.67,0.1294882866290563,0.13078868933965382,0.08762842185756807,She has a very strange sense of humor but I found her very funny. She\'s very kind and always willing to help. I would definitely take her for other classes if I could.
11645,957,4.5,0.57,0.151544172387088,0.15247723394339607,0.08691202334773575,"I\'m really glad to have taken Spanish with Estrada. She gives too many handouts, but she\'s great! And she\'s pretty funny."
12443,890,4.5,0.68,0.1260353669225595,0.12649307881511002,0.08601529359427482,"this guy has the easiest job i have ever seen... but he is a cool guy though so i would take this course with him. all you have to do is walk laps the whole time and you will get an A. he sweats alot, and ive never seen him work out, i find it funny"
8863,20,3.0,0.55,0.1538541662930008,0.15510791398750465,0.08530935269312756,not as funny as Dr. Easteal. The class is super boring.
7025,247,3.0,0.56,0.1498961043593571,0.15104576392695054,0.08458562779909232,I think he\'s annoying. He can go from laughing hysterically one minute to mad and pissed the next. The course is easy but at lot of his instruction is unclear and contradictory.
13500,914,4.0,0.87,0.096942021258176,0.09717527242365005,0.08454248700857554,Great professor. It\'ll take you a couple weeks before you stop finding his voice funny.
19651,665,1.0,0.59,0.1377783938517268,0.13876613476963603,0.08187201951408525,He is incredibly boring. We cannot pay attention in class because he can\'t keep it. We spend most of our time making fun of his receding hairline.
14812,939,4.5,0.62,0.1308201835946442,0.13130570645372372,0.0814095380013087,"Super friendly man, very approachable and excellent with explaining things on the lower level... And not too shabby to look at either.. hehe"
13293,743,5.0,0.57,0.1411225149733292,0.1415812499689396,0.08070131248229556,"i thought she would be demanding because on the first day she said she was a tough teacher! i\'m not flexible, but as the class went on, all her threats were jokes and everyone just laughs and jokes with her. she turned out to be the best fitness teacher i\'ve ever had! she doesnt push you past your limits, and she has alt poses if you cant do a pose"
3650,889,2.0,0.55,0.124066708228633,0.14656301816662035,0.0806096599916412,"Dr. Neal was very funny. He is sorta awkward and nerdy, but in a good way. I enjoyed his class, becasue he was funny to be around, but he wasn\'t a very good teacher. I had a very strong calc. backround, and still had no freaking clue what he was ever talking about."
17342,1052,5.0,0.53,0.1464860289458903,0.14747991767990418,0.07816435637034921,"Professor Ghorashi is an awesome guy. He asks about what news is going on and lets us discuss it for a while and then says well, I\'ll go into economics now. He\'s really funny and his sense of humor is awesome. If you show up and take notes and listen, the quizzes are easy. No textbook needed. He also encourages questions because his accent is heavy"
13046,598,5.0,0.5,0.1490090539970772,0.1522630561533169,0.07613152807665845,Very nice and extra helpful. Did fun stuff like improv and lots of movies. Best professor Ive had.
15946,413,5.0,0.63,0.1181093685266187,0.11857170372877701,0.07470017334912951,"He is so easy, funny, and laid back. If you\'re not into English, I recommend taking him. He\'s not uptight and has street smarts unlike some professors."
8341,1277,1.0,0.51,0.1457574193491216,0.14629891577268608,0.0746124470440699,"If you are bad at math just do not take his class at all. He is a nice guy, tries to be funny and joke around. But as a professor he is just horrible. he cannot speak English properly, he knows math, just cant explain it. He does not like confrontation either, if you talk to him about something he will take it personal and make your life hell."
7497,42,4.5,0.69,0.1027867309284614,0.10733956156518829,0.0740642974799799,"Andy\'s one freaking awesome English teacher! 191 is designed to allow you to use and experiment with different kinds of media and Andy asks you to do all of these... butt crazy things that you don\'t really understand why you\'re doing it, but at least it was fun and unpredictable! Workload is kinda heavy, but if you keep up with it, you\'ll do well."
823,500,5.0,0.5,0.0895179087548641,0.14664351836483133,0.07332175918241567,"AMAZING!!! i love this professor he is so much fun, helpful and easy. you really gonna learn hebrew with him in the fun way!"
17888,1000,5.0,0.61,0.1156284850385708,0.11673953024689417,0.07121111345060543,"I love Mrs. Yancey. She is so funny! Class notes come in handy for the tests, but other than that her class is a lot of discussions. She is from Mississippi and makes fun of herself and her family a lot, which is refreshing. Take her if you can!"
13048,598,5.0,0.75,0.0915711166908755,0.0928414296444961,0.06963107223337207,AWSOME professor. So much fun and HILLARIOUS personality.
10137,718,5.0,0.53,0.127121063193184,0.1279799155366114,0.06782935523440405,Wonderful woman! Very funny. Highly recommend for World Lit! Reading is minimal and test expectations are clear.
1188,923,4.0,0.62,0.1060476840164224,0.10884152087354491,0.06748174294159785,"not always clear, but alwasy entertaining and very sweet"
11457,1302,4.0,0.52,0.1281387148163477,0.1287603699859341,0.06695539239268573,"Todd\'s really fun in class and defintiely into what he\'s teaching. Be ready for him to get really side tracked and share quite a bit about his personal life. It\'s almost always hilarious though. He really cares about what he teaches and when he assigns readings, you really do need to do them. If not, you can get by but it\'ll be difficult."
3237,797,5.0,0.62,0.1060132232955393,0.10713562679621812,0.06642408861365523,"LInda is so nice and so much fun. This class really prepares you for all of your other college classes. She will help you with anything, and she is way funny too."
19500,672,4.0,0.69,0.0949794833707654,0.09527399571528208,0.06573905704354463,"She is easy if she likes you and you WILL know if she likes you. BE OUTGOING and FUNNY and you\'ll do well. She really gives like, 110% if you are funny and bring props out of your ass. If she doesn\'t like you, you will get C\'s... Its that simple."
8102,355,2.5,0.64,0.1015979977943884,0.10205196811031007,0.06531325959059844,"He gets bored with his own lectures and dismisses class early. You only need the access code really, no point in buying the book since you can get the code separately. He tries to tell jokes, I don\'t think he realizes we\'re laughing at him not with him, but whatever. Overall easy class to pass, worth putting up with Bosworth\'s strangeness."
18101,1020,1.0,0.55,0.1070687979882372,0.11815842119935277,0.06498713165964402,This class was horible! I hated the professor and the content of the course. She is Crazy!! Whatever you do don\'t take Soc 101 with her. I hear there are way better professor that teach the course. I best thing was how we made fun of her shoes that she wore each day!! that was fun!
2097,484,3.5,0.51,0.1245558426624823,0.12503619928346582,0.06376846163456756,Honestly I need sometime to understand what he said because he got pretty strong accent but it ain\'t a problem to listen later on. Most of the test are MC and even Final. The questions are straight forward. What u need to do is just keep up with his homework(even though he did not really check it...lol) then u would not have any problem in class:)
18406,908,5.0,0.5,0.1262742018130872,0.12735656931381753,0.06367828465690877,I\'m a freshman second semester. My friend was signed up for Blitz class and convinced me to take it with her. I am very glad I did. Prof. Blitz class is fun but also serious about the idea of worlds. He can be funny but also makes you think totally new thoughts about everything. He has a nice coteacher who has her own style which is very nice.
16519,428,5.0,0.54,0.1171461723967497,0.1178651124057287,0.0636471606990935,"She is very helpful, funny, and can dress lol. She makes class fun so the work wont seem like work. She will make sure you learn the material. If you need help she is more than happy to help. Shes great."
6508,918,5.0,0.64,0.083697241931657,0.09806309296451303,0.06276037949728834,He is so awesome!! Funny and cute!! Explains all the course material!! Very interesting...
10873,1292,5.0,0.54,0.1144876553052136,0.11500097680158522,0.06210052747285602,"Hahaha guys,pls give him a break. Math isn\'t an easy subject.First, you all should admirer him for being ""smarta$$"". Second, you should spend more time to study rather than sitting here complaining about him. He\'s a great professor. Although LB isn\'t a hottie but he\'s definitely a cutie[sometimes:)"
4843,45,5.0,0.78,0.077582690871219,0.07886938220568776,0.061518118120436456,Awesome prof! She makes American Lit so much fun!
8993,1304,5.0,0.5,0.1216201297854,0.12262195564517728,0.06131097782258864,HE IS THE MAN! i have had him for every class he teaches and he is my favorite teacher at EKU. he is hilarious and very smart and has some great stories to tell
16465,676,1.0,0.6,0.0995423588341075,0.10015801233033429,0.06009480739820057,"The reviews are most definitely correct about her . She is very defensive, and wont let you get a point across . She is very funny but rude at time . The class is a easy grade tho . The book is not really needed buy an online book for cheap ."
777,311,5.0,0.56,0.1063715134924094,0.10727881031402689,0.060076133775855065,Dennis is by far the best teacher I\'ve ever had. He\'s hilarious and brilliant. He is also an incredible person and anyone who gets to know him is very lucky. His classes are incredible--take one.
8520,421,1.0,0.54,0.1103566590224544,0.11091452583313177,0.05989384394989116,"Absolute worst professor any one in college could ever take. He does absolutely nothing to help the students. Half of what he ""teaches"" had nothing to do with the class. I actually tried to go in to his office hours to ask for help, but after one question he smiled, laughed, and turned his back on me. Overall he\'s rude and the most useless profesor"
11563,1178,5.0,0.61,0.0954600041323378,0.09665813046241357,0.05896145958207228,"This man cracks me up! I absolutely love going to his class everyday! He is an awesome teacher! I think everyone needs to take a lit class with him! Yah, go DB!"
13744,1061,1.0,0.64,0.0907872264866013,0.09125479797336458,0.058403070702953336,"This guy is useless and arrogant. He converted a regular class into a blended one and kept assigning research papers for students to read, while he himself sits at home. He is never in his office. Most hilarious is that if you ask him something he doesn\'t know, he will tell you a long story about the work he did at Morgan Stanley 20 yrs ago."
18660,168,5.0,0.51,0.1117922042485454,0.11370461545904201,0.05798935388411142,"He is honestly the best professor I have ever had at Dutchess. I\'ve been going to Dutchess for two years and out of all he professors I have ever had he is my favorite. He has a very thick accent, but he makes fun of it himself so it is all out of fun. He truly cares about your education and he wants you to do well. Absolutely amazing."
13255,910,5.0,0.79,0.0726208737775703,0.07296528730667805,0.057642576972275664,"I would take his class a hundred times!!! The most hilarious man I have ever known. If it came down to hanging out with friends or going to Critelli\'s class, I would not hesitate to cancel plans with friends."
3720,317,4.5,0.53,0.1067871151560322,0.10786620310184779,0.05716908764397933,somewhat boring but has his random funny times which you dont expect and hes super nice to talk to. you learn a lot in this class and the tests/exams are really easy. good class overall
4512,1205,1.0,0.67,0.0830728006525616,0.08355744906143917,0.05598349087116424,the proverbial one trick pony. typical never built a thing professor.ask to see his work. its laughable...
19860,1239,5.0,0.64,0.0848949455926267,0.08586452862450956,0.05495329831968612,"Most BEAUTIFUL professor ever! I guarantee I miss her more than anyone. Summer is so smart, down to earth, smokin hot, and really funny too. All of her lectures were great but the one on CMC and WBTs were my favorite. I hope I see her again on campus but her modeling career has taken off!!!"
14645,1352,4.5,0.64,0.0834004627077298,0.08394199409191686,0.053722876218826786,"He\'ll spend the first hour talking about current events. Digresses so much it\'s insane Funny old guy with good stories and one-liners. Study guide has everything you need to know, so show up if you want. Easy A."
19955,664,5.0,0.55,0.0946804504141149,0.09537620202540226,0.052456911113971244,"This professor is amazing! He was incredibly funny, really had a love for film, and knew all there was to know about it. Highly recommend taking this class over fosters if you love film. The plus side is you don\'t have to buy fosters book new also! Just sit back, take some notes, and watch some great films."
18421,908,5.0,0.54,0.0920585555458378,0.09676404331805784,0.052252583391751234,"Didn\'t realize how famous he was until I came here, LOL. On THAT note: YES! He\'s tough, fair but intimidating & will make you WORK for that grade. (Prof Sarna is gr8 as well!) You will NOT succeed if you\'re excessively absent/lazy. I HATED participating and he picked up on it so he would make me do it but it\'s all to make you better as a student!"
6377,1286,4.5,0.51,0.1011037075392776,0.10215235943458331,0.05209770331163749,He was so awesome and funny. He really opened my eyes to sociology and how incredibly interesting it is. He has an awesome sense of humor and is a very real guy. He class is really easy and he never takes attendance. Definitely take him for SOC!
11578,26,1.0,0.65,0.0662068219701669,0.0781817393104518,0.050818130551793676,What a clown! We all couldn\'t stand the class! Glad she\'s gone - her book is a joke.
10476,573,5.0,0.54,0.0932210559753386,0.09385369936999777,0.0506809976597988,"Mr.C is great. He dose make up his own words but it\'s kinda funny. He\'ll talk up until the very last second of the class so don\'t expect to go home early, ever. Lost of written assignments but they\'re easy. And easy A. oh yeah, turn your cell phone off in class or he\'ll get mad"
10512,906,1.0,0.52,0.0805016534669689,0.09732329019242555,0.05060811090006129,Unrealistic!! Avoid him!! He is so struck on himself that he does not lecture on important material. He likes hearing himself talk. He is interesting but a joke too.
10870,1292,4.5,0.52,0.0952156879146719,0.09578130233402969,0.04980627721369544,Easy Class Easy Professor. He tries to joke with the class 2 add humor. Likes ppl 2 participate. NE problems ask & he will help. Do reviews homework & take notes ull b fine. Easy way to make an A. Qt in a hat oh ask him to wear a skirt lol LB is the best!
5779,244,3.0,0.52,0.0937170750798293,0.09515483223792265,0.04948051276371978,"Overall a good teacher. She is pretty boring though, although she throws out a joke every now and again. Her grading is fair and the tests are too bad."
10150,718,5.0,0.64,0.074537225927086,0.07632937880695823,0.04885080243645327,"Oh my, I only have good things to say about her class. I was dreading comp II, but she made is soooo enjoyable...TAKE HER!! I have always HATED writing and all that kind of stuff, but she made is relatively fun for me! AND I got a good grade!"
1737,1262,4.0,0.76,0.0637946667490705,0.0641250573463145,0.04873504358319902,"Tarkow is a great guy. Some of his jokes get a little old after a while, especially his comparisons to Wal-Mart and MU sports teams. Eager to help and enjoys what he does."
12058,840,5.0,0.59,0.0807278312579503,0.0818676733170023,0.048301927257031356,"I took her just for an arthumanities and since I like to write, I thought this was perfect. In this class we all sat in a circle, had group discussions, critiqued each other, and she gave awesome feedback. It\'s very open and laid back; plus she\'s hilarious and sweet."
12020,1146,5.0,0.75,0.0636134929504394,0.06405406804795305,0.04804055103596479,Dr. Mirabella is the best! She is a totally awesome person and really sweet! Not to mention funny! She is a really excellent teacher!
6711,755,5.0,0.75,0.0631324443426469,0.06339975650309695,0.047549817377322716,"Dr. Schbig was awesome in the fact that he was incredibly easy. Made an ""A"" no problem. He will put you to sleep while talking, and has a dry, old since of humor, but its funny. Not a bad teacher for Biology. Would recommend because he\'s incredibly easy!"
8968,1072,1.5,0.68,0.0685236356407391,0.06882830809734616,0.046803249506195396,"I generally love all my teachers because I check them on here. This teacher, however, was extremely inappropriate. He made jokes about handicapped kids the first day. He spent at least two months looking at uncovered people, mostly women and even admitted to going to an adult site for some of his material. Won\'t take again."
5675,344,4.0,0.64,0.0719128720675224,0.07257578242261567,0.04644850075047403,Dr.Shingle was a great person. Sometimes her lectures were really boring and I\'m a science major but not that bad. She tells really good stories and is corny in a funny way! She is great to talk to and really smart.
8981,1072,5.0,0.65,0.0706460667396397,0.07107992838283175,0.04620195344884064,Dr. Wolf is hilarious! YOU HAVE TO TAKE HIM (unless you are easily offended). He says anything and does anything! He makes you keep a journal but besides that haven\'t done any literature lol. We\'ve read ONE story so far.
10139,718,4.5,0.52,0.084835787916274,0.08565296022176946,0.04453953931532012,I loved this class. She is my favorite teacher ever. I am taking her next semester as well. She is always open for help and gives us more time if we need it. She is a little silly but that is what keeps us laughing. It is my favorite class to go to! :)
12021,1146,5.0,0.65,0.0662267735982755,0.06688541648236178,0.04347552071353516,She is the absolute best teacher ever! I love her! She\'s really funny to! You\'re the best Dr. Mirabella!!!!
14631,1352,4.0,0.68,0.0611447454184991,0.0622754108314631,0.04234727936539491,wayy cool. Funny if you actually listen to what he has to say. actually knows what hes talking about. easy A if you attend class. just sit in the front so you can hear him. I recommend
19425,600,5.0,0.75,0.055227743880513,0.056329115978822966,0.04224683698411723,"Great teacher. Lots of fun. Also, very hot!"
16554,1179,3.0,0.51,0.0790441811507087,0.08175737053438634,0.04169625897253703,"Dr. Brown is BRILLIANT! In fact, he\'s so brilliant I couldn\'t understand a word he said. He is VERY nice and tries hard to help. I don\'t think he understands that most aren\'t on his level. BE RESPECTFUL and by all means, if you\'re using Hurleys 9th Ed, go the extra mile and purchase Hurleys 4th ed. solutions manual. He is SOOO funny! Have fun!"
3685,630,5.0,0.71,0.0577587977930183,0.05814234947038141,0.041281068123970796,Pretty cool. Keeps things to the point mostly. Wanders around a bit but that\'s ok. Funny. Doesn\'t take himself too serious.
1200,1031,4.0,0.69,0.0587011403482197,0.05930255521862223,0.04091876310084934,"Can be dry at times, but a nice guy overall. ""Wizard of Whitmore."" Can be funny. Great attitude. Knows what he\'s doing and teaches very well."
8912,1305,4.0,0.62,0.0649646619253074,0.06567684467544575,0.04071964369877637,you read you\'re ok. he doesnt lecture to much...but it\'s still fun.
17504,736,5.0,0.88,0.0457318901681046,0.0461894945387327,0.040646755194084776,"I love Professor Yager! He\'s so funny, and I learned so much Spanish in one semester. You just have to try hard, because he only ever speaks Spanish even at the 100 level."
8692,145,2.5,0.52,0.0771292782426541,0.07794878526971644,0.04053336834025255,"i had rose for the second semester in a row. last semester i did alright, but i found his presentations recycled for this class which was helpful. he was always around for extra help and he wrote RIGHT back for emails. seriously. reading and homework is extensive, but you only meet once a week. very useful. kind and funny! take him if you can :)"
13497,914,5.0,0.71,0.0549847897619065,0.05541411105748514,0.03934401885081445,"There is something kind of tough about his physical appearance. My friend once said, ""that guy eats glass for breakfast."" I don\'t think it\'s true, but at least it\'s funny. I liked his intro to Greek class. He\'s unbelievably patient with beginners!"
19429,600,4.5,0.71,0.0547530601315693,0.055360734014049715,0.039306121149975295,"one of the best prof\'s at psu beaver. maybe disorganized, but admittedlet so and she isn\'t afraid to laugh at herself. funny, smart, and hot for her age."
17050,442,3.5,0.53,0.0729645790088878,0.07379457976246108,0.039111127274104374,You have to have interest in the subject with Jerry. If you don\'t do your work he will get on your case. If you do what you have to do you\'ll be fine. Also a funny guy and loves if you show a passion for your work.
12650,146,3.5,0.64,0.0036803914331737,0.06076563387019904,0.03889000567692739,I can\'t believe he does not have a hot pepper cuz this instructor is hot stuff. He can teach too. Fun class and funny guy.
7720,108,4.5,0.71,0.0539969603427753,0.054572492546604845,0.03874646970808944,"This guy\'s passion for Shakespeare only furthered my own. He\'s completely fascinated by his subject and teaches with a passion. Totally nice guy, tries to do some hands-on stuff which usually turns out funny :) HIGHLY recommended!!!"
2253,1105,2.5,0.81,0.0464341846375842,0.046659868618863,0.03779449358127904,"I don\'t doubt for a minute most of those posts about his great sense of humor and how a good professor he is, were posted by the same Bender. He uses the projector to show old sheets he probably has been using for the last 20 years. SOM should pride to have a real good professor for this Core class. His jokes were probably funny 20 years ago."
8859,20,4.5,0.66,0.056308012046212,0.05679098650877619,0.037482051095792286,"he was very nice, and definitely helpful, and his sense of humour really grows on you...he was overbearing during the male reproductive unit, but otherwise pretty good...his exams are brutal though"
12758,182,5.0,0.8,0.0465164051376829,0.046792070495218364,0.03743365639617469,I LOVE CAROL! she made me laugh. she tells you exactly what she wants from yuo in papers and that\'s really all she wants! she\'s very straight forward about grading!
1774,553,1.0,0.79,0.0470330084744317,0.04727129860015726,0.03734432589412424,I can not believe this man is still teaching. He is a joke. Don\'t ever ask him a question because he\'ll barely give you an answer and then make you feel like a complete idiot. They need to get him out of there.
18797,556,2.0,0.7,0.052985037278351,0.05329438976954731,0.03730607283868312,"One of those professors who will either love or despise you. If he loves you (i.e. if you tolerate his odd mannerisms + laugh at his jokes to feed his ego) you coast. If not he will ""jokingly"" single you out in class and start arguments with you that end with you looking like a fool. Considers himself brilliant + constantly references his own work."
19353,1093,3.5,0.68,0.0540699266854502,0.05454369840244505,0.037089714913662634,Love this class. All you have to do is show up and listen. the exams are super easy if you come to class. Hes a really funny guy with a unique sense of humor. One of a kind at URI
5336,430,5.0,0.83,0.0429666804326998,0.04324852143644194,0.03589627279224681,"she is a very sweet and kind woman. You can tell that she loves her job, and she makes little jokes at times that are funny but not laugh out loud its 8:00 in the morning i have a hangover funny. But i loved the class and loved the teacher!!!!"
5380,1187,1.0,0.78,0.0449496303714876,0.045818712752629706,0.03573859594705117,"are you kidding me, this guy is a prick. he busted me for plagiarism, after i asked him to look over my paper. his class is so boring and a lot of notes. this guys sucks, these people dont know what they are talking about."
4305,1069,5.0,0.75,0.0455529175945824,0.04606862826067161,0.03455147119550371,"He\'s a very nice man. And he always helps you on your tests. He tries to tell funny stories, but sexual ones make him blush. He\'s one of those cool grandpa types."
92,769,2.5,0.64,0.0521660753246067,0.0532128086715865,0.03405619754981536,Very tough...not funny. But I learned Alot! Overall not bad.
12186,1328,1.0,0.57,0.0012672450339214,0.0597124140580031,0.034036076013061765,Hasn\'t mastered basice grammar and spelling herself. Unbelievable that she was hired. Unfair grading and very defensive personality. Avoid this professor.
18215,711,3.5,0.78,0.0428017925659815,0.04309992897335149,0.03361794459921417,"Kathy is awesome. She\'s funny in a dorky way. She makes sure you get it. I learned so much from this class. If you are interested in photography, I highly recommend her!"
10240,741,5.0,0.61,0.0352179133741303,0.05508507865203205,0.03360189797773955,"He\'s a Silver Fox with a side of Awesome Sauce! He has a gazillion lines of Shakespeare memorized so every class starts with a performance, sometimes with props and costumes. Really cool and really fun. And you\'ll learn tons. Just don\'t let him catch you staring at his eyes or his hair or his everything. You\'ll blush and it will be awkward."
14576,1373,2.0,0.6,0.0026666822480537,0.05534466471596065,0.03320679882957639,His lectures put me to sleep. He needs to be a little bit more exciting ...
14856,296,5.0,0.67,0.0483412375222488,0.04927104448287957,0.033011599803529315,Alsop is the g.o.d. of bio at queens. he is very fair and a lot of fun to work with. i wish every professor had the enthusiasm of this guy.
5553,180,5.0,0.71,0.0459799212740066,0.04638637745661767,0.03293432799419854,"Awesomely easy to understand, she\'s good at making you understand. She says things to grab your attention. She\'s funny, and easy to work with! I would recommend her to anyone!! She my favorite so far.."
8343,1277,4.5,0.51,0.0636935451898013,0.06442848824456279,0.03285852900472702,Helpful helpful helpful! This is the guy you want if you are fearing math. I was dreading math but Hu tells you on Day 1 that he has study sessions. Saved my tail! It doesn\'t mean he\'s easy. It\'s college math: it\'s not supposed to be. But in the study sessions he works 1on1 with you til you get it. And he\'s very funny too! He makes class enjoyable.
5937,61,1.0,0.57,0.0026687065385759,0.05718210335372578,0.03259379891162369,"wow... i do not recomend this class with this professor. i speant half my time trying to figure out what hes saying, and the other half screaming at him. no words can explain this class."
8382,1014,4.0,0.5,0.0634158528986142,0.06441503967886092,0.03220751983943046,Not a bad choice for EC 110. He has dry humor. I made an A- in his class and studied a day or two before the test. I\'m not very smart either.
18090,618,5.0,0.59,0.0509045918924384,0.05445121334092959,0.03212621587114846,"He was recommended to me by my friends. They were right. A very interesting class and teacher. Many interesting and funny stories. A nice guy, but you have to study. One of the best."
1001,259,5.0,0.91,0.034077631162589,0.03502421517422961,0.03187203580854894,"I thought he was weird at first, but i grew to love his weirdness. I love his sarcasm. I only pay attention to catch the few sarcastic jokes he throws out. Good guy. Teaches clearly. He also makes funny faces without noticing. He\'s super interesting haha"
10133,718,5.0,0.85,0.0369013311217936,0.03706198856571582,0.03150269028085845,Easy. Funny. Getting ready to retire so really lenient on things. Great class.
3040,761,1.0,0.64,0.048157693831032,0.048553552998375216,0.03107427391896014,Dr Hardy is extremely rude. He will laugh in your face about questions you ask. At one point he told me he wasnt talking to me anymore. Also he is not willing to work with you when you have a issue. Our online system calculates grades wrong I received a D but if you calculate it it adds up to a B he still wouldn\'t fix it. Saying it wasn\'t his issue
19116,475,4.5,0.93,0.0332556071592475,0.03337625034228708,0.031039912818326982,"I like her! She DOES talk very, very fast lol. But she is entertaining and doesn\'t out me to sleep! Very smart, smart woman. Funny too, some of the stuff she says is so off the wall and out of nowhere when she does to make a point but it\'s like ""Lol, that was funny."""
3411,1016,1.5,0.62,0.049381525252038,0.05005197530936113,0.031032224691803903,"Picks favorites, biased, made creepy jokes around me when I was alone with him(I\'m a girl), uses the same slides for lectures over & over. I didn\'t like him at all."
1677,701,4.5,0.6,0.0508673612053211,0.05113083329010145,0.030678499974060868,"Great teacher but makes no apologies for anything that comes out of her mouth.If you are offended easily don\'t take her class. I would also not piss her off. Even though she is one that you can joke with, take her seriously when she begins to warn you. The whole class will feel her rath if angered."
7929,267,5.0,0.6,0.0494287541394604,0.050051515590476506,0.0300309093542859,"The best English teacher at NACC. Dr. Huntley is funny, intelligent, thorough, and interesting. If you hate English like me, take her; you\'ll learn, but you\'ll have fun doing it. Also, wear Alabama colors. ;)"
11243,815,1.0,0.63,0.0205293853411599,0.04699274010694883,0.029605426267377763,OMG! Hard 2 understand. He seems knowledgeable;just kind of unreasonable as a teacher. I would not take another class with this joker ever again. Terrible overall.
12661,390,1.0,0.62,0.0019516471957473,0.04716813038990556,0.02924424084174145,Absolutely Aweful!!! Uncooperative and unwilling to help students! Set in her ways and overdue for retirement!
4690,321,2.0,0.54,0.0527884094331032,0.05383909961762464,0.02907311379351731,"At first, the class seems great: humorous, discussion-based. But entertainment can only disguise the lack of content for so long. His arrogance and sarcasm cross the line from enjoyable to inappropriate. Instructions are oftentimes long and confusing. If you want to actually learn, don\'t take Harding. Overall, an extremely frustrating experience."
5418,851,3.5,0.65,0.0441630716092119,0.04469618785828411,0.02905252210788467,He is alright but he makes way to many stupid jokes. He should spend more time teaching.
19885,1028,5.0,0.69,0.0415679147380507,0.04188578589924872,0.028901192270481615,"Welp, I had this guy for tutor and surprisingly the words ""Never judge a book by its cover"" comes to mind. Although the tattoos and and mean face may deter you from talking to him, he is actually one of the rare individuals who will talk to students as equals and also JOKES around. Took him in Mr Li\'s, and Peter if you\'re reading this. HOLD IT, PJ"
6688,160,4.0,0.51,0.0539373119218282,0.056050491944813485,0.028585750891854878,"I loved this teacher! The material is hard, but he\'ll explain it 10 times if needed. Regular attendance is vital as tests comes from lectures. He\'s quirky & fun. Take him for lab as well. Textbook not needed but very helpful. On a side note, he looks, talks & acts just like a young Matthew Broderick (watch the movie ""Godzilla"" and you\'ll see)"
17317,1120,4.0,0.51,0.0554098131711007,0.05602223732763379,0.028571341037093235,"Professor Stecker is probably the cutest and sweetest professor at CMU. He always cracks jokes and though you can\'t read his handwriting, he tries his best. He assigns readings, but usually hands out kind of confusing notes that go along with the readings. The quizzes & essays are directly from the notes he gives you. Overall a great guy!!"
11085,46,3.5,0.5,0.0557334857946227,0.05678102801790527,0.028390514008952636,"Take econ before you take this class, but it\'s really not that hard even if you didn\'t. She\'s great as a person, very fun. DO THE READINGS. It\'s a bit much, the SPERO+HART is useless. Wild swing in marking."
18415,908,4.5,0.51,0.0009692466111207,0.055580046471509444,0.028345823700469817,He made us think about multiple futures. He made everyone give 2 mini lectures in the semester. I still can\'t believe he connected microscopes to time machines to multiple infinities and didn\'t lose me. Hardest class ever. Best class ever. Wish I could take him every semester.
1942,1108,5.0,0.61,0.0446536846232628,0.04579417872607452,0.027934449022905455,"Great professor: everyone complains that he makes you sing and dance if you\'re late, just don\'t be late. He definitely broke me out of my shell and made public speaking easier on me. TAKE CHRISTIE! He knows what he\'s doing and does it so it\'s fun!"
16107,1361,5.0,0.52,0.0526460796482869,0.05357507788551658,0.027859040500468623,STUDY!!!! STUDY!!!! STUDY!!!!! She expects you to know EVERYTHING!!!!!!!! Mrs. Maleki is GREAT!!!! I would 100 % take her over again if she taught another class. She makes you learn and understand. She\'s funny and down to earth. She\'ll write you up even if she likes you. She treats everyone the SAME when grading and while in clinical. 100% GREAT !
10353,931,5.0,0.88,0.0313063171320541,0.03150598910777853,0.027725270414845102,Great teacher! Very funny and will answer any question you have without hesitation. Highly Recommended! A++
4012,466,2.0,0.77,0.0352634986809225,0.03573113821362266,0.027512976424489445,"Hold on tight kids, get ready to be bored out of your minds. While your at it, get ready to be tested on material that isin\'t covered. Pay close attention to her facial expressions, because she\'ll look at you like your doing something wrong. She\'s so paranoid about cheating it\'s actually funny. She is difficult to understand and hard to hear. DONT."
14036,1387,5.0,0.56,0.0478707494237255,0.04877242707453366,0.02731255916173885,"Great teacher! She may seem a little intimidating at first, but she is fun and laid back. I was deathly terrified of oral presentations, but she made it fun. If you are afraid of public speaking, take this teacher. You won\'t regret it. Oh and rumors are true she does let you out early."
9730,548,3.5,0.61,0.0439334983160529,0.04457999201351964,0.027193795128246982,"Pretty good teacher, in the truest sense of the word. Not very nice when you ask questions, however most of his meanness is said jokingly. He is very clear in what he wants. His tests are pretty hard."
12804,139,4.5,0.51,0.0024982332811316,0.0532237391556792,0.02714410696939639,"The reading assignments are sometimes boring, but Professor Fitz always explains and is extremely nice and helpful. He is very cute when he\'s reading to us, because he gets very excited and into the story."
6463,299,1.5,0.82,0.0325837257936429,0.03299450298872186,0.027055492450751926,"Her assignments were lame and she barely held our interest. Also, she got highly frustrated if any of us tried to enjoy being in studio for eight hours. The sled project was tons of fun, but she just threw it at us without any introduction to woodworking and expected us to make fine quality sleds."
15017,849,5.0,0.78,0.0265746303164052,0.034646951402838834,0.02702462209421429,"Very enthusiastic, brilliant (ask him about his NASA project someday), sense of humor, challenges you with the material but willing to talk it through"
18367,382,1.0,0.64,0.0392404831208315,0.040438387063588314,0.025880567720696523,"The worst french teacher ever. My wife, who is a native french national laughed everyday.... Because I was literally being tought.... nothing! I learned more at home. I paid for this class?....Aviod this one guys. Don\'t let the other posts fool you. Its confusing and ridiculous. Not easy either."
1882,820,1.0,0.8,0.0308007134612484,0.03172540600261272,0.025380324802090178,The professor did not explain the materials properly. Her quizzes were based on a book full of errors and she did not assist anyone in finding the answers. How she can teach at this school and take me money is ludicrous.
1454,762,1.0,0.55,0.0451369385482067,0.0459070644150656,0.02524888542828608,I was a first time freshman in college taking Ms. Griffin and she was okay to start off but over time she became very annoying and rude. She was out spoken and spoke to me like i was a child most of the time. She steps out of her place a lot jokingly or not. I wouldnt recommend to anyone
18811,1278,5.0,0.69,0.0246646709678116,0.035845088933437186,0.024733111364071657,Very good lecture class. makes history very interesting. throws in a few jokes.
15865,322,4.5,0.85,0.0288378041256533,0.029069850882997038,0.024709373250547482,"He\'s a really good guy who\'s very intelligent. Yeah, he talks like Arnold a bit but it\'s funny. The people who commented bad stuff about him are probably idiots who don\'t know how to pay attention for more than 5 minutes. Really good guy, not a hard class."
16460,969,4.5,0.64,0.0379302842445589,0.038329422366043114,0.024530830314267595,"Norm was by far the best Acting coach I had. He allowed the actor to find their own technique with the tools he supplied. He allowed discovery, and kept acting fun. That is why we do it, he was one of the few to ""Those who can\'t do, teach"" does"
3333,1234,5.0,0.69,0.0338859773564785,0.034833559758100166,0.024035156233089112,"I had Sue for Language, Thought and Culture. It was at 9:30 in the morning and her great energy made it a lot of fun! The class literally changed the way I view the world, and culture\'s role in absolutely everything. It also was why I decided to go abroad."
17503,736,5.0,0.5,0.0039803635611315,0.04781472805945314,0.02390736402972657,Amazing. a blast of a class. take everything with him
15000,106,2.0,0.73,0.031910575784691,0.03243263854097298,0.023675826134910274,"She\'s a tolerable enough woman but as a big fan of art, she bored even me to tears. You have to show up but if you bring a laptop, you can entertain yourself on Facebook the entire time. She\'ll let you use notecards and make sure you do the chapter quizzes and you\'ll be fine. BRING SOMETHING TO DO -- It\'s unspeakably boring."
7734,108,5.0,0.52,0.0013582283656645,0.04532736137607854,0.02357022791556084,"He is one of the best English teachers I have ever had. I never thought that I would get Shakespeare, but he made it possible."
19484,489,2.0,0.55,0.0090206245794813,0.042192696143191835,0.023205982878755513,"Nice guy, but I took an astronomy course for Arts students... Expected us to know all these complicated physics related things. I suppose it would have been fine, but I was more interested in looking at stars than learning the equations for the doppler effect and stuff."
10233,741,5.0,0.73,0.0302533584936683,0.03163268419649641,0.023091859463442378,"Dr. Rahimzadeh is intimidating at first and yes, he\'s arrogant. But he has every right to be. He has such a strong grasp of early English literature and his lectures immediately pull you in. Brilliant and passionate and very funny. After a few weeks you realize he\'s so sweet too. And his clothes are cuter than anybody else\'s in class. A plus."
3796,563,5.0,0.72,0.0302406712751887,0.030551571638325496,0.021997131579594355,"She teases, but it\'s only teasing, and she does it to everyone. And she really knows piano backwards and forwards, and will help you out in a minute. Her grading is also very fair- just practice, you\'ll be okay. :)"
4972,384,3.5,0.54,0.0386028189788696,0.040412722287388174,0.021822870035189616,"Erin is a sweet girl, the stupid outlines she makes us do is rediculous. That is where she takes most of her grades from. This class should not b as hard as it is. At first it was fun. We played some games. Her quizes r horrible. Shes not a quick responder via emails. She does care alot about ur grade and will try to help you. Dont get ur hopes up."
9562,782,1.5,0.6,0.0008304364332951,0.035986975487860916,0.02159218529271655,"Wow. Where to begin? Leon rambles, endlessly. When he does speak directly on a piece of poetry, its a miracle if he has something important or poignant to say. He\'s rude, an ass, and in no way at all helpful. He\'s also too self-assured to ever be wrong, so do not disagree with him or your grade will be affected. One of my worst Professors, ever."
12802,139,5.0,0.61,0.0014416769900572,0.035127168422071677,0.02142757273746372,"Took 2 years of classes with Fitz. He is wonderful, exciting, and has a sexy head of hair!!!"
6791,347,5.0,0.62,0.0335501351437813,0.03429497576658926,0.02126288497528534,The class isn\'t the most interesting but D is great! He\'s really funny and nice and loves what he\'s doing. Expect a lot of reading. Participation in class and attendance is key. He just wants you to have an opinion and think/talk about what we\'re discussing.
19649,665,3.5,0.6,0.0011241207688088,0.035356151832367254,0.02121369109942035,"Nice guy, loves weather... gets very excited about it. not a bad teacher at all."
18882,839,3.0,0.67,0.0011211298328828,0.0309096934079824,0.02070949458334821,"I\'m surprised to see that people had a positive experience with Dr. Fressola. She is disrespectful and condescending towards students. As someone whose original background is in teaching, her behavior is appalling. My dislike for her and her contempt for us did, however, motivate me to refuse to ever fail her exam. I passed out of spite :)"
13291,743,5.0,0.65,0.0292145055884549,0.03122342857578428,0.02029522857425978,"I took zumba with her...now like 3 times. It is my favorite class ever!!! I haven\'t taken many other zumba instructors but as far as i know, she is one of the best. Super energetic, always fun, puts you in a good mood, and makes you sweat like CRAZY!!! You get a tough but super fun workout each time. Take it! you don\'t have to know how to move/danc"
18528,1081,5.0,0.88,0.022430600359381,0.02285517884797437,0.020112557386217447,"GREAT teacher. Really fun, nice guy, has a great sense of humor, and everything is very easy."
9886,483,5.0,0.88,0.0226023822430579,0.022740205575194593,0.02001138090617124,"Excellent teacher. Had him for Enviorn. Ethics. Very logical mind. Dry, yet funny sense of humor"
12757,182,1.0,0.5,0.0038566634547553,0.039842457864401465,0.019921228932200732,"tough on papers, avoided ""difficult"" discussions (sex, etc. ALL the interesting stuff) b/c she was afraid of the awesome, exciting stuff we oculd have said. awful for women\'s studies, other subjects i hear she\'s better."
16739,1152,5.0,0.73,0.0267961679600281,0.027216898710905275,0.01986833605896085,Vancleave is the man. I took him for a summer class and he is very fun. He knows what\'s going on in the world and you have a chance for just random talks. Take him if you can but be sure to read the stories. You will discuss them each day in class and he will give you a grade on participation.
11576,26,1.0,0.56,0.003410435130796,0.034820234916726915,0.019499331553367073,She was so nasty to students and embarassed everyone whenever she got the chance. Terrable teacher. Why did she become one if she hates students????
3641,889,3.0,0.54,0.0036558836864347,0.03577125336897982,0.019316476819249105,"Great guy, kinda awkward, and really hard. He is way too smart to be teaching an intro class. He cannot connect with normal people."
19310,1370,1.0,0.53,0.034569541740026,0.03532357942784919,0.01872149709676007,He\'s a nice and funny guy. But he is so unprepared and doesn\'t know how to use Sakai or a computer for that matter. Never responds to student emails. Never know when the exams or quizzes are going to be. He lectures about personal life 90% of time. Makes an easy A course hard to pass. Don\'t take.
19960,1186,4.5,0.54,0.001237758199419,0.033767792237579766,0.018234607808293075,"I love this woman! She is so cute!I was very surprised. Don\'t be fooled on the first day when she acts tough and says that she is not your friend... she is one of the sweetest, funniest teachers that I have ever had. She makes class very interesting and tells hilarious stories about her personal experiences."
6502,918,5.0,0.74,0.0237774941552425,0.024112756692140715,0.01784343995218413,"Great guy! Very disorganized at times, but his humor tries to make up for it. Gives GREAT study reviews for exams. Highly recommended."
7149,1339,5.0,0.9,0.0195638101255768,0.019701537841487128,0.017731384057338415,love this teacher. he is so awesome and very very very helpful. I know he\'s reading this right now. I know you are because this is his cp\'s homepage!! hahahaha..
9612,801,4.5,0.55,0.0317174094017777,0.03222826194476142,0.017725544069618786,"I had her at ACC. Really nice. Fun. Class is mandatory (3 abs. allowed), but she\'s understanding if you need more. She won\'t GIVE you an A, but it\'s not hard to get one. I never bought the book, I just looked up the stories online. Definitely recommend her. It\'s 5 essays, a final essay, and some easy journal assignments. Take her if you can!"
2758,284,2.5,0.6,0.0262896608606893,0.02940753630748587,0.017644521784491524,"If you can get to him on a good day he can be kind and helpful, but on a bad day he is rather condescending and makes you feel like a complete idiot. He makes really weird and boarding on inappropriate jokes. His tests are really tough and there is never enough time for examples in class. He is also a very slow grader when it comes to lab reports."
7233,1126,1.0,0.77,0.0072495971503355,0.0228428084418507,0.01758896250022504,"She goes off topic a LOT. One time in class, we were discussing about literature, and then all of a sudden we were talking about Cinderella!!"
10895,329,2.0,0.6,0.0064634384077266,0.028263040906372033,0.01695782454382322,"he is crazy. absolutely crazy. i can understand his french better than his english. He is a distinguished prof emeritus, but to most of us he was crazy. However, the course was DAMN easy (the final was just 100 mulitple choice, we were given 80 in clas"
17631,552,5.0,0.52,0.0026955474579106,0.03238520164337717,0.01684030485455613,"Very nice guy..very good teacher. He is enthusiastic. He is not in it to ""trick"" you. Very helpful, and knowledgable."
7414,926,5.0,0.65,0.0228198587741797,0.025573673297655242,0.016622887643475907,"Hi Katz n Kittens! Mz. Serra is the BEST teacher period! If other professors followed her exemplary way of teaching more students would LOVE learning. But, alas, Mz. Serra is a cow! No really! She is a cow and oh so totally hot at the same time!! Mz. Serra however is NOT an easy A. She is a FUN A !"
617,486,5.0,0.85,0.0016967847345394,0.019427110368825315,0.016513043813501518,"AMAZING! take him for 415, he knows what he is doing. GPA booster"
19361,1093,1.0,0.51,0.0029306139251628,0.03228299591475234,0.01646432791652369,Awful. So ashamed I attend a university that allows this man to teach and waste salary on. His schtick is being wacky and telling stories but this is ridiculous to be listening to in a classroom setting. Avoid at all costs.
11410,476,1.0,0.57,0.0018100980330824,0.02886763453835029,0.016454551686859664,"This man is unbelievable. I study hard and always do well, except with this teacher. He is not nice and tests are knockout hard. I can\'t stand to even think I took this man, after all the warnings about how terrible he is. The rumors-- ALL true"
14984,1150,4.0,0.59,0.0257217066213683,0.027192139890651366,0.016043362535484305,"Professor Pyle is awesome. He\'s really relaxed in the classroom and tries to get people involved with his discussions. He\'s also willing to laugh at himself, and he realizes that people a long time ago forgot how to do that. But he still does. he\'s awesome!"
8478,1287,1.0,0.5,0.0008584538111671,0.03196948860016728,0.01598474430008364,How did he become a Doctor? His classes were lower school level.
18199,357,4.5,0.64,0.0242511805711319,0.024817255920312656,0.0158830437890001,"Ichy was a great prof. I still remember day one of COMA123. A solid educator and a good guy. Heh. ""housekeeping."" That word just popped back into my head. (Maybe we can raise $20 million and send him up to the space station so he can see that the earth is round.)"
19556,529,4.5,0.56,0.0021536044756399,0.027953272222067296,0.01565383244435769,"Definitely a great professor. I\'d graduated 10 years ago and still remember Mr. James Muckell as one of the best people I\'ve ever met. He made everyone feel as their family, in fact he was like a dad to me. Those who try to tarnish his name should be ashamed. I\'ll pray for you guys."
19329,281,4.0,0.67,0.02224197702984,0.02296150966860131,0.01538421147796288,"Coop is an ass, but he knows it. I think he\'s just decided to run with it. Feel free to make fun of him he seems to enjoy it! The class isn\'t bad but you need to do some thinking on your own."
15796,431,1.5,0.71,0.0017196920300343,0.021355083908272943,0.01516210957487379,Boring monotonous lecturer. He could have made the material so much more exciting. He always talked up the guest speakers to the point where it sounded fake. too much reading! but midterms aren\'t hard.
5412,851,3.5,0.57,0.0245119875946978,0.02611853232224696,0.014887563423680767,"Yes this guy is old & has bad jokes. But his test are open book, how bad can it be. Material is somewhat interesting. Just hang in there, he\'s not as bad as you think."
9167,778,4.0,0.5,0.028788366917172,0.029230335745658014,0.014615167872829007,"She is a very good teacher. Easy, if you do the work. She isn\'t harsh on grading and responds to emails quickly. Don\'t take her super early in the morning; her voice will put you to sleep. Her attempts at being funny are appreciated."
3328,328,3.0,0.67,0.0008007525406221,0.021613055682162575,0.014480747307048927,Easy to understand but....could anyone be more cocky?
7903,925,5.0,0.7,0.0059827195638131,0.02047692928499095,0.014333850499493664,"Really nice, prob the nicest prof. I\'ve ever had and really informative. If he still shows the movie about the noodle, watch out because you\'ll have a ton of fun watching it and be quite surprised!. I def. reccommend him!"
13474,1075,5.0,0.84,0.0137949144632581,0.0168443123707959,0.014149222391468557,"Ask for what you need and you shall receive. Need clarification? Want to know what the point is? Want diagrams of how all of Kant\'s philosophy fits together? You got it. Yes, Reg is famous for his tangents. But they\'ll be interesting, funny, and thought provoking. I highly recommend going to office hours, even if you just need someone to talk to."
11125,41,2.0,0.69,0.0006111959440861,0.020453268956633158,0.014112755580076878,"He is rude. When you talk to him, he turns your back towards you and starts talking to somebody else. On the final exam, he changed the order of the questions but forgot to change the order of the answers. In addition, the scanner missed some answers. We were shocked when we received the results but he would not believe us that something went wrong"
11004,907,4.0,0.59,0.0026534960241361,0.023862218335523475,0.014078708817958849,"First day I was in class with Mike he had sooo much energy; I felt like I was in the army(he wasn\'t mean, just excited). After that day he calmed down, though. Mike is a very enthuastic instructor who loves what he does and helps his students a lot(especially in preparing for labs and exams). Just keep him away from sugar ;) ! I enjoyed his class!"
12109,1141,2.5,0.53,0.0010554357218979,0.026241944625288807,0.013908230651403067,GPA Terminator!!!!! want to find out what that means? sign up for his class
13648,615,3.0,0.8,0.016621939139623,0.01728935589694918,0.013831484717559345,"Very confusing at times. I would have no idea what he was talking about. He likes to jump around a lot. Tends to ""forget"" things a lot. Stuff like ""oh yeah you need to know this to do this problem but i forgot to teach it to you."" Is a very interesting person though and has some funny stories."
15803,431,4.5,0.8,0.000715381938636,0.01723612138334858,0.013788897106678863,"No joke, I developed a crush on him because he was so passionate about his work, his students and the environment. AWESOME GUY! Wow. I actually miss attending his lectures..."
13104,283,4.0,0.67,0.0004446327876964,0.02038520974732675,0.013658090530708924,Buddy likes his flow charts. How\'s those working for you at the LC there Dave?
5227,412,1.5,0.7,0.0067131843477195,0.01943112832787759,0.013601789829514311,"I dropped this class. Dr. Ream is super nice and kinda a cute old man. He tries to make jokes but doesn\'t laugh at them so it just becomes awkward. Anyway, he is very hard to follow. Im bad at math as it is but I just could not go on in this class. His lectures are all over the place. Some classmates seemed to follow but I just did not."
18903,636,1.5,0.53,0.0011357545106761,0.02553026302497436,0.013531039403236411,"omg. what can i say? horrible teacher. its bad enough that he doesn\'t know how to teach, but when he does teach... he\'s WRONG. also, what he calls ""cutting edge"", ""new"", and ""revolutionary"" has been around for um.. years. good job jkeating! keep wasting our precious money. *sigh* I was looking forward to an e-commerce class."
19198,225,1.0,0.6,0.0218077068515206,0.022255841142634417,0.01335350468558065,"TAKE MY WORD FOR IT. DO NOT TAKE HER. She is such a rude person, doesn\'t care about her students, doesn\'t thoroughly teach. If you don\'t understand something, too bad. When you ask questions, she will either laugh OR not even acknowledge you. I learned by asking OTHER STUDENTS, not the arrogant professor! Please don\'t take her! PLEASE PLEASE PLEASE"
775,311,4.0,0.57,0.0221128757770232,0.023183523518098194,0.01321460840531597,Freaking love this guy- I think his F bomb record is 10 a class. Takes nothing seriously but really really knows his stuff. His goals are to make us laugh and help us view the world around us with a healthy dose of criticism/ humor. Probably one of my fave people on the planet!
7872,944,5.0,0.56,0.0229139497162171,0.023566140712641022,0.013197038799078974,Purely the only professor in NJCU who knows his Computer Science. I am not joking he is the best thing in that department. three tests which includes midterm and finals in the three tests. projects are really simple. wants work but because of him i got a job as a software engineer. I cant thank him enough for all his help to me. Never stop teaching
7398,1045,4.0,0.52,0.0234171145778047,0.025114800803398698,0.013059696417767323,"Jekyll and Hyde. One moment she is smiling, and the next she is anal. But is fair. DO your work, and keep quiet and you\'ll be fine."
6352,551,3.0,0.76,0.0016198838469925,0.016970452419604782,0.012897543838899635,"very nice guy, but also very awkward. seems almost too smart for his own good. for being big on public speaking and whatnot he\'s not too good with the whole social skills stuff himself. not too hard though, and can be fairly interesting at time."
11326,174,4.5,0.91,0.0136488568948145,0.013835630142766769,0.01259042342991776,"He comes across pretty strong at first. Scary, even. I thought that he would eat me alive if i ever asked a question. Not true, he is incredibly helpful and respects you for trying and actually asking for help. Great guy, great teacher. He is too funny."
18075,398,4.5,0.5,0.0232474484824455,0.02494855403543002,0.01247427701771501,She is an amazing teacher.....She brings alot of experience to her field and tells us how she dealt with alot of children....She is always smiling......
4532,1346,5.0,0.59,0.002098986552862,0.020925190181834058,0.012345862207282093,I\'m the 100th! Hands down to the best professor I\'ve ever had. Hope he\'s enjoying his retired life! I miss you Vinnie!
3834,236,5.0,0.65,0.0017818538433083,0.018977945487517432,0.012335664566886331,"WONDERFUL PROF! well, actually he\'s called coach, but who cares? the class is easy if you work on the music. and we get to go to New York and sing in Carnegie Hall too!"
60,155,4.5,0.6,0.0194616256302135,0.02050361493542699,0.012302168961256193,"He was my teacher for years. He knows alot about deaf culture, history and linguistics. I loved having him and it was a lot of fun. It was very educational for me. If it werent for him, then I wouldn\'t be able to know a lot of things because I am currente"
8482,1287,1.0,0.8,0.000867293811637,0.014833587917433269,0.011866870333946615,I did the same experiments in middle school. Wow! acid makes the rock sizzle--Ask him why and he doesn\'t know! It seems anyone these days can be a doctor. Tries to be a T. rex but is really a trilobite.
6332,1147,1.0,0.53,0.0216325022620817,0.02238141094485345,0.011862147800772329,Roy Nutter is the most unfair professer i have ever had. He takes off points on some tests and not on others. Avoid him if possible. When i went to him to talk about my test grade he laughed at me and made me even more angrier.
15688,679,5.0,0.89,0.0131115552473071,0.013284016899372557,0.011822775040441576,Fun. Educational. Caring. Hands on. goes the extra mile.
373,924,1.0,0.6,0.0006111993845087,0.019138483632428413,0.011483090179457048,"Bad attitude, bad professor. What else is there to say?"
12456,890,5.0,0.69,0.0096397261163049,0.01647924623680478,0.011370679903395298,Ha! Ha! The class is easy! He doesn\'t even talk to you every day. It doesn\'t matter who you take. But your heart rate does go by 6\'s! Show up and fill your log sheet!
6177,1337,2.0,0.54,0.0117162235049054,0.02075221570263053,0.011206196479420488,"I had to dance the nutcracker in front of the whole class. If I didn\'t she was going to take away points!! We had to take selfies with strangers in public! Basically we did a ton of stupid stuff that had no relation to psychology. She said we won\'t need a book, then test time comes and she says, ""Read your chapters!"" She never taught us anything."
2696,426,5.0,0.79,0.0041903772631699,0.013849058723523485,0.010940756391583553,"She\'s a good teacher. I know most of the stuff we are doing already, but she keeps it interesting."
1145,732,5.0,0.75,0.001637318637511,0.014417502042591974,0.010813126531943981,Brilliant lectures. Goes fast but keeps it interesting
152,1315,2.5,0.69,0.0135080221483299,0.01488472240922752,0.010270458462366988,"UGH! Ridiculous! Francese is a nece person and seems to have a good heart, but does have an attitude problem. Her class is very boring, it could be an interesting class but she makes it BORING!"
17612,657,5.0,0.6,0.0164598994045124,0.017071918515899998,0.01024315110954,he\'s really nice and has a dry sense of humor. he uses repetition and cares if you understad the material. and i think he\'s cute
4736,818,2.0,0.74,0.0005551567126937,0.013795187718040626,0.010208438911350063,I can\'t believe she\'s the head of the baking department! She is so far behind everyone else! No imagination! No energy! Does not challenge her students. Shows favorites. Take another instructor.
19044,1223,2.5,0.64,0.0079030360543326,0.015868774999529916,0.010156015999699146,"I took him for a summer course, and found out that the man is indeed crazy. Will reach into kiln and grab pieces without gloves. Steve is like an encyclopedia though, he knows more than what he can say."
3808,563,5.0,0.59,0.0163422386332653,0.01674886839734939,0.009881832354436139,"She is like my favorite teacher, and she can really play. She isn\'t to serious and she isn\'t afraid to laugh at us when we sound bad!!!"
3619,580,4.5,0.64,0.002210283801403,0.01537283946675803,0.00983861725872514,She reminds me of Chris Rock. Her crude humor will keep you on the edge of your seat wondering what she will say next? This class is everything you wanted your tenth grade health class to be like. Very easy B if you show up. You might not like her if you are easily offended or are uber sensative.
1558,708,4.5,0.51,0.0032282148266303,0.01910603157902909,0.009744076105304837,"ANTH of Outer Space is possibly the best class I\'ve had. Denning is an absolute delight! She is extremely quick-witted and can talk at length without putting everyone to sleep. Granted, I was very keenly interested in the content to start with. She\'s thought-provoking and funny. Her teaching style is casual but effective."
8761,619,5.0,0.54,0.0008357940088569,0.01771575585281276,0.009566508160518891,I love Dr. Constantino. He\'s the best professor. I laugh in his class but i also learn. Normally i can\'t wait for a class to be over. He always keeps you awake and alert. I can\'t believe he won professor of the year and ccc didn\'t hire him! Good choice.
13408,450,2.5,0.71,0.0127085252302542,0.013308735221668769,0.009449202007384826,"I really love this teachers enthusiasm, but the subject still bores me. Be ready for his long useless talking about nothing, but try to enjoy his sense of humor if you can. Study please, i wish i could fix my grade."
8752,619,5.0,0.52,0.0095403139129078,0.0179535101788791,0.009335825293017134,Absolutely hysterical. I was in stitches every morning. Incredibly intelligent - his mind is always working. Nothing gets past him! Where is he now??? Would love to take another class with him.
7185,686,4.5,0.55,0.00163320295418,0.016735193253922108,0.00920435628965716,"Holy crap- what are ya\'ll thinkin? I LOVE this woman. Her class was so frickin easy and she LOVES class discussions. Homework was minimal and he grades fairly easy. Oh man, if I was still at VSCC, i would take her in a heart-beat. AWESOME TEACHER."
9189,88,1.5,0.74,0.0115284290093334,0.012047288573399715,0.008914993544315788,"Our nickname for B.R. was ""The Corpse"" because he was about 98% dead. I think if he smiled his face would crack. The tests were the most awful, obsurd things I\'ve ever laid eyes on. Oh, and I\'ll pay someone five bucks to ask him what B.R. stands for."
6185,1337,5.0,0.69,0.0119942397541106,0.012881592925459094,0.008888299118566773,"Excellent teacher. Treats everyone fair. She doesn\'t have pets, and she seems to really enjoy teaching."
2047,304,2.5,0.87,0.0002867943190514,0.010211625836396988,0.00888411447766538,"She\'s picky about students.Apparently,she preferes girls than boys.I can not believe she inveited her favorite students to her home for dinner while she gives others sh*t."
1756,893,3.0,0.52,0.0004976585339254,0.01699096505819062,0.008835301830259122,"I\'m torn about this professor. There was a distinct rudeness from him at times that was very degrading and stand-offish. I want to maybe believe he is too intelligent to communicate with people of regular emotion? At times he was understanding, other times I felt his subtext was saying ""You are an idiot and I am more intelligent than you."""
8665,671,1.0,0.58,0.0139761083751251,0.015113397496925321,0.008765770548216685,Absolutely the worst teacher I have ever had. She makes you feel like a moron if you ask questions.
308,226,1.0,0.79,0.0108063063167096,0.011089341315931108,0.008760579639585576,"I usually don\'t listen to what people say on this thing... but what they say about him is right! Everytime I think about this ""teacher"" I get a weird headache and I feel depressed or angry I don\'t even now. No Joke. Try your best to switch out."
15642,646,5.0,0.56,0.001485142698766,0.01542257339759206,0.008636641102651554,REALLY smart guy! He\'s done this for a long time and it shows. All of his lectures are very clear and he explains everything perfectly. He gets really excited when we answer his questions and ask really intriguing questions. Awesome guy! Really helpful outside of class. Helps you find new ways to study efficiently. Sweet man who cares if you care!
16714,38,1.0,0.5,0.001972627216485,0.01726412867964556,0.00863206433982278,"Was pretty psyched to take a class on comics, and although the material was cool and interesting, the experience overall was destroyed by the prof\'s arrogance. He needs to turn down the bravado big time, and come down to earth with the rest of us--he is such a turn off OMG!"
3922,723,1.0,0.55,0.0014699616345731,0.015555733731746721,0.008555653552460697,Her lectures were incredibly specific and too advanced for an introductory class. She would wonder why no one was understand anything and the concepts were uninteresting in the way she presented them. She doesn\'t seem to care about the intro class at all. Is only in it for her own research.
18097,618,4.0,0.69,0.0096424486716608,0.011961175335864119,0.008253210981746242,"I loved Charelsworth. He is really funny and his topics are intresting, they are easy to follow if you pay attention. He had a few fun feild trips where we got to go and look at the sky and you could get extra credit just by watching a space video! I loved the class. Plus the book is really cheap because he made it, I think it was $15.00"
992,1358,5.0,0.6,0.0008916118939118,0.013303278251254175,0.007981966950752505,"I definitely agree- she\'s not the BEST teacher, but she is entertaining and the material is pretty intersting. Her appearcen/ clothing are great- but yea, what is going on with that couch blazer.... its looks like an old couch that she made into a jacket!!"
3404,1378,4.5,0.54,0.0137779466027012,0.014526900570325765,0.007844526307975913,"Brilliant, has a sense of humor, you get exactly what you put into it. Work hard and it\'ll be one of the best classes you\'ll take."
17245,370,1.5,0.77,0.0095876291332025,0.010154763527977034,0.007819167916542316,"Feth was the absolute worst professor I have ever come across at CSCC. She is boring, rude, and has a dry sense of humor. Don\'t bother asking questions because she refuses to answer anything. Her tests are insanely hard. Her notes rarely ever help with understanding the material. My advice is drop Feth instantly if you see her as your instructor."
791,1274,5.0,0.56,0.0019800094822645,0.01394306849466495,0.007808118357012373,"Unfelpful? Are you crazy??? Well, if u want to sit back and not to do a thing then yes, he won\'t help. Prof Boyle knows his subject very well, encourages u to write better than average undegrad. student and he does a good job helping u to get to that level. Only those who are lazy can say such a thing about their belly-button lint."
1878,820,1.0,0.69,0.0007576398666985,0.011202694864626486,0.007729859456592275,"Horrible professor, lazy and doesn\'t have a clue how to teach. Is this the best Devry can do. I wish i had of known about her before hand, then i would not never came to Devry."
6538,1033,3.5,0.72,0.0008164180917184,0.010088185300509504,0.007263493416366842,I am being very honest and speak with concern. He is showing symptoms of senility. He forgets things he has said 10-20 minutes ago. 30 kids show up and 25 leave within the first hour. Last week it was just me and 1 other dude in class left at the end of the lecture. I don\'t leave because I genuinely feel bad and surprised that he doesn\'t notice.
14417,532,2.5,0.56,0.0020636453689144,0.01277311273102897,0.007152943129376223,"what the heck was the point in me taking it?? He is boring, and the material was pointless."
18238,287,4.5,0.72,0.0021323644003645,0.00986714286579439,0.00710434286337196,"LOVED HIM. He rocks, so nice. He\'s kind of awkward but the best type of awkward. Saw him downtown Oly so that\'s cool. He is opinionated but doesn\'t force his ideas on you. I liked him."
4171,122,1.5,0.79,0.0085534757233257,0.008919651495263133,0.007046524681257876,"He is very boring, and he loves to tell jokes that are not funny. It is not helpful at all even if you ask him questions. The class and the tests are hard."
13675,1219,5.0,0.58,0.0018369819718385,0.011914216698212675,0.006910245684963351,"Wow, was he amazing... he taught a whole class blind-folded, just for humor. I\'d also like to marry this man. So hands off."
15828,189,4.5,0.71,0.0014824753959807,0.00972391577598692,0.006903980200950713,Cathy rocks! She cares about her students and whats he\'s teaching about. She even gives us her cell number in case we need her! how cool is that! She\'s deffinitly the BEST @ STU!
1675,701,3.0,0.51,0.0122151193572016,0.013164344313309371,0.006713815599787779,"She\'s really funny, but we don\'t get much done in class. Memorize lecture notes and google keywords for essay fluffing. As a person, she feels and believes-- heart on her sleeve sort. Very approachable, sorta boyish and grumpy but she smiles."
6076,1156,4.0,0.5,0.0008650636005916,0.0133653244323791,0.00668266221618955,"I had Fenton for Math 1410. It was basically the online class with class time. We did everything online. Never used my book, so just get the online code. I do not struggle in math, so I did fine. I know others that really did struggle and she really helped them. She\'s a little socially awkward, but still nice. I would take her again."
11722,332,3.0,0.5,0.0005438846882608,0.01310339983612117,0.006551699918060585,When you write out an answer to a question on her tests please write an eassy. You will get an F if you do not do that. Why is she the head of the Sociology/Social Work/Geography Department in the first place? There are many other qualified Professors that should have that position.
1319,1306,4.0,0.64,0.0006487209120667,0.01009046400308692,0.006457896961975629,"A total bore. He has a Powerpoint presentation for everything. Wanna know the history of the magazine? Powerpoint presentation. Send an e-mail? Powerpoint presentation. Chew gum while walking? Powerpoint presentation. Still, he\'s smart and a"
16319,653,5.0,0.62,0.0010037076332985,0.01040279915694288,0.0064497354773045855,"This guy is so great I honestly have never experienced anything like this in my entire life. Whether he is cycling around campus or lecturing, Jon Fisher exudes charisma and biology. I learned so much about both biology and myself. It really hurt when he left us to Ogilvie, a nice, smart but extremely annoying lady. Where have you gone Jon?"
13491,1075,1.0,0.83,0.0073533801981551,0.00776479838605676,0.006444782660427111,"Simply horrible. Pedantic and narrow-minded. Dull, dull, dull. Love phil, and would\'ve majored but for this ludicrous clown. And definitely NOT hot."
2102,484,3.5,0.87,0.0070984518482856,0.007366963147619466,0.006409257938428935,"Mr. Quereshi is awesome!!! He was easy. I never understood what he was saying, but I\'m also from an area in which people only speak English. He really tries to make you understand. He is pretty funny and has a great personality!! He never responds to emails, though. IF YOU CAN, TAKE HIM!!!!!"
10093,525,5.0,0.78,0.0005832632098391,0.008103066444501384,0.00632039182671108,"great prof, very interesting, cute, just love the accent"
15255,948,1.0,0.57,0.0005191827498487,0.011042763494756167,0.006294375192011014,He enjoys talking about his many degrees....and about how great he is....then why is he teaching at long beach city?....honestly...come on now....self absorbed low life
17807,1114,4.5,0.72,0.0004027761239365,0.00864294524060247,0.006222920573233778,"This guy is pretty good. I wasn\'t a huge fan of the material, but who does like quant?"
3412,1016,1.0,0.81,0.0027120944724131,0.0076360277838558996,0.006185182504923279,He\'s a name dropper. What more do I have to say? Anyone who takes his advice to heart is a fool.
4040,219,5.0,0.62,0.0092363335683897,0.009901694761081839,0.00613905075187074,"Very flamboyant, fun, and direct personality, which I loved. She is very serious about you taking the time to learn, but learning a language is hard and she is preparing you to talk, write, and even sing in Spanish. Attendance is extremely important and I would also recommend doing the extra credit which will help you towards the end to get an A."
20000,316,5.0,0.76,0.0072336138004876,0.007893368063816818,0.005998959728500781,"Extremely easy lab teacher, quizzes are a little difficult though. Hes always there to help you and he is also very entertaining and loves his profession, which is hard to find, so the labs aren\'t bad, i would take him again."
18205,711,5.0,0.6,0.0026170541677147,0.009726934446512145,0.005836160667907287,I took Kathy\'s photography class in 2000/2001. She was excellent at motivating individuals with photographic art. I wasn\'t the best photographer but I did enjoy the projects and they surprisingly came out well. I always admired my classmates and their creativity with her projects. She was excellent - Thanks Kathy
11697,295,1.0,0.84,0.0007733410161103,0.00673469171405581,0.00565714103980688,"HORRIBLE!! run away, NOW! Worst prof and class ever. I thought it would be really interesting but I was wrong. I never thought it was possible to make something so boring."
17388,1372,4.0,0.7,0.0007501429247136,0.00765764473999587,0.005360351317997109,"Very interesting, ""Can you hear me in the back? OK! And thank you again for turning off your cell phones! Today we will be talking about..."" He goes pretty quickly but is easy to follow. Course is TOUGH for first year and it\'s to bad he isn\'t teaching it anymore."
4432,298,2.5,0.78,0.000810461683838,0.0067896005503199856,0.005295888429249589,at first it was interesting. in the beginning of classes we have to mediate. we are not allowed to have necklaces of course you cant have jeans. he assigns you with a partner to study the karate moves; sometimes its annoying.
9045,449,5.0,0.95,0.0054174385016631,0.005480071638448981,0.005206068056526531,Dr. Willimas is always helpful. She makes TCF fun. She\'s always willing to help in any way she can. You can even call her at home as long as you call before 11:30 pm. EXCELLENT PROFESSOR
12243,207,4.5,0.57,0.00076248822161,0.0091260806430348,0.005201865966529836,"great professor. Comprehensive, fun and never gave an assignment that wasn\'t necessary. although, i mean, cmon...he does kinda have a troll-like quality to him-doesn\'t he?"
3878,747,4.0,0.88,0.0044708076422999,0.005722773814216705,0.0050360409565107,"Awesome job this past semester. I didn\'t think I would have fun playing Golf, doing track and field and Archery but I had a blast. Very nice to give us cool T-shirts at the end too. Tests were fair and easy."
6434,369,1.5,0.77,0.0002683685575944,0.006484533815528791,0.004993091037957169,"Who ARE you people? This broad is crazy, biased, and drives people away from theatre; she once told an advising student she should drop out of college because she was a bad actress. Sure, she knows her stuff, but it\'s overshadowed by HER."
13519,276,2.0,0.58,0.0076815610503854,0.008565602624243175,0.004968049522061041,"Even though I hate science of any sort, I was still able to admire Prof. Bowman for his intelligence and apparent concern for us. However, when I dropped his class, and saw him in the hall about 3 weeks later, my friendly smile and ""hello"" was met with his rude glare and rolling of the eyes. Admirat"
1971,733,5.0,0.83,0.0002734411299006,0.005982786808967725,0.004965713051443212,"What do you expect, people? Human Anatomy is no picnic. Professor Riegle is good. And he looks like Santa Claus, isn\'t that cool?"
1814,230,4.0,0.67,0.0056191925964324,0.007328149252381015,0.00490985999909528,"he\'s young, cool, and laid back but knows his stuff"
10275,1374,2.0,0.5,0.0074084535385005,0.009789468412925046,0.004894734206462523,"Not a very good professor, but not the worst. Like going to Mcdonalds when you want Chick-Fila."
11054,560,1.0,0.67,0.0017226532313192,0.00709461695372332,0.004753393358994625,"This guy is odd, kinda mean sometimes when you don\'t see things HIS way. Don\'t like how he interacts with female students. Weird. Acts nice, like your good buddy, and then can zap you out of nowhere. Material is interesting but he can be off the wall. Be careful of him is my best advice."
1268,857,4.0,0.88,0.0052785124814084,0.005395929627310508,0.004748418072033247,"[Im continuing my review from the one below] The other comments seem ridiculous. Her looks don\'t matter, it\'s about how she can help you. If you are not afraid to ask for help take her. She won\'t push you away. She does have a little tardy issue but that just means you can be a little late yourself. I wish she was teaching 131 this semester!"
2935,1080,5.0,0.5,0.0077476237419693,0.009430088377239444,0.004715044188619722,"So, I just want to say that Burns is an awesome teacher...no doubt about it. His love of math makes the class interesting. You know he enjoys what he does from the way he acts. He is always smiling and is very easy going. He has solved difficult problems in front of the class. Very impressive! Side note...he is an avid player of chess! Pretty cool."
16156,765,3.0,0.76,0.0021488995759298,0.00617212708055529,0.004690816581222021,Newhart is crazy. The only woman I know that can say um and ya know forty seven time straight. Class is boring but a breeze
18800,556,4.0,0.57,0.0022383768737973,0.00819459686820769,0.004670920214878383,"He is the man. A little unfocused at times, but a great sports fan, and he will help you any way he can. He gave me a graduation present, now that is awesome. Plus he shows himself dancing at the end of the quarter."
10359,931,5.0,0.58,0.0025523290330191,0.00799829012685177,0.004639008273574026,"Mr. Dinneen is very intimidating at first. I thought it would be a ton of work, turns out he was great. Best Teacher I have ever had. Smart, Passionate, and even funny. MUST GO TO CLASS"
7288,897,4.0,0.71,0.0046270547687051,0.006318144675939125,0.004485882719916779,"She is seriously a very intelligent woman. She will keep ya entertained for hours with her stories about her trips to Geneva, Paris, Australia, Switzerland...I dont think theres a place this woman hasnt been to. Knows the subject...def recommend!"
18018,714,1.5,0.77,0.005208082359179,0.00569325963165946,0.004383809916377784,"Information and content straight from text. Overheads rehashed version of text. Not funny at all, very strict and has follow her philosophy/style or its wrong."
14062,854,1.0,0.53,0.007608570383768,0.00824087854837989,0.004367665630641342,Never attended his lectures because all he did was read them to you from his powerpoint slides. Is not helpful during office hours. Likes to ridicule people when they ask questions that he thinks are stupid.
6500,918,2.0,0.69,0.0049388720732749,0.006048013250304495,0.004173129142710101,"Easy teacher, but don\'t expect to really get anything out of the class. He could make jokes, but I found him to be disorganized and arrogant. Don\'t ask to see him after class...he complains constantly about how he has no time."
14064,1249,1.0,0.7,0.0055546618982747,0.00590946433492839,0.004136625034449873,"Your grade depends on how much she likes you instead of how well you do with your work. If you are ethnic minority, the chance she doesn\'t like you is very high and you\'ll be discriminated against in many possible ways, especially in those areas almost impossible for students to challenge her decision. She enjoys breaking hearts for no good reasons"
13499,914,5.0,0.64,0.0043976116572448,0.006344460104731636,0.0040604544670282475,"I\'m pretty sure I took every class this man taught. He\'s a great professor and a very nice man. He will answer any question you think to ask. And definitely go to Greece with him, it was one of the best experiences of my life! Love, from a member of ""the animal group."""
17325,1120,4.0,0.63,0.006008074142826,0.006432382989021336,0.004052401283083442,The class is very boring at times when there is no class discussion taking place. He will go out of his way to help you out when you need it and it helps that he even has a sense of humor!
387,1294,3.0,0.51,0.0037992264520161,0.00778074811170509,0.003968181536969596,"Ok I change my mind! I thought she was cool, but NO!! She is only friendly with her favorite students. I never got the TA job even with my super high GPA. Very rude, cold and unapproachable. Never get your lab reviewed by her, she takes off marks!!"
16545,1179,4.5,0.86,0.004339192309752,0.004605990663515499,0.0039611519706233295,"This guy is a hoot! He seems kinda goofy but he is sharp. Don\'t argue with him unless you\'re sure of yourself. On second thought, do try and argue with him; you\'ll see. Do the work and keep up and it\'s no big deal."
17278,176,4.5,0.79,0.0036905480092186,0.0050089592174579756,0.003957077781791801,THE BEST ENGLISH TEACHER I HAVE HAD EVER. HIS PROMPTS SEEMS WEIRD BUT IN THE END YOU REALIZE IT WAS PRETTY EASY. REALLY NICE GUY WILL HELP YOU OUT WHENEVER YOU NEED IT. BASICALLY TAKE HIM IF YOU CAN
13127,870,1.0,0.62,0.004910081546427,0.006341816577650685,0.003931926278143425,"Everyone has pretty much said it all, but here it is again. She is very unclear, runs about four weeks behind in her grading throughout the whole semester. So it is hard to tell how you are doing. She gets mad very easy and does not have a sense of humor at all. terrible teacher... do not take her class..."
16945,1090,1.0,0.62,0.0049511961471411,0.006319153714802311,0.003917875303177433,Not a good teacher. Passive aggressive. Very rude. Snarky. Don\'t take his class. He\'s honestly the worst person I\'ve ever met.
9871,483,5.0,0.52,0.0011176463154726,0.00753396272650674,0.003917660617783505,"Prof. H. Afshari was extrermenly helpful. Vey interesting man to listen to,he has seen and been through alot. definetly learn alot in his class."
3981,314,1.0,0.5,0.0049491556780826,0.007826409895891314,0.003913204947945657,Aaagh! He is the college dean\'s husband - in that sense he\'s more part of the architecture than part of the curriculum. Sometimes I see him coming and I run away. Don\'t bother. You pay lots of money to be here.
17759,562,2.5,0.59,0.0008275095580891,0.006548828141465591,0.003863808603464698,Not very interesting. Pretty easy but class drags on forever. Doesn\'t seem like a very empathetic person.
1557,708,1.5,0.5,0.0067879288294237,0.00768726069563349,0.003843630347816745,Should have taken another course. Not helpful. Not relevant. Ideas are absurd. Content useless.
11400,476,2.5,0.56,0.0044058894444973,0.006782762464036625,0.00379834697986051,"good news, he\'s not teaching at temple anymore took him for summer 1 2005 and reuctantly i survived, the rumours are tru, he\'s fu ckin crazy, he\'s a prick, makes u feel dumb if u ask or answer a question. Study ya a ss off go over the slides and make sure you read and find a copy of the solutions, cuz wit this mad man a prayer aint gonna help!!!"
10323,875,5.0,0.52,0.0007235516350342,0.007164997273013016,0.0037257985819667684,"I LOVED Prof P. Her assignments were not difficult - film summary, labs were fun. Tests are open book for the most part. If you run into any ""life issues"" as she calls them, email her. She REALLY cares about you. Definitely best instructor I\'ve had online. Responds to emails. Did you know you can\'t feed your cat milk? Would take again, if I could."
3077,103,5.0,0.57,0.0010925664251957,0.006525873354076935,0.0037197478118238527,I love her! She\'s so cool. Took her 1 & 2. Makes history very interesting! All round...(100x)Easy! If your not good in History...take her! You will love it! Save money because you don\'t need a book! Print notes off BB and go to class and fill in the blanks. Tests & Quizzes are straight off the notes! I\'m going to Miss you MS.HILBURN!!!
755,1025,1.0,0.87,0.0005877530216287,0.00424965592144067,0.003697200651653383,"One of the worst professors I\'ve ever had. She tells you to follow the directions carefully but the directions could not be more unclear. She initially introduced herself as the head of the computer and technology department at AACC, but there is absolutely no way that\'s true. If it is, shame on you AACC. She doesn\'t know ANYTHING about computers"
19634,1230,2.5,0.77,0.0015197715905057,0.004730667865461345,0.0036426142564052358,This man is out of his mind. Have the stuff that is on the quizes he never talks about. He is crazy. He also has a reverse camel toe. If you dont know what that is just think about it and picture it in your head. If you take this class just dont go and you will still do fine.
15882,393,1.0,0.58,0.0007775239373797,0.0062570861141888045,0.0036291099462295064,"I have no idea how this man became the Chair. Smart guy, but his teaching skills are horrible beyond belief. Never makes himself available."
2749,415,4.5,0.59,0.0005173837163476,0.0061436348761368656,0.0036247445769207504,"Too easy for my liking - I suppose this is why our Journalism department is so laughable. But whom am I to complain - it is free credits. If you are looking for pure and instant blowoff, congrats! You have it."
15213,817,4.0,0.59,0.0005116826816195,0.006143231975804035,0.00362450686572438,She is a great person. Very interested in what she does. Tries to make class exciting. Her exams are fair. Just figure out what she wants and your fine. Be prepared to have a sore hand. Lots and lots of notes goes through really really fast.
6451,1363,3.0,0.73,0.0008935193859042,0.00495646386393349,0.0036182186206714477,"Every conversation turned into some kindof race speech about how the african americans suffered. Got pretty annoying- and i dont think I learned very much. She is nice, but, eh?"
14694,446,1.0,0.8,0.0004043462109653,0.00450975071241167,0.0036078005699293363,"The worst prof ever!!!! All he says is, ""any questions?"" when he dam well knows he can\'t answer it."
15070,965,5.0,0.69,0.0006624059088274,0.0052061018474923795,0.0035922102747697414,"Ok, not the most amazing conducting ive seen, but i was spoiled at my previous college. I dont think she spends enough time with concert and i think she does play faves sometimes...but who doesnt. I like her, and am interested to see how my years at CMU play out"
6610,1196,1.0,0.51,0.0005748674025511,0.007030171977823375,0.0035853877086899216,"She is a bad teacher. The class consists of 2 tests and a paper. On the tests she asks things like, ""From the coursepack, the article __ was published in what year?"" Who cares what year it\'s published?! And she is incredibly boring. I seriously think she wrote all the nice comments about herself below this one. No one can actually think she\'s good."
8763,619,5.0,0.75,0.000494001297121,0.004774630586700895,0.003580972940025671,Interesting. Brilliant. Caring. Amazing Professor. (and extremely hot).
8760,619,5.0,0.61,0.0020009261937326,0.00578618020539927,0.0035295699252935546,"Dr. Cos, what the heck happened to all the rest of you. It seems that all the good teachers have dissapeared and left us with brainless and boring professors! For goodness sake John,get on the horn and do something about it! Cheers -Franco"
2780,735,1.0,0.65,0.0008900457072103,0.00540187368808948,0.0035112178972581624,"The worst class I have ever taken. Attend tutoring twice a week in addition to seeking outside help. Very condescending. After asking to go over a homework question during the allotted time he responded by saying ""I can\'t believe you asked to go over that"". Overall rude and not helpful at all."
7536,869,5.0,0.6,0.0004208830706245,0.005782660694889531,0.003469596416933718,"If everyone approached life as she does we would have a better world, and Minority Group should be a mandatory class for every major, maybe then we would learn tolerance for others and thier cultures and not be so closed minded, we are in college where we should all have open minds to new things, how else can you grow as a person..."
7247,1126,3.0,0.52,0.0019348418386479,0.006643467026099534,0.0034546028535717577,"She\'s weird but she\'s not hard. I can\'t say that her class was interesting or I learned a lot, but I can say that her class was definitely not difficult. She\'s really weird but she can sometimes be interesting. I think some people are judging her too hard on here."
16572,888,5.0,0.78,0.0010271264085257,0.00442517766912953,0.003451638581921034,"HOTTIE!!! HOTTIE!!! HOTTIE!!! I sat there the entire semester dreaming about him... anyways... stat is easy for me, so that gave me plenty of time to day dream. And i got an A. I\'ll say it again!!! HOTTIE!!! HOTTIE!!! HOTTIE!!!"
7394,1045,2.0,0.78,0.0040026540432175,0.004323991618952036,0.0033727134627825877,she was the worst teacher i\'ve ever had. she would have a different personality every day. and she rarely or should i say hardly ever passes anyone! so if you take her GOOD LUCK and have fun
14177,599,1.0,0.62,0.0035619415952403,0.005430179388471845,0.003366711220852544,This woman is insane...she has no idea how to teach or what she is talking about. It is impossible to learn from her and i will be sure to never take her again.
14913,934,5.0,0.79,0.0003051608732462,0.004250689960094615,0.0033580450684747463,"Easy, easy easy. Very interesting lecturer and tests are cake. I mean really, she gives you 8-10 long answer questions to choose from, and you pick two. What more do you want??"
10096,525,3.0,0.64,0.0005427562760232,0.005220856662258595,0.0033413482638455006,"Terrible teacher. Unorganized, boring, and hung up on his own ego. He made an interesting subject completely unbearable. As a history major, I learned nothing."
4830,518,4.5,0.56,0.0051781730600697,0.005959303012712191,0.003337209687118827,"I love Allard! I\'ve had him every semester since second year and I have learned a lot from him. I think he\'s super helpful when it comes to office hours, but easy to make yourself look silly in front of him. Great prof, great lectures!"
5491,65,5.0,0.65,0.0004027344805016,0.005120556095498495,0.0033283614620740216,Dr. A is an amazing director. He will push you and others in the choir harder than any other director. You will learn how to make near flawless music for the purpose of delivering beautiful texts and messages. A once in a lifetime opportunity to work with a musician of his calibre.
11272,22,4.5,0.6,0.0013850126771701,0.005424439510399905,0.003254663706239943,"Alan is awesome. I knew the first time I met him that I wanted him as an advisor. He does digress and this bothers some people, but I find it interesting... he has so much knowledge and so much to add. If you want an inspired and inspiring prof. he\'s for you."
2236,1105,5.0,0.55,0.0052391199680309,0.00581848372480174,0.003200166048640957,"Bob is awesome, end of story. Take him and don\'t look back. Makes a tough subject easy. Lectures reflect the test directly."
13592,1144,3.5,0.5,0.0013795705963282,0.006385292076757425,0.0031926460383787125,"I don\'t know how she is getting all these great ratings..I got an A, but she is the most obnoxious professor I\'ve ever had. Sweet as can be as a person, but all over the place. She is so hyper it really gets annoying after the first few classes.PSY 250, Lit review, was the biggest waste of time of my life.you have to do a million study write ups"
130,876,4.5,0.59,0.0045476624099304,0.00529728441943508,0.003125397807466697,She\'s cool. sometime laughs upsettingly loud but that\'s not from an evil intention. she enjoys teaching. class is about critical writing and provides fun discussion time. it goes in appropriate pace so it\'s easy to keep up. hw amount is moderate.
14847,296,5.0,0.67,0.0038765410911451,0.00465269887120959,0.0031173082437104256,A maniac who digs insects! A blast to work with! Bring on more Rolling Rock!
12500,286,3.0,0.54,0.0007466837627503,0.0057441336859928695,0.0031018321904361496,"Seems to be a very fair person. I like listening to him read aloud, but not everyone does. His written comments are sometimes odd."
4533,1346,5.0,0.54,0.0006345019908652,0.00568603018014431,0.0030704562972779276,"A little intimidating at first, but this is a man who you will not forget. Amazing lectures that will leave you thinking long after you left the classroom."
4383,342,4.0,0.59,0.0047278965167499,0.0051692078671744905,0.003049832641632949,Class goes by a little slow but he is a nice guy. His projects are very open ended but he is pretty helpful. Has a good sense of humor.
12200,1089,5.0,0.77,0.0023144791324709,0.00394420694879963,0.003037039350575715,Dr. Sambrook is awesome! You have to take the time to build a relationship with him! He is shy... talk to him and he will talk back! I went the whole summer with him to Ecuador and had an absolute blast with him! He wrote me the most touching letter of reference so I could become a teacher! If you are bored... you are boring!
6536,1033,1.5,0.54,0.0050749313375627,0.00543097385570916,0.002932725882082947,"If you want an easy A than take him. Nothing has anything to do with the course that he goes over. All he does is throw temper tantrums about how Kean sucks and we watch movies ALL the time. Show up to class, do other homework, he does not care."
12071,840,5.0,0.72,0.0034205798612803,0.0040249927270717,0.002897994763491624,A WONDEFUL LADY WITH A SENSE OF HUMOR. VERY DOWN TO EARTH AND HER CLASS IS A BREEZE. DO TAKE HER IF U HAVE THE OPP. SHE IS A BREATH OF FRESH AIR AT USCS!!!!
4809,715,1.0,0.5,0.00084689014663,0.00578928126907077,0.002894640634535385,Crap teacher. Couldn\'t give her textbook away on Amazon! Too bad we couldn\'t have used a better text.
15897,966,5.0,0.55,0.001272559228115,0.00525340914876815,0.002889375031822483,awesomee teacher...super easy...tests are exactly what he says they will be in class...this is my 2nd time takin stats the first one i had with jason...nirmal is EASIER!!!!
3802,563,5.0,0.52,0.0043707945169871,0.005510342267861309,0.002865377979287881,Ms. Austin is one of the best music teachers I have ever had. Take her and you\'ll enjoy yourself highly. Shes really stylish. Ms. Austin #1!
2040,461,1.0,0.62,0.001507303383384,0.00456765970472446,0.0028319490169291654,"He is a horrible teacher and kinda creepy. We never once looked at a map, and it was a Geography class!!"
7655,731,1.0,0.68,0.0005405151081043,0.0040211565291196905,0.00273438643980139,I never ever had a prof like him.he is not a fair marker. he will give marks who will listen his own (unuseful)story?????????
4112,264,1.0,0.59,0.0010796867307266,0.004593298508666105,0.002710046120113002,Worst prof. I\'ve had in my entire life! Heed the Warning! RUN 4 YOUR LIFE. He is awful. Does not provide u w/feedback & does not want 2 be bothered. He is totally confusing. I have not learned anything in this course. He does not want your input as to what u have learned. He works off a book he and Panzarella wrote together. Need I say more?
9232,1248,4.5,0.73,0.0015815869809377,0.0036998096916648878,0.002700861074915368,"WOW, Ms. Sailors is so hot and smart too! She showed us American Psycho in class. It was SO COOL--she\'s into the stuff I\'m into!"
13766,697,5.0,0.74,0.0032053002235854,0.0035935603598441254,0.002659234666284653,She is a wonderful teacher. Very easy to talk to and ask for her help. Always smileying in class.
10574,927,1.5,0.59,0.0009758046922916,0.004458435618562625,0.0026304770149519485,"She is very dry and boring. The work is tedious, and she doesn\'t seem to bring any enthusiasm or real insight to the subject. Also, she told me I shouldn\'t go to grad school because I wouldn\'t make it. Guess where I am now."
717,178,1.0,0.85,0.0012984035513796,0.0030921580008301756,0.002628334300705649,"she is crazy. this class is super hard. you have to be very serious about biology and read a lot. i dont recomend her. SHE MAKES NO SENSE!! she should retire, shes too old."
2288,183,5.0,0.52,0.0006144541318949,0.005041867759805056,0.002621771235098629,"Where do I begin? Dr. Waterhouse has to be THE BEST professor I\'ve had at CalU, thus far! She\'s extremely kind and caring, not mention helpful. I had her for Wednesday night class and she actually made me WANT to go to class. I definitely recommend her to everyone. :)"
16307,331,5.0,0.59,0.001763903173451,0.00443195556250685,0.002614853781879041,"In the beginning, I was terrified of the infamous Don Hood, but then he turned out to be quite nice. He was rarely ever in lab. Really helpful. Just don\'t mess around in lab and follow the dress code, and you will be fine."
18455,786,5.0,0.54,0.0006319464597171,0.004788293525386445,0.0025856785037086808,"Great prof! Gives VERY CLEAR explanations. Your present mind is required in class if you want to get a good grade!I do not know why other rewievs blame him, because he is extremely helpful and precize. If you still did not get it - blame yourself!!!"
3,787,4.0,0.62,0.0023113988138942,0.004151922299430265,0.0025741918256467645,I overall enjoyed this class because the assignments were straightforward and interesting. I just didn\'t enjoy the video project because I felt like no one in my group cared enough to help.
12353,1385,5.0,0.94,0.0025600602372646,0.002689747986516457,0.0025283631073254697,This man is amazing. Sheer wisdom. Love at first sight...that\'s all I have to say. I wish I could take Chinese for the rest of my life. Oh...and he tells the absolutely BEST jokes.
19124,128,1.5,0.85,0.0003635169776372,0.0029681566595479397,0.0025229331606157488,I made the mistake of ignoring RMP.Com prior to taking this teacher. I should have dropped this professor like everyone said. This is potentially one of my least favorite profesors at FIT. DROP NOW IF YOU HAVE HER!!
18070,398,5.0,0.69,0.0024843228823801,0.0035431638750687854,0.002444783073797462,"I love her! My boyfriend is in the Navy, and when i asked for a week off she told me; ""This class is all about relationships, enjoy your week with your boyfriend."" My favorite teacher BY FAR! She is amazingly kind-hearted, sweet and caring. (Not to mention interesting, hands on projects, clear instruction and manageble work load."
1241,76,3.0,0.52,0.0040294341819991,0.00468271018753391,0.002435009297517633,"Remember to bring your laptop. You will watch over half the class surf Facebook during his lecture. This class is very important but its so boring. A lot of people say he\'s nice, but that\'s how he is to everybody until you cross him. He\'ll smile at you and tell you to read the book. A students will get Bs. good luck staying awake."
7250,1126,4.0,0.51,0.0021170189118321,0.004771082936659425,0.0024332522976963067,"She\'s a great person and teacher. She might weird you out on the first day... but it\'s the first day. I ended up liking her a lot. Allows you to manage your working time and she\'ll recommend what you should have done... obviously there\'s a due date for the essays. Typically excepts work after deadline... but DON""T PUSH IT!"
7577,11,2.0,0.51,0.0009581379123237,0.0047388925320588846,0.0024168351913500313,"Good for an elective. Didn\'t get a lot from his classes, and his lack of clarity/guidance left me in the dark at times. VERY odd at times, just say what he wants you to hear. I think he\'s too old to care too much anymore what others think..?"
12690,1258,4.0,0.58,0.0034448713710495,0.004131061787245495,0.002396015836602387,"Excellent Professor! I think his thick accent might be discouraging on the first day, but you\'ll pick up on it. Tests are easy, and he\'s a nice grader. The class was very interesting, and he clearly cares about his students! In the end, a pleasant experience overall! Would definitely take him again!"
10432,1341,3.0,0.69,0.0020673281822558,0.00346507496767348,0.002390901727694701,"Sanchez is a total freak. Talking about sex with college students, makes her day. If you are a christian or have any set of morals beware! She is the most extreme liberal professor I\'ve ever had! I respect the fact that she has an opinion on issues like abortion, but she WILL try to force her extreme liberal views down your neck!"
8519,421,1.0,0.57,0.0011072215121686,0.004192924163842914,0.0023899667733904605,"I\'m a 3.5 gpa student and I dropped this course because of that man behind the podium. He\'s the most unreasonable, arrogant man I may possibly have ever met. Overall a useless professor that takes advantage of his paycheck. Do NOT take any class he is associated with. I wasted around $1,500 because I didn\'t read his ratings. Learn from my mistake."
19716,487,4.0,0.57,0.0007671322447515,0.00419251126049679,0.0023897314184831704,Great teacher. Expect to pay attention because he is really dedicated to teaching self defense so if you seem like you don?t want to be there he?ll notice. I think we had one test. Very hands on class. you\'ll never be sitting down
2690,426,1.0,0.5,0.0023230340313525,0.004756332976207275,0.0023781664881036375,Sarcastic on the verge of being mean. A little too cocky for my taste...couldn\'t concentrate on the lesson without worrying what she was going to say next!
18335,637,5.0,0.5,0.0017472790296845,0.004743684633112125,0.0023718423165560625,Very cool and understanding.... would recommend him anytime.... Also quite a hottie.....
12178,992,1.0,0.72,0.0013459441134794,0.003249115866945815,0.0023393634242009865,"i have an idea, shake up a magic eight ball because it will give you more accurtate responses to your questions than she will. and i agree with the rest... the anti-christ was more polite than her. did i mention she lied to every question. i would of chosen a different nearby nursing program if i knew this one was so messed up"
13722,13,4.0,0.75,0.0026776875018324,0.0030749495592204347,0.002306212169415326,"Okay, so the trick with Kaminsky is you go to him every chance you get to check your projects. If you follow the examples you\'re given and he approves of it you\'re basically golden, otherwise, you\'re in trouble. Probably gave me the most anxeity of any professor I\'ve ever had though."
17990,50,4.0,0.54,0.0027261586739903,0.004246772443435175,0.002293257119454995,"To be fair Pr. Wagman did teach the class a lot and I understood her lessons mostly, however there are several good reasons not to take her class. If you make a mistake she\'ll take a fit and make you feel awful. I was a beginner and didn\'t know any Spanish last year, am just glad to be done with her."
13629,647,5.0,0.82,0.0005457413875602,0.00274853042156574,0.0022537949456839066,"Mr Verdi\'s opening questions were always brilliant - case in point - his opening question for the Illiad: ""Why are these men fighting?"" Along with Gisela Berns the best tutor in St. Johns. My only regrets at St. Johns: not choosing his Wittgenstein preceptorial and missing the chance to enroll in his Nietzsche Preceptorial. Ah.. St. Johns---!!!!!"
10406,1263,2.5,0.75,0.0002429610577823,0.0029850951156759203,0.0022388213367569403,"Much emphasis on unknown female only authors? glanced over and skipped prominent male authors to spend time solely on female issues. Hard grader, hard tests. Journals she doesn\'t collect. Everyday let the class go early, I felt robbed, unprepared. Verbose, but lacking in the clasics of the period. Need some new perspective, a universal PC view."
15606,1364,4.0,0.85,0.0001959643277465,0.0026040799320128753,0.002213467942210944,"Dr. Krieglstein is one of the most shameless self-promoters ever encountered. All required texts were authored by him, only one about ethics (<80 pgs). Did film analysis based on the 3 or 4 ethical theories actually covered. Final entailed giving our opinion of his novel (did we like it and why?). Got 100% and feel that I learned nothing."
11069,560,4.0,0.55,0.0013728701257927,0.0038745433914047604,0.0021309988652726186,"Totally awesome, everyone\'s right about his lectures, they get off topic easily...so you have to take whatever you want from his teachings"
1650,751,5.0,0.55,0.0031338998308721,0.0038281526173889503,0.0021054839395639228,"Nothing negative to say about her, one of my favorite professors at UPG. Love working with her and highly recommend her! Lectures are crystal clear and she\'s lenient about meeting up to get help. Actually enjoys her job!"
8858,20,4.0,0.84,0.0002526499717383,0.0024893880533602853,0.0020910859648226397,"Some tricky exam q\'s, and some lies! (""You don\'t need to know numbers."" First question: What is the osmolarity of the tubules of the kidney?) Knew his stuff, but too fast for someone who doesn\'t provide overheads. Hated the material, but that\'s me."
15542,1232,2.0,0.61,0.0011782008513894,0.0034237805318211396,0.002088506124410895,"Instead of ""V"" for Vyse, I accidentally clicked on ""B"" for boring. No lie. I suggest learning to sleep with your eyes open. He\'s nice but scatterbrained and his classes (I took 101 and 201) aren\'t particularly hard."
7760,467,5.0,0.61,0.0011926985356548,0.00341790599379218,0.0020849226562132295,Take This Teacher if you can!!! He is awesome awesome awesome!!! I still email him sometimes even though I\'ve been out of his class for a long time. He\'s a great teacher and a great person.
18053,150,4.0,0.59,0.0020808312189335,0.003522318001172425,0.0020781676206917308,"I had Hammond for Micro in fall term 2016 and Macro in winter term 2017. I thought he was a good prof and was able to get good marks in both classes. However, after a year, it looks like that has all changed as I was reading all the comments for the fall 2017 micro term. Just goes to show how classes/profs can differ year to year. Just be careful"
14370,153,1.0,0.67,0.0014561396650399,0.0030902156214174903,0.0020704444663497187,Dr. Roter goes through material so fast your hands will be on fire. Sometimes he doesn\'t go through the terms we need to know and expects us to know when the test comes up. His matching section in tests are vague so the only way is to take a guess. Unreasonable when the answer I gave was correct but wanted something else deduct it.
300,621,1.5,0.67,0.0013726530644778,0.003050839035245325,0.002044062153614368,"Worst art teacher I have ever had. Loved himself. Discouraged all creativity. We disagreed on one project and he was unbeleviably rude to me, and because of our disagreement he almost failed me.\r DONT EVER TAKE A CLASS WITH THIS TEACHER.\r Awful. Im and art major, and I have never been so disgusted."
6071,1156,3.0,0.56,0.0016498119414259,0.0036444790293563654,0.0020409082564395646,"I wouldn\'t recommend this class if you know you are not great at math. She moves really fast. If you slow her down by asking a question, she\'ll make you feel stupid."
6180,1337,5.0,0.61,0.0007288113396759,0.003338495982228355,0.0020364825491592966,Ms. Mitchell is awesome! She is so nice and willing to help if needed. She makes her classes interesting and fun. I have taken 3 of her classes and I wish I could take more! The only time I have ever looked forward to going to school is when I was in her class.
11049,351,4.5,0.62,0.0009971398233919,0.00327034132884386,0.0020276116238831933,"Like the previous person said, U never know what mood Dwayne maybe in... but he was still a very well knowledgable prof."
10190,700,5.0,0.56,0.0020318698644421,0.00358435301544296,0.0020072376886480577,Really nice guy and a good teacher. Wish there were few more karthik\'s in the department.
12786,139,2.5,0.58,0.0010682976297804,0.003441465640793935,0.0019960500716604823,"He looks kind of like a young einstein! He was a good guy, really nice and very passionate about his material but I didn\'t know what was going on half the time. He talked about a lot of stuff that had nothing to do with lecture. I was ready to be out of that class!"
10601,482,2.5,0.69,0.0018997466961167,0.00288260691160778,0.001988998769009368,"Mr. Shorr is a freak. He yells at students who don\'t raise their hands. I always felt scared to breathe, let alone speak. He has anger management issues and often seemed like he was about to pull a Dr. David Banner and turn green and rip his shirt off. Beware. I got an A, but it was an ordeal."
16458,969,5.0,0.69,0.0019538580603478,0.0028771357337073495,0.001985223656258071,"Dr. NoJo has really enlivened my ideas about theatre and hell, about life too. He is an amazingly passionate teacher and an captivating director. Come back from sabbatical, Norm! 2007 loves you!"
13541,418,1.0,0.51,0.0013249807485522,0.0038873302516597695,0.0019825384283464823,This was a mini-course taken for HU credit but it honestly felt like 2 hours of the Amrine show. We never had ANY discussion and he just talked for two hours straight. I don\'t know why I kept going. Then the one paper that the grade was based on had 0 criteria laid out. No examples or anything. I had no idea what I was doing and paid the price.
19334,281,2.0,0.58,0.002741603380637,0.0033978290019485847,0.001970740821130179,"not a very good teacher, comes off as kind of a jerk"
1526,320,3.0,0.51,0.0011870620350826,0.00384393310867243,0.001960405885422939,"professor ham is a disgrace to his profession. He beats books to a pulp..which is good IF he allows the students to do the analyzing instead of ramming his own ""correct"" opinions down their throats. He blabbers more than any sane man I know and he thinks he\'s God because he has a loud voice. RETIRE!"
15697,493,2.0,0.57,0.0007677690982345,0.0034164127070513252,0.0019473552430192551,"Ida... you can tell she is an amazing nurse and an even better woman. You can tell outside of class she is very nice... but in class is different. During exams she puts tissues in your face, takes your jacket, and once made me move my arm because I guess I could be cheating??? The class is hard, dont get me wrong, but it is definitely doable. STUDY"
4588,359,1.0,0.56,0.0029398342496271,0.003471409716343625,0.0019439894411524303,"She\'s is very rude. Focus too much on irreverent things. Doesn\'t even teach, she just reads off the handouts. She\'ll call you out if you\'re chewing gum or eating food, which is very childish. If there\'s another teacher teaching this class, TAKE IT. Horrible teacher."
18146,1104,5.0,0.65,0.0009878045364949,0.00298755259794297,0.0019419091886629305,One of the best profs at PLU. I graduated 6 years ago and looking back he is still my favorite.
3390,1378,1.0,0.55,0.0012252697719546,0.0035170081305783358,0.001934354471818085,I counted the number of uh\'s and um\'s and there were 55 in 5 minutes. I found I was so distracted by his speech impediment that I couldn\'t focus on the words in between the uh\'s. He\'s a stubborn old man who grades unfairly. His tests are long and hard. The reading was difficult to keep up with as well. This class was a GPA killer.
19035,1223,3.5,0.72,0.0005516061820349,0.0026638381110914615,0.0019179634399858522,Mentally the best prof. I have ever had. He pushed my mind to new creative levels. Love him! If you open your mind to him you can only gain.
1537,381,1.5,0.58,0.0009488530662911,0.003301819726752745,0.0019150554415165919,SO confusing! And the tests are excruciating. Likes to hear himself talk.
1820,491,5.0,0.54,0.0007186458266267,0.0035350667155461405,0.001908936026394916,"Great Professor. Had him for 207 and again for 455. Great in the big lectures, but try and take a smaller class with him if you can. He\'s the only professor at Eastern who even bothered to learn my name. Really wants to hear what you have to say. Challenging, but not unfairly so. Highly recommended."
4794,841,2.5,0.5,0.0011842617328258,0.0037597805201839904,0.0018798902600919952,brutal prof ...lectures were SOOO boring ..the course itself wasn\'t that bad but she made it super boring! Vanessa the seminar leader ROCKED thou!!
1416,856,4.5,0.78,0.0020263968351206,0.002407963313067028,0.0018782113841922818,Great and interesting class. Marlos clearly enjoys the material. Great hazard movies. Must actually read the book though.
10848,43,4.0,0.67,0.0011391971688078,0.0027970444209819492,0.0018740197620579061,great man. witty and intelligent professor. really makes you think. highly recommended.
12152,302,5.0,0.64,0.0015951713804979,0.00291704960406586,0.0018669117466021505,Best professor I\'ve ever had. I want to be her when I grow up.
5919,162,1.0,0.61,0.0010995333374847,0.0030572766681010353,0.0018649387675416314,"this woman is extremely rude and hateful. The first day I ever attended school at vol state, I was lost and sent to her to ask her where I should go for my art class. I knocked on her door, and she proceeded to rip the door open and tell me off in front of her class for interupting her lecture. I was mortified. She ruined my first day of college."
1655,751,4.5,0.5,0.0007689557810834,0.003723242709865165,0.0018616213549325824,"The lectures are enjoyable, the projects and papers are easy, and the exams are reasonable. Honestly, the only bad thing I can think of saying is that she made us buy an expensive book that I\'ve barely used. She seems to really care about her classes."
7652,1065,5.0,0.56,0.0006495340590617,0.003310112857533165,0.0018536632002185726,"She is a really nice person, and very responsible. Though her classes are a little boring, she tries her best to explain the book as clear as she can. She\'s actually a easy marker, but I didn\'t get the mark I expected, don\'t know why."
4812,715,3.0,0.88,0.000211845686418,0.00209399046619196,0.0018427116102489249,"Oh where to start with this lady? She seems very helpful and wants to know if you have any questions but when you ask a question, she acts like you are stupid for asking. Also, she rambles on for ever on stupid stuff. She also isn\'t the easiest grader"
10811,855,1.5,0.57,0.0009000047648584,0.0031977514834200596,0.0018227183455494338,"She\'s very popular, and I\'ve never understood why. I found her class tedious and her style annoying. She\'s also quite arrogant."
10931,774,1.0,0.59,0.0006307553627231,0.003086018307075235,0.0018207508011743884,"Professor Iten wrote the lab manual for her class, hence why the labs are extremely confusing. The book is full of typos and wrong calculations, unfortunately this class is required for biology majors so there\'s no way around it."
11640,957,5.0,0.75,0.0009182247065802,0.002423733333911656,0.001817800000433742,"Dr. E is by far the best professor I have ever had. She helps you understand the Spanish languages so well and she is very very nice. I high suggest taking her if you have the chance. She spends so much of her time helping you, its crazy."
7433,116,5.0,0.57,0.0018564300653988,0.00317642026783518,0.0018105595526660525,He is really nice professor that I have ever seen. He helps me a lot!!!! I wanna take his class again:)
3320,328,4.5,0.78,0.0002196211036711,0.0023080568803464587,0.0018002843666702379,expectations are too high but he marks easy and is fair
15078,965,3.0,0.58,0.0015542357871788,0.00310128251694551,0.0017987438598283958,"The chorus was kind of a let down only because of previously amazing experiences. Don\'t let ""trying out"" keep you from any music classes at CMU. It\'s very relaxed and friendly. The class was fun and challenging. Attendance makes your grade or not (not hard at all)Kind of confusing direction at times"
16910,1322,3.5,0.58,0.0018810697399385,0.0030615412287502,0.0017756939126751159,He is a nutcase but he\'s awesome. His courses are very interesting.
19847,1193,5.0,0.53,0.0010781998219632,0.00326565988438661,0.0017307997387249034,"Cares about students. Easy class. Yes, but she took it way too seriously. This course is unnecessary for anyone with work experience. The whole ordeal felt overly perky and forced."
14993,106,1.5,0.85,0.0002531016406851,0.00202857837992631,0.0017242916229373636,Super passive-aggressive. Asked her simple questions and gets confused. Tried to dumb the question down and ask again and she still was confused. Not surprised a lot of people dropped. Quizzes and boring documentaries every week. would not take again!
12255,980,5.0,0.8,0.0014063042176537,0.002152263350544775,0.00172181068043582,"You were a great friend, Owen. We had a lot of great times. You were my sounding board when I got frustrated. You were a credit to our department. I am going to miss you very much. Until we see each other again, ""dude""."
11558,1178,5.0,0.6,0.0009849124928141,0.0028607305174717054,0.0017164383104830232,I adore this man. SO awesome. Such a great professor.
8892,987,5.0,0.69,0.0012991959408216,0.002482855514372445,0.001713170304916987,She was such a sweet instructor! I loved her classes! She was always so happy to see you in class! She brought out better writing skills from me. Pam was a good natured woman with a heart of gold!
19031,1223,4.5,0.64,0.0011847717724265,0.00266674606604008,0.0017067174822656512,My mytsagogue! Kemenyffy initiated me into the real world! Best teacher of my life!
9796,1282,1.0,0.61,0.0004921514612919,0.0027751611176750606,0.001692848281781787,"There are only 5 actual assignments and then participation points, so if you don\'t do well on a few things you are really screwed. I never knew what he really wanted from me because his feedback is awful when you submit your rough drafts. He\'s slow to respond to emails and when he does he doesn\'t answer half your questions anyways."
12701,1309,2.0,0.52,0.001952950296969,0.003237804299907135,0.0016836582359517104,"What a ass. If you can, avoid this guy. He\'s only interested in himself and doesn\'t give a crap about the student. Tenure is a horrible thing."
3528,998,1.5,0.76,0.0008726734723327,0.002208681011618915,0.0016785975688303756,"She sucks, answers all questions with ""read the book"". Subject is boring as hell already and she makes biology worse (didn\'t think that was possible)!"
14081,1249,1.0,0.69,0.0016357871214784,0.0024169149280962848,0.0016676713003864363,not helpful @ all....i wish i can say something nice about her.
16090,838,1.0,0.54,0.0021004413364602,0.003070859394982455,0.001658264073290526,"Very annoying/needy. Part of our grade is visiting her during her office hours. She said that if we don\'t have any ?\'s that we still needed to show up to say Hi. She also ""let"" the class decide when papers will be due after giving suggested dates. After an hour of everyone arguing, we ended up w/same dates as orig. More papers than English class."
4493,941,1.0,0.69,0.0005331377028799,0.0023919450894478553,0.0016504421117190201,"Language barrier very tough. Very nice person, awful tests. Would NEVER have taken had I known."
5944,895,1.0,0.62,0.0013212616369335,0.002637128297685145,0.0016350195445647899,"She is horrible, never answer email and horrible at explaining. Not a good teacher to take"
12381,843,5.0,0.9,0.0017104691294056,0.0018139813634152138,0.0016325832270736925,"very nice lady, she fun to listen to and speaks honestly. if she thinks your not trying she\'ll tell you so, she\'ll also tell u when ur doing well. her assignments are strieght forward. she does soften the rough edges of literature so if u loved harpers cla"
18951,99,1.0,0.7,0.0006995969698624,0.00232963753939016,0.0016307462775731118,THE WORST PROFFESSOR EVER !!!! I DONT UNDERSTAND HOW HE\'S STILL A TEACHER IN MIAMI DADE COLLEGE. HE MAKES YOU BUY THE BOOK AND WE NEVER USE IT! HE DOESNT TELL YOU YOUR GRADE UNTIL THE LAST DAY OF THE SEMESTER. STAY AWAY
9920,1003,5.0,0.57,0.0017506774518144,0.00284279626009717,0.0016203938682553866,Great prof and a super guy. Wish I did my PhD with him instead!
16058,448,1.0,0.53,0.0018023543984163,0.003037983011278275,0.0016101309959774858,I just could not keep from falling asleep. Extremely dull. He does harldy anything but read from the book.
10856,43,5.0,0.65,0.0022829096585416,0.0024520269653697142,0.0015938175274903142,"wonderful professor and probably the smartest man on campus. Do your reading and contribute daily and you will be fine, never make fun of his kids."
1115,1040,1.5,0.59,0.0007996902080141,0.0027006069077391954,0.0015933580755661252,He doesn\'t know how to teach outside of engineering. Basic/Simple physics became extremely complex. He changes units at least 3-4 times a problem on tests and goes between metric and US units often. it\'s confusing.
1941,1145,3.0,0.67,0.0003988349417205,0.002374680779473325,0.0015910361222471279,ehh. not too bad. not too exciting either. projects are a pain.
14321,315,3.0,0.57,0.0010918769262518,0.002763151570815545,0.0015749963953648606,"Deep down, I know that Dennis is a good guy. Just a little misguided. His classes were BORING though. You don\'t really need to pay attention to pass, though. RUNNER UP 3 YEARS STRONG! YESSSSSSSSSSSSSS"
8033,1197,4.0,0.57,0.0015105874544445,0.002762575410614155,0.001574667984050068,"She\'s a little over the top, to the point where I\'d even say she\'s annoying. She\'s obnoxious and loud, which can be cool but only in moderation. Sitting through an hour and a half class twice a week was a bit too much of Shelly for me."
17247,370,2.0,0.68,0.0006344682840772,0.002308031401776105,0.0015694613532077515,Where do I start? Feth is awful. Grouchy. Rude. Boring. She disrespected everyone in our class and made us all feel stupid. She was completely inappropriate at times. Don\'t bother asking questions. Or making light conversation. Good luck if you don\'t understand something. I didn\'t use the book at all. Just notes. Hardly went b/c she was so mean.
11976,576,2.0,0.81,0.0003077512088536,0.0019126302610887299,0.0015492305114818714,"It\'s been years since I took Calc 1 with this professor and I still avoid him on campus - never has a professor made me feel so low and stupid, and I don\'t even think he knew my name. I used to love math/front row student - now ..."
8172,104,4.5,0.52,0.0005351094461048,0.002935190392304015,0.001526299003998088,"She\'s very nice and friendly. Class is easy, mostly participation. First few classes are in a classroom. The rest are in a lab. For lab we get in groups and assemble and disassemble a lawnmower including the engine and describe the parts. I didn\'t know anything about engines beforehand so I was a bit lost, but after I looked it up online, I got it."
10051,909,4.0,0.69,0.0004394548673121,0.002211745743311085,0.0015261045628846487,"He DEFIANTLY plays favorites. He will love and defend his Film major students and practically brush off other majors. However, he\'s worth it. I took him at 8 in the morning and he had so much energy! You just have to take his comments with a grain of salt."
10423,1180,1.0,0.62,0.0011736587252817,0.002420477197460735,0.0015006958624256559,I was really looking forward to my first psych class and he completely turned me off. It was a horrible experience. He definitely played favorites. He constantly complained about the core and was probably just upset that psychology isn\'t part of it.
13410,450,3.5,0.64,0.000960866640037,0.00233581513226256,0.0014949216846480385,This class was so freaking hard. I\'m sure its easy for mathsciency people.. but this was just really confusing to me. The lecture was so freaking boring. he is a nice man though!!
9066,55,1.0,0.5,0.0015931805677593,0.0029880132173466154,0.0014940066086733077,SHES HORRIBLE!! HANDS DOWN. Don\'t take her class!!
18631,362,5.0,0.79,9.225004401391388e-05,0.0018827015722556334,0.0014873342420819505,"My entire life has changed because of this professor. He gets inside you so deep and brings out strengths and talents, not to mention ideas, you never knew you had. No one has ever had such a profound and positive effect on me."
581,113,1.0,0.65,0.001000132339977,0.00227514174600439,0.0014788421349028534,"He is a horrible professor. His website is as awful as he is. http://sandlight.com/ ""design patterns are such stuff as dreams are made on"" is his catch phrase on his website. That doesn\'t even grammatically make sense, never mind the fact I have no idea what it means. I don\'t know how he can criticize anyone else\'s website. He is cocky/rude. AVOID!"
7699,844,5.0,0.83,0.0005885554444732,0.001760403677703115,0.0014611350524935853,"My favorite professor at Denison! There\'s no one better than Mark. That man knows what he\'s talking about...and as a young alum, he\'s got some crazy Denison stories!"
7698,844,5.0,0.83,0.0005885554444732,0.001760403677703115,0.0014611350524935853,"My favorite professor at Denison! There\'s no one better than Mark. That man knows what he\'s talking about...and as a young alum, he\'s got some crazy Denison stories!"
17275,176,5.0,0.5,0.0009612852062438,0.002916812242900115,0.0014584061214500575,"Simply amazing.I would love to have a professor like him again!!! If you get him, you\'re truly lucky. :)"
1516,320,1.0,0.77,0.0008604637834406,0.00188945705933637,0.001454881935689005,"I hope he\'s a better teacher than advisor. After two years with him, I walked in at the end of my junior year to ask about my thesis and he didn\'t even know my name."
18469,1298,4.0,0.52,0.0008567970582412,0.0027763285248098997,0.0014436908329011479,"(Sorry but I don\'t know off-hand what the course number is!). The guy is full of himself. It\'s easy to do well in his class since the only thing that he really cares about is if you can give his own words and thoughts back to him. Comes off as a nice guy, but his ego is taller than he is."
7514,172,1.0,0.61,0.0012292355914371,0.00236039493302789,0.0014398409091470128,"WORST.PROFESSOR. EVER!!! He was so boring, he didn\'t listen to students, and if anyone talked in class, he put them down. If you went to his office hours, he\'s always late and he won\'t respect your point of view - he will argue with you and make you think you\'re wrong."
4262,269,1.5,0.55,0.0012236877522887,0.0026116828235670207,0.0014364255529618615,"I was bored out of my mind. It was a night class and I couldn\'t stand it. So, obviously I am not going for that anymore. I would recommend not missing any classes because you WILL get behind."
12702,1309,5.0,0.65,0.0008182722727774,0.002196730243170502,0.0014278746580608263,"ensemble rocked, he gave us music that was a challenge and really pushed us musically. Jazz history is a cake walk if you only hold a minor interest. Amazing musician for a stiff morman. Doc is awesome"
9212,387,2.0,0.74,0.0015576602246713,0.00192792693475737,0.0014266659317204537,"dude. just dont. hes annoying. for the final group project, i told him my group wasnt working well together and he sent all of us an angry email. i really couldve cussed him out but i needed my grade. but srsly, just say NO. he looks like one of the angry beavers too. that is the only thing that will get you through his class."
4084,10,1.5,0.61,0.0014136004727236,0.0023345198120729247,0.001424057085364484,I took this professor for a Summer Spanish 101 class. My experience was terrible. He tries to weed out the students that don\'t already know Spanish. If you get a question wrong he will insult you. If you ask a question he will insult you. If you forget an accent mark. The whole question is wrong.
3092,140,4.0,0.57,0.0004361201434993,0.00249584565010348,0.0014226320205589836,He goes really fast- but you learn alot
12187,1328,1.5,0.69,0.0009669323534855,0.0020617228248672598,0.0014225887491584092,"If you don\'t write the same way she would, don\'t expect a good grade. just because you say something differently doesn\'t make what I said wrong. she needs to realize she didn\'t make the rules of english, and their are other ways than her way."
19883,1028,5.0,0.6,0.0009705090056051,0.0023620968435160445,0.0014172581061096267,"I took him for a hybrid class and at first I honestly thought that I was going to regret it because he seemed tough. After the first few assignments and in class lectures, I was really liking the class and him as a professor. He is a super cool guy. He loves to focus on music and artists that he likes. The topic papers are different and interesting"
9484,766,1.0,0.59,0.0007453053106547,0.00239094095681847,0.0014106551645228973,"Laura is one of the worst english professors on campus. She is moody, aggressive, and tries so hard to be liked by her students that she comes off very annoying. I took her for EWRT 2A on campus and she was very unorganized and confusing. She didn\'t have a set calendar and her canvas page was a mess and she was very rude if you asked for clarity."
8762,619,5.0,0.68,0.0005617919768206,0.00207038047077595,0.0014078587201276462,"he is the GREATEST teacher he has such a passion for teaching! Cumberland county stinks for not hiring him, I am taking my dads money else where! P.S. he has a nice arse. I wanna touch it"
2623,1221,2.5,0.85,0.0003011140795845,0.0016541031227819804,0.0014059876543646834,"if its not Greek its not that important. hey can you guys see this slide? oh forget it it doesn\'t matter (asian arch.) spends 10-15 fixing lighting in order to show greek arch. quote: ""these people blah blah.. This is grotesque"" very closed minded inconsiderate.but he may be a good design professor."
16526,71,2.0,0.56,0.0007256398307487,0.002496505882976535,0.0013980432944668598,"He is a good guy. I loved him but I couldn\'t understand his accent. This problem bothered all foreigner students. He takes just two tests, midd term and final and review for tests 2or 3 sessions."
8755,619,5.0,0.55,0.0014895042557561,0.0025336959468388845,0.0013935327707613866,"AND THE GREATEST TEACHER CCC EVER HAS HAS GONE! WHAT A TRAGEDY, WHAT A LOSS. WE LOVE YOU MR. CONSTINTINO..........."
14652,1112,3.5,0.52,0.0006923496551448,0.002675723862653975,0.0013913764085800669,Ebert is a great teacher. Hard to pay attention to the lectures sometimes but he grades on a curve and offers extra credit. I missed the final day and didn\'t even call him till two days after. He took time out of his schedule to give me the test and I passed. Really nice guy and he\'s really enthusiastic about bio.
8077,101,5.0,0.54,0.0009771887487261,0.0025734245103316397,0.0013896492355790855,"She is the sweetest kindest woman, and she really wants you to pass. She is the only teacher I know that provides you with STUDY GUIDES!!! She\'s awesome!!!"
11441,250,5.0,0.5,0.0015214368071573,0.0027722291299924103,0.0013861145649962051,One of the best professors I\'ve had. I would love to have him again.
16313,331,3.0,0.59,0.0006402279128459,0.0023454321143671197,0.0013838049474766006,"Can be arrogant at times, but overall he really does care and wants you to succeed....you really can\'t avoid him if you have to take lab--so just get used to his style. realize he has good intentions. Approachable most of the time...."
14352,405,1.5,0.58,0.0008868732559992,0.0023800050722698946,0.0013804029419165389,I thought he was a Chicano studies professor. I think he should stay there. He doesn\'t know enough about history to be teaching it.
12252,980,5.0,0.8,0.000818582718423,0.001715230065901415,0.0013721840527211322,"Owen has been my favorite teacher at Missouri State. Upon writing this, I\'ve discovered what has happened, and I am deeply saddened. Owen was an outstanding person, and it is a great loss to Missouri State and the world alike. I\'ll miss you, Owen."
14905,243,5.0,0.52,0.0011862468922627,0.002625341313070045,0.0013651774827964235,Cynthia is AWESOME!! I never write these reviews but I wanted to for this class because she is fabulous! She actually makes the subject material make sense! She has a real passion for what she teaches! Shes very prompt at answering emails and is EXTREMELY helpful!! I am hoping to have her again as an instructor!
9073,55,1.0,0.5,0.0011266525649095,0.0027134956709783547,0.0013567478354891774,Without a doubt the absolute worst teacher in Neumann college. You cant understand her and she makes absolutely no sense
10160,365,4.5,0.92,0.0013574606681784,0.001471420440749332,0.0013537068054893856,"Hebrew Bible, taking care of my GER.. And she is making it GREAT. Other reviews are old so listen to me. This lady is a real sweetheart, slightly intimidating at first but that vanishes. Quizzes on Fridays are straightforward. Two short, simple papers as well. Has a sense of humor and is a little cutie. I\'d take her again."
1502,1032,5.0,0.74,0.000830344801408,0.0018233358188623702,0.0013492685059581539,"I LOVE PETER KUHLMAN!If I could chemically make a baby with him I would! Best prof ever. He\'s so understanding, and is always there to help. I wish he taught all my classes. P.S. check out the paint!!"
10231,741,5.0,0.66,0.0011922862521779,0.0020381554540164597,0.0013451825996508634,"After I read these reviews I didn\'t want to like this class. But one smile at me the first day and he got me. Yeah, he knows he\'s a campus Rock Star. But it only adds to his charm. The man just loves his job. Never in a bad mood. Passionate and brilliant. Every class is a show. And you\'ll learn alot. Sit in front for the best view. :)"
8363,828,1.5,0.5,0.0013300835979927,0.0026828830881867748,0.0013414415440933874,It was horrible. he is such a hard grader. and he won\'t help you if you need him. try not to take this class.
8854,20,3.0,0.51,0.0008292111313469,0.00262183750803943,0.0013371371291001095,"Baer is baer... Once you\'ve acquired a taste for his VERY SPECIFIC exam questions, you understand what you will be asked in the future. It seems like he loves what he\'s doing, which is a plus. You love him or you hate him."
19517,495,5.0,0.51,0.0005884483165572,0.0026201114178444453,0.0013362568231006671,I graduated from WPU in 04- Thinking about going to grad school at WPU to get my masters because of professors like Dr.Olaye. He makes you work and think and the outcome is growth. A lot of people would like to go through the motions of college and not get anything out of it besides a degree.Get value out of all this money we spend and take olaye!
18751,905,2.0,0.86,0.0011739835035639,0.001543563687859945,0.0013274647715595526,"Watched him kick a mentally handicapped man out of his class before he turned to the man\'s mom and said ""don\'t try to back me in a corner"". He\'s a disgusting man and the people who think he\'s funny don\'t know when they\'re being insulted. He loves to fail students, makes him feel powerful. he\'ll withdraw you for challenging him,Plan to hate science."
19653,1332,1.0,0.7,0.0006879460089236,0.0018931527225428497,0.0013252069057799946,Only got the job because he\'s married to Sra. Budd and it shows!!! Doesn\'t care about the success of his students. Total nightmare just like his wife!
19607,251,1.5,0.72,0.0005586664150775,0.001839527337306635,0.001324459682860777,"She falsely accused me of collaborating on my final exam(im a good student& would never)called me & hung up on me when i told her i spoke with the dean. Later she never contacted me, letting me know that i was found innocent. i had to find out when i recieved my grades that i, in fact, had a grade in her class. Thank God she is leavin"
5163,1074,5.0,0.52,0.0010849301245019,0.00254469942198538,0.0013232436994323976,I don\'t know what you all are talking about. Rebecca was awesome. I never wanted to take this class but she was so fun and easy going I never wanted to miss a class! She is so down to earth and laid back. I love her!
8191,912,5.0,0.53,0.0012359648997264,0.0024917468613657448,0.0013206258365238447,"Best teacher I have ever had. Scary at first but then you get used to him and he\'s great. Understanding if you go and talk to him as well, but isn\'t a pushover. I recommend his class, as it\'s the only class that i\'ve ever found interesting enough to go to"
17962,519,5.0,0.71,0.0011069925333103,0.0018586792128740752,0.0013196622411405933,"He was probably one of the best teachers I\'ve had so far; he was clear and enthusiastic. However, I heard from a professor that he had passed away a couple of weeks ago, which I sadly confirmed through an online news article on legacy.com that said he had passed on 10/19/2011. He will be dearly missed."
9070,55,1.0,0.58,0.0010046542893415,0.0022652688508666193,0.0013138559335026392,"AWFUL! Do not take her as a professor! The most unorganized professor I have had. I\'ve never had any trouble in an english course and I am beyond lost this semester. Neumann has got to do something to fix this problem, after looking at previous comments it has been going on for a long time."
1255,857,1.0,0.52,0.0005578230311812,0.002520192455332585,0.0013105000767729444,Never ever ever ever take her im in class right now we just got another test and more than half the class failed. She can\'t teach well but she grades you work even worse she will take all your points for the dumbest reason
7418,926,5.0,0.53,0.0007568744912871,0.002464961740817735,0.0013064297226333997,"Mz Serra is great! She cares about all her students and makes giving speeches fun! I\'m no longer nervous to give speeches, because I know that she cares about me and only wants me to do well. Show up to class,give your speeches, and you\'ll get an A!!!"
11839,772,5.0,0.68,0.0006395652876878,0.00192095288975047,0.0013062479650303197,Very easy class. Attendance is not mandatory but if you sit in the front row and are absent she will remember your face and wonder where you are. She\'s very accommodating to those with disabilities. Gives a make up exam session at the end if you miss the one in class. Get ready to hear about her own sex life..
366,924,1.0,0.58,0.0016553563856912,0.00225158190179292,0.0013059175030398936,"Save yourself the headache. If you are late, you\'ll probably sit in the corner with a dunce hat. He\'d make people sit along the wall if they were late. He spontaneously picks on people, it just gets annoying. The 1st day he lectures on his life from age 3-present time. You\'ll feel like you never graduated H.S. or that you\'re in the twilight zone."
10292,1374,1.5,0.62,0.0006066590806515,0.00210096771822132,0.0013025999852972184,"He knows psychology but he is VERY scattered and unhelpful. I dont know what happened between the good reviews and now but he does not like us asking questions, he gets off topic ALL the time. Most of us bought the book from the bookstore and they have the 12th edition. He is still on the 11th and doesnt care that the chapters are very different."
18291,880,2.0,0.79,0.0003753259097078,0.00164522340420635,0.0012997264893230165,"very nice teacher good on grading, but hard to understand hand her handwriting, also hard to understand her accent, she is all over the place can be very confusing"
16946,1090,2.5,0.5,0.0010777667826362,0.002584083819523635,0.0012920419097618176,Felt more like an art director than a teacher. Very different from the other conceptual brains at saic. Runs an ad agency so i guess its fitting. Class was dull and did not move forward at all. Very arrogant and moody person. Glad to have found the amazing women of viscomm. Much more passion from them.
262,324,5.0,0.53,0.0015051302544054,0.00243190374099096,0.0012889089827252088,She made it easy to give speeches in class. Loved how she made us do warmups on speech day.
12023,1146,4.0,0.59,0.0014761538903577,0.002172507324957575,0.0012817793217249692,"She is awesome, read the readings, participate a little and you\'ll do fine. She is so chill, her discussions are awesome even though we always get off topic. I really loved this core class with her. She is a bit flakey and is late to most things, but she\'s still awesome."
13450,658,1.0,0.79,0.0003534012938413,0.0016213404246915749,0.0012808589355063442,"He is pretty much one of the most useless professors at Montclair. I don\'t really have anything to say about him other than the fact that he is useless and a miserable human being. What a shame too, because the FCST department is full of wonderful professors. Unfortunately for him he just cannot compare. Take somebody else."
13458,658,3.0,0.53,0.0008929867450708,0.00241228202380939,0.0012785094726189769,"He is a good guy, I think he is just misunderstood. I am unsure about the grading, I am hoping not to get low balled with an A- because it will kill my 4.0. He takes fractions of points off of things which seems unfair. It should be right or wrong, there is no way to know the exact answer he is looking for. I\'m biting my nails hoping for the best!"
11301,385,1.5,0.58,0.000972411317091,0.0022017902448686648,0.0012770383420238254,Talked too fast. Gave too much information in too little time. It was very frustrating for those who didn\'t already know the computer programs. Dealing with him in lab was a bad experience. Glad it\'s over. I guess I don\'t like him very much. Sorry. Avoid him if you can.
1472,373,5.0,0.6,0.0006895136292254,0.00212690559696176,0.001276143358177056,"He\'s the best teacher sociology teacher I have ever had. I\'ve been through colleges & universities in norcal and socal & he\'s the best soc teacher. For the person who says he\'s cocky,he\'s not really. But he has every right to feel smug. He\'s been through the peacecorp & he\'s trying to open a nonprofit. What the hell have you done for this world?"
18939,68,5.0,0.55,0.0015322179652922,0.0023100883237981047,0.0012705485780889576,She is an awesome professor!! I love the woman to death!
6322,581,5.0,0.92,0.0012660481498641,0.0013732841733266222,0.0012634214394604923,She\'s great. Very helpful. Very clear. She won\'t screw you over; she\'ll answer questions to clarify anything. AND she has a great sense of humour!!
7853,235,5.0,0.77,0.0003778685427426,0.0016396808019014943,0.0012625542174641506,She is very interesting and tells you about different people in Canada in a very friendly way. It is an interesting class.
1481,373,3.0,0.66,0.0007249828059206,0.001912589793071085,0.0012623092634269162,"You either like him or you think he\'s a strange little man. He tries to make you think he\'s very wise but when you analyze deeper, you see he\'s just a cocky, knowitall. If you like group work,sitting in cicles and sharing feelings, this is the class 4 u"
3505,1107,3.0,0.62,0.0012890723367272,0.0020348627722647197,0.0012616149188041262,"The guy is a complete ass. He is rude to his students, if you come in late, need to use the bathroom or ask a question he makes a scene. But it is an easy class. He wont tell you your grade tho- you should just know it. ?"
16390,433,4.0,0.62,0.0016172154301511,0.00202167386573599,0.001253437796756314,"cool guy, only had him for a week but seems real easy to get along with and definately tries to keep you interested in his topic"
2324,407,1.0,0.51,0.0008586634255196,0.002452216858198545,0.001250630597681258,"Although he\'s a nice guy, Prof G is the worst professor I\'ve had at Pitt. He teaches straight from the book, and you don\'t learn any application (which is basically what the tests are). Went to his office hours many times and didn\'t find it to be helpful at all. He knows what he\'s talking about, but he sucks at teaching."
1785,524,3.0,0.75,0.0006691796869311,0.0016626918439455601,0.00124701888295917,"He will help you out when you need it. He confused me on alot of things, but hes a good man. Accounting isn\'t the easiest thing to teacher..."
4723,818,5.0,0.62,0.0012790348739311,0.002010622062330325,0.0012465856786448015,I wish she was still at el Centro. I miss her and they need her here. She is the best baking/pastry instructor they had here.
17232,1155,4.0,0.59,0.0005000096375592,0.002105660961277415,0.0012423399671536747,"at first i was very encouraged and found him to be very interesting and intelligent. then i got sick of him showing his ""award winning"" work with all the ""famous"" people he interviewed in his book. i ran into someone who said she was in the j school 20 years ago and dropped out because of the arrogant teachers like ryan..."
1369,173,3.5,0.7,0.0011204113525095,0.001774075136919665,0.0012418525958437655,"Hate science, he made me love it. Very interesting class."
18967,99,5.0,0.6,0.0013711863550907,0.002069616187227885,0.0012417697123367308,This guy is awesome. Seriously if you don\'t get an A you\'re an idiot. I took him last summer when I was 15 years old...
8383,1014,4.0,0.55,0.0014137519016176,0.00225564791109111,0.0012406063511001106,"Great guy, a bit monotone though. I\'d definitely recommend his class"
11924,803,1.0,0.7,0.0010163671707647,0.0017702403427342299,0.0012391682399139608,"she\'s horrible, annoying to listen to, and picks favorites, it\'s VERY hard to get a good mark in her tests, even if u have asked her for help and she does, you\'ll still do bad...NOT recommended"
15065,965,5.0,0.65,0.0010538379623733,0.0019038516175955747,0.0012375035514371237,"Nina is absolutely amazing. She\'s got a great sense of humor, is very easygoing, and loves what she does. She\'s so energetic - she\'s what makes choir so great. Just be sure to show up to class and learn the music, and you\'re golden."
11315,1019,1.5,0.51,0.0008741767022604,0.002422113810380075,0.0012352780432938384,"He was a horrible teacher. You must avoid him if you can. His exams are hard because they have tricky questions. He comes off as a very approachable guy, but beware. Gives you problems from the book to study yet none of them relates to the probs on the exams. He\'ll try to help you during the office hour, but still doesn\'t help. Goes WAY too fast!"
13257,910,4.5,0.62,0.0014205421812206,0.001987071311901355,0.00123198421337884,I took his class becasue of the comments on this website. I couln\'t be more glad. Love his sense of humor. Very considerate of the working adults. Didn\'t get to talk to him personally but I could tell he\'s a great person who cares. Class: Challenging but great! would take him again in a heartbeat!!!
10028,1153,4.5,0.67,0.001324479101392,0.00183286644927967,0.001228020521017379,"I would be lying if I said he was easy. But his personality is the besy! He hates kids, which will become apparent through his sarcasm and comments. He is a genius. And I personally think he is very attractive. As for papers, be prepared to cry and know your topic won\'t pass him off before you pick it. But if you get on his good side he will help!"
19547,8,2.0,0.52,0.0010746728952454,0.00235271171687728,0.0012234100927761857,Very difficult to understand notes. Concepts are not explained in simple terms. Seems like she thinks we are already supposed to be chemists or something.
9244,1350,1.0,0.53,0.0008729478948806,0.002307093860493495,0.0012227597460615525,Terrible. You cant understand him and he doesn\'t even know how to work WebAssign or Blackboard. Very thick accent with very poor English. Don\'t take him unless you want to teach yourself.
2124,27,1.0,0.53,0.0009490462839199,0.002299696534555575,0.0012188391633144548,Lecture moves like a slug. Teaching style is mundane. Lecture seems like a seminar. She is kind of rude. Snobbyish. Stays on the same point for long periods of time. She asks too much of the class (in terms of questions). You can tell what she\'s going to say before she says it.
5229,412,3.0,0.59,0.0008406138629845,0.0020610062012723553,0.0012159936587506895,"So... He is the most confusing person I\'ve ever heard speak. However, he can be so helpful if you JUST ASK FOR HELP. I really encourage going to office hours, they help a lot. And he really is a really great guy. You have to learn when to stop paying attention when it stops making sense."
407,361,4.0,0.8,0.0007535262036675,0.0015199433268694152,0.0012159546614955322,"Eleanor intimidated the hell out of me when I first had her. She\'s smart, can defend her views, and expects the same out of you. Beware the eyebrow of death. Once I got to know her she was charming, warm, and blindingly intelligent. Though she focuses on race, I never felt I was evil for being white or that I was graded down for disagreeing."
12733,35,1.5,0.65,0.000742717979266,0.001870659967927415,0.0012159289791528198,"Terrible. Just god awful. I have always understood math but this man just ruined it for me. ""Quizzes"" are huge and don\'t even go along with the homework.. No matter what, avoid this teacher. He\'s extremely rude and talks down to his students. Overall just a mean guy"
7042,462,5.0,0.52,0.0017608962595223,0.0023270795857554,0.0012100813845928081,"Wow, what can be said about Mr. E? World\'s greatest professor. He and I are good friends, and I still deejay at WVCP."
2353,270,5.0,0.5,0.0015590489680058,0.002407413888930805,0.0012037069444654025,I just love her! What a great professor!
4386,342,3.0,0.55,0.0008836106339266,0.002187408771515825,0.0012030748243337037,"Boring. Didnt really stimulate my thinking. Read material straight off powerpoints. Nice guy, but bored me. Class is relatively easy."
2377,706,1.0,0.61,0.0014198741291694,0.001970424104086735,0.0012019587034929084,"If you ask questions, she acts as if you are stupid and expects you to know the answer. She\'s rude. She may need to stick with regular English 101 and not ENG 257."
10036,1153,4.5,0.58,0.0012506721245714,0.0020676576805977497,0.0011992414547466947,Very blunt teacher however he is hilarious. At first he comes of as a self centered person but after two weeks you get used to him. I recommend taking any class he teaches.
5947,895,4.5,0.5,0.0017544244145576,0.00238719223056718,0.00119359611528359,Mrs. McVey is an excellent instructor. She does keep it moving to stay on schedule but she explains everything step by step. She doesn\'t leave anything out. She is very willing to help you and informs you of all of your resources. She wants you to do good and has a good sense of humor. Will answer any questions. Enjoyed her class!
2130,27,5.0,0.63,0.0008747494074411,0.001887619932446765,0.001189200557441462,"Wicked instructor, y the hell did she have to leave us midway through the year though? It cost me my A!! Her tests are hilariously easy. Trust me, whatever you think of them, just hold it in and WRITE THEM AND BE HAPPY. It could be worst, TRUST ME. I appreciated her way more after she left."
13906,1283,4.5,0.61,0.0007309515791442,0.0019491210815586143,0.0011889638597507547,"Tests very hard, failed everything except made a C on final and somehow managed to make a C in class, if you are having a hard time go talk to him about it act interested in his class and if you are a girl act interested in him and he will pass you, dress cute and flirt, but class is pretty hard"
5775,244,1.0,0.65,0.0006270085766816,0.00182242240831406,0.0011845745654041392,"If you want to learn how to do accounting, don\'t take her! If you ask her a question, she will answer with another question and you end up more confused than what you wereorginally."
7719,256,5.0,0.5,0.0009893119453213,0.0023676437535177348,0.0011838218767588674,"Excellent, best professor ever!! He is the greatest!!"
1927,742,3.0,0.61,0.0010128949980901,0.0019377701577510502,0.0011820397962281407,pretty good looking but mad moody.one day stupid nice then some days shes just nasty. alot of tests and no cheating. like a hawk.fun class but not the easiest.
1180,923,4.5,0.86,0.0007332111698581,0.0013739204550877063,0.0011815715913754273,SO COOL. will help you out as much as he can and is very flexable. just dont be an ass and youll be ok. I LOVE THIS TEACHER
6864,83,5.0,0.73,0.0005766583676967,0.00161799923922141,0.0011811394446316294,BEST TEACHER EVER!!!. God he\'s so cool. Easy A every time and such a down to earth old man. I took all my englishes with him and near amazing. Very good teacher and it\'s so easy!! AWESOME.
4065,1390,4.0,0.59,0.0009391905300412,0.00199872654695279,0.0011792486627021461,Wang Laoshi hugged me one day suoyi wo hen gaoxing!She is very understanding and helps you through Chinese if you\'re having trouble. She means well. everyone should go to Chinese table!
14506,1143,1.0,0.77,0.0006290883966069,0.0015295572095320048,0.0011777590513396437,"I felt so discouraged after this class!! I always thought when things are a myth there is no right or wrong answer, sorry but to him there is only his RIGHT!!"
7449,175,5.0,0.61,0.0014069720503342,0.00193022943481556,0.0011774399552374915,"She is the nicest woman ever, low homework...she is very understanding..i got a kidney infection in the middle of semester and was out for 2 weeks..i tried to come back and she said ""you dont look so well go home and rest"" NICEST WOMAN EVER! no tests, midterms, and finals! sooo nice! just engage in dicsussion you will make her day!"
14874,1176,1.0,0.57,0.000525314678379,0.002061532933401995,0.001175073772039137,"Horrible...please don\'t waste your time with this women.Take genetics somewhere else.Not only is she extremely boring, but she is extremely inept as well.Many questions were asked by students,most of which she could not answer.She even admitted that she has a difficulty with teaching genetics.Very disappointing considering her PHD status."
10401,1263,5.0,0.62,0.0010332995410023,0.0018928250836293147,0.001173551551850175,"I really liked her. I had her twice, and she made me think. She does play favorites however, but if you participate she will like you. She is more about the thought behind things than the technicality of the work you do."
11240,815,1.0,0.55,0.0011989220879373,0.0021254017371956854,0.0011689709554576272,Doesn\'t treat students with respect. Dude is on a power trip.
11925,803,4.5,0.73,0.0009173916751983,0.00160007539388215,0.0011680550375339695,"Last class she said ""sure"" 79 times. Emphasizes words to the point where you can\'t even stand to listen to her talk. Emphasizes S\'s --soo annoying."
17056,442,4.0,0.52,0.0010955385656173,0.00223418482245707,0.0011617761076776765,"He\'s a little intimidating at first, but you get used to his style. He throws alot at you and expects you to pick it up quickly. The course was difficult at first, but got easier when I got used to his style. Definitely read the books and go to class!"
14738,184,5.0,0.71,0.0003910010007355,0.001635535480448455,0.0011612301911184029,Idk what everyone is talking about. She\'s great. Always gave me back all my papers and replied to my emails. If you\'re leaving a negative comment then that probably means you got a bad grade. Which is obviously your own fault. I got a 98% ;)And it was easy
2522,30,2.0,0.55,0.0006996940415334,0.0021069883271416998,0.001158843579927935,I have never met a Professor who is so rude and condescending to students. She would humiliate students in my class on a regular basis. Obviously thinks the world of herself...talks about herself constantly. Very harsh grading and gives TONS of very dry reading. I would never recommend a class with her.
10630,40,5.0,0.71,0.0004483820010171,0.0016298235540189313,0.0011571747233534411,right now whoever gets him as a prof should feel lucky b/c he is definitely a step above the rest of the teachers here and i wouldnt be suprised to see him move on to bigger and better things soon...he used to teach at yale i believe.
3457,1135,4.0,0.73,0.0005950552421229,0.0015830174024690751,0.001155602703802425,"Aww, I read some negative feedback about Mr. Rogers, but it\'s not true. He\'s a good teacher, and kinda lets things slide. Just don\'t smoke around him, because he says smoking DESTROYS cilia, but we ALL know it paralyzes it..... Keep up the good work. He is good teacher."
16391,433,5.0,0.56,0.0013368570494275,0.00206163520803116,0.0011545157164974498,good teacher very helpful and easy to get along with
12769,954,5.0,0.64,0.0009336797339814,0.001803904758891785,0.0011544990456907424,"Had Nancy for plant physiology around 1986 and still remember her class. What a great teacher. The reviews that say she plays favorites are absolute garbage. Warm, enthusiastic, friendly, supportive. Clear, understandable lectures. Hard exams. Excellent."
7190,955,4.0,0.57,0.0010214078076429,0.0020187439407919703,0.001150684046251423,"Nancy is a nice person and really wants you to understand the material. In regards to the comments on her being mean and rude I did witness that but I think it is one of those things where if you nag her and get on her bad side you stay on her bad side. Just do the work be nice, and ask questions and remember she is a person just like us!"
19531,687,5.0,0.63,0.0006092191005622,0.001826064780903235,0.001150420811969038,I really liked Kaci. She taught pretty well and I felt like I got a good grasp of the subject. I really thought she was hot so maybe that had something to do with it. I could not take my attention off her.
8831,1260,2.0,0.68,0.0008373513470633,0.001679814012977775,0.0011422735288248872,very livid about students talking during class. She seems like an ignorant person.. I would not take her if I was you.
4456,1123,1.0,0.53,0.0015465495059867,0.002151824404652535,0.0011404669344658436,Ware is the worst teacher I have ever encountered. At a Master\'s level I think everyone is aware how to site a paper. He spends too much time talking about about his accomplishments and how much he has been discriminated against. Grow up and talk about the subject matter!
17992,50,1.5,0.7,0.0006151196171941,0.001628679895084205,0.0011400759265589434,Avoid this teacher. Juan Carlos Garcia is 100 times better!!
8032,1197,5.0,0.74,0.0012460415568326,0.001540467190200085,0.0011399457207480629,"Shelly is by far the best she is very clear at the start what she expects and its up to you to so the work but she will go aove and beyond to help you with any problems you have I took her for 101, 102 and a lit class just because i enjoyed her sooo much take her you wont be sorry"
2581,460,1.0,0.54,0.0012847427385785,0.0021090032746351054,0.001138861768302957,"I called this my ""assumed"" history class because of the number of times she said ""I think this is what probably happened even though that\'s not what the book says."" Also she had us outlining the chapters and then lecturing on the same material it really was overkill for a topic as basic as US history."
11449,250,5.0,0.55,0.0007097095356321,0.00206894320970343,0.0011379187653368867,"Well...besides being a beautiful man, he is brilliant and mysterious. I love his class..lectures are easy to follow"
10337,875,5.0,0.6,0.0009435629066649,0.0018906917722053798,0.001134415063323228,"Theres not really much to say about her besides she is an amazing teacher. She loves what she does and when she starts to get in to it you can see her eyes light up. She is incredibly sweet, and will help you if you fall behind. Tests and quizzes are open book, and the semester project is BIG! but worth it in the end."
11736,1027,3.5,0.65,0.0003682187350368,0.001741913619312375,0.0011322438525530438,"While much more cantankerous and demanding than most professors, Professor Bloom retains an incredible degree of integrity. It took me a good seventy percent of the semester to warm up to him, but venerable and somewhat-scary character that he is, I hold him in the highest esteem."
4109,264,1.0,0.53,0.0011487875005764,0.002135364565097,0.00113174321950141,"This was by far the worse course I had ever taken. Not only is this professor rude, disrespectful and confusing, but he has the audacity to insult people. I knew he was going to be a problem when I saw that he and Panzarella wrote the book; and by the way the book sucks also. DO NOT TAKE HIM!!!!!!!"
19343,281,5.0,0.65,0.000476647341514,0.00174087887683465,0.0011315712699425226,you either loved him or hated him for the most part. i loved him as a prof
10445,1349,2.0,0.57,0.0007454029426097,0.0019820962608028746,0.0011297948686576384,Hard to understand with his accent. Lectures were tough I passed with a B+ even with his review sheets. Really nice guy though! Just not recommended unless you know Math.
1307,1306,1.0,0.64,0.0008624338683674,0.00175758014798794,0.0011248512947122816,"Loves C\'s like they proved his teaching skills. Is ill tempered and generally just annoying, avoid if you can, especially for reporting."
370,924,1.0,0.52,0.0008365256626285,0.0021557999523940004,0.0011210159752448802,"The most incompetent and offensive A/H you will ever encounter in your life. Stay away from this professor, and you should have a rewarding college experience."
19564,529,4.0,0.56,0.0012991949385388,0.0019905742416938,0.001114721575348528,"A very good professor, but his life is a lie..."
4656,12,5.0,0.65,0.0003930187260145,0.0017100648266447983,0.0011115421373191188,I had him for Crisis Intervention and Abnormal Psych. He is the nicest teacher I have ever had! I never heard him raise his voice once and he is also very interesting. He makes class fun to go to. You watch a lot of videos too.
3383,1266,2.0,0.5,0.0004869845729485,0.0022152177094887896,0.0011076088547443948,"His lectures may be entertaining because he is so knowledgeable and incorporates many anecdotes, but I have not had good experiences with him in person. He has been extremely rude to me and I have witnessed him be rude to other students. It ruined my experience to say the least"
14415,532,2.0,0.65,0.0004463628021833,0.0017020484560650098,0.0011063314964422563,"This guy litterally borders on racism. The entire semester, we talked about stereotypes, and I kept leaving class feeling like a lot of what I heard was how evil I am because I\'m white. Further, he refuses to fully explain his assignments and he really doesn\'t explain anything very well at all."
6755,465,4.0,0.64,0.0009324899611077,0.0017234141568389647,0.0011029850603769375,"Mann, is great! It\'s a hard class but I love it!"
18697,479,1.0,0.6,0.0009938904826664,0.00183477335945626,0.001100864015673756,sour and not friendly to students. i dont think she likes her job very much.
6899,512,1.5,0.67,0.000989253664788,0.001641632892244535,0.0010998940378038385,Do not take this guy for chemistry! Warning! You will not pass.
12748,35,1.0,0.77,0.0009005633429827,0.00142727031065725,0.0010989981392060825,"Mr. Glennon does not help his students. I don\'t know what these two posts below me are talking about. they are trying to trick you to join the class, because their is always so many open seats in his class. Glennon uses his students, and constantly uses bias\'s against students he does not like. Glennon is a predator, STAY AWAY."
18647,362,5.0,0.64,0.0006869433755547,0.0017170437395506051,0.0010989079933123873,He opened my mind and then stretched it. Now I am a different person. Prof. Amdur is a wonderful teacher and mentor.
6769,1048,4.5,0.5,0.0015591383432816,0.00219651711288858,0.00109825855644429,"Pretty cool guy. easy to get along with. I did well without the power points, hand wrote the notes, got an A with them. Talks real loud because he can\'t hear himself."
7902,925,3.5,0.51,0.0007352407507119,0.0021490556111123747,0.0010960183616673112,"lectures were fairly boring with a few corny jokes thrown in. takes attendence every day which is the only reason i went to class. he was actually rude to me when i would say hello to him outside of class, he didn\'t have a clue who i was so he would just ignore me! great study directions, easy tests"
13130,870,1.0,0.52,0.0010389082607325,0.002106055508893165,0.0010951488646244458,"DO NOT TAKE THIS TEACHER, unclear, test ?\'s are Awkward She puts half the class to sleep with her lectures.She makes Hist. even more boaring. she is unorganized. she will lose your work and blame you. doesn\'t know what fun is."
11402,476,3.5,0.69,0.0008677139911185,0.0015850284976219851,0.0010936696633591697,I was really scared to take his class after hearing all of the stories about him. He really isn\'t that bad. The problems on the test come straight from the homework. The multiple choice questions can kill you. I don\'t sense any malice in him as others suggest. I can\'t say the same for Brennan.
16803,445,2.0,0.59,0.0010484041826507,0.001849263198712155,0.0010910652872401715,"SHE IS AMAZING AND SO SO NICE. ALMOST EVERYONE GETS AN A IN HER CLASS, LITERALLY. VERY EASY TEACHER. YOU WOULD BE STUPID NOT TO TAKE CLASSES WITH HER."
12706,1309,1.0,0.57,0.0006958323941916,0.0019125789810755848,0.0010901700192130833,I HATE HIM! He is vague and boring! All of his assignments were complete jokes and he had no idea how to explain even the simplist concepts. NEVER take a class with him. He is so unclear that I can\'t even begin to describe
16453,969,4.5,0.61,0.0011423137623528,0.001778807707639755,0.0010850727016602506,"Hard teacher, but all of his pushing is so you can find the better you. He gave me a really hard time and I thank him for it. Love, love, love me some Norman and his wrestling boots."
17683,624,2.5,0.52,0.0012913046003655,0.002080641146506415,0.0010819333961833357,Douglas is a very monotone person. Lectures were boring and he never seemed like we wanted to be there. You read history novels as well as the textbook. Give a sheet that provides the exact questions on the test. The was probably the best part about him. Dreaded going to his class.
5466,919,1.0,0.55,0.0009320693154315,0.001962982245590385,0.0010796402350747118,"WORST PROFESSOR EVER, hes def. on my worst professor list. This guy has so checked out of teaching its not even funny, hes close to retirement and it shows. He didnt even correct our papers he had his grad student do it so in reality we werent even writing for him because the grad student wasnt even correcting by his guidelines! He\'s so boring."
8989,1304,5.0,0.52,0.0012366325372021,0.002075843455126565,0.0010794385966658138,"took both of his gangs classes. would love to take more. he\'s funny, easy, love his classes. must take this professor."
4038,219,2.0,0.5,0.0010857783596095,0.0021577196569576105,0.0010788598284788052,awful. would not recommend unless you are in running start and don\'t have a job. she says she goes over homework so you can have the right answer when you turn it in. not true. runs through class so fast and expect you to pick it up and repeat it back but unless u already have somewhat of a solid foundation in Spanish you will be left behind.
18684,479,1.0,0.55,0.0005349376693675,0.001958811416437975,0.0010773462790408862,"Her attitude shifts from one class to the next. She acts like she is only there to draw a paycheck. Her teaching is vague and dependent on her emotion. She can be very rude. Even if you try your hardest, she dismisses it. If possible, find a better instructor for Stats and Probability. Even with her credentials, I question her scientific capability"
3602,166,1.5,0.52,0.0008947723378939,0.0020686550292288953,0.0010757006151990256,"this guy sucks. i know biology and i got a D! am currently retaking it with flores and i got an A on the first test. i recommend taking it with flores, he\'s straight forward. supposedly we are getting a new bio prof b/c wolfe was ""let go""; who knows how they will be though. they could suck just as much as wolfe if not worse."
1219,1154,4.0,0.6,0.0008848549289197,0.0017923811266774199,0.0010754286760064518,"Ryan Stark... so many words for Ryan Stark. Take the class, ignore your first impression of him. I think he\'s a swell guy, although I\'ve seen him like four times between 2 and 4 am wearing flannel. Super funny, surprisingly a difficult grader, but there\'s are revisions."
16631,350,4.5,0.56,0.0006831416219512,0.00191782748824486,0.0010739833934171217,VERY attractive. It\'s almost distracting. Helpful and good professor.
10776,1038,5.0,0.64,0.0003657173294917,0.00167683450580713,0.0010731740837165633,"Dr. R is a gem in the EM program. He is a tough grader and is picky about what he wants, but he makes you work for your degree. Honestly he is not exactly an expert in the field of sport and music management but he will try his best to help you out and find people that can answer your questions. He really cares about his students. Get to know him!"
18100,1020,2.5,0.75,0.0004078842439662,0.00143038162350395,0.0010727862176279626,"as crazy as it seems, she actually helped me out with the final. all her crazy rambling on about all this weird stuff was exactly what i needed to know for the final. I just took the final and believe I did Extremely well!"
5742,87,5.0,0.57,0.0007054753872083,0.0018755835929172183,0.0010690826479628143,trentham made this class very easy and understandable......he has great stories to tell too.......
7802,202,5.0,0.78,0.0005709557598546,0.0013685764681906222,0.0010674896451886853,He had this Peter Parker /Clark Kent quality about hom that was sooooo sweet. His class was awesome.
13422,956,2.0,0.5,0.0011476450366864,0.0021348233146307755,0.0010674116573153878,"ugh, shes a smart lady but arrogant. She talks to you like you\'re dumb when you ask a question. She contradicts the textbook on the tests. Cancels classes and you pretty much have to teach yourself everything, but you\'ll still be wrong. DONT take if it\'s an elective. You\'ll most likely be stuck with her, so good luck."
13459,658,2.5,0.55,0.0009805363678247,0.0019374464782864248,0.0010655955630575337,"He is completely and utterly horrible. He expects so much from the class, but does not help whatsoever, he expects his aide to help the whole time. He makes the rudest comments about people using their phones and even threatened the class about it. STAY FAR AWAY!"
8291,945,1.0,0.62,0.000765004881318,0.0017167161961957448,0.0010643640416413617,"Professor Sharif is unintelligible. His accent is atrocious, and he speaks as though he has a mouth full of marbles, and his handwriting is somehow worse. He writes both his ""v\'s and r\'s"" as you would a gamma, which come up a lot in dynamics. He isn\'t capable of doing his own problems in class, and made the 2nd test the day after the drop date."
17221,1155,5.0,0.53,0.0005169032043768,0.0020024809818298952,0.0010613149203698446,"Dr. Ryan is an amazing creative storyteller and is renowned in the multimedia community for his skills and expertise. During my time with him, we had many influential people come in as guest lecturers including the Creative Director for Coca-Cola, Design Moguls and renowned faculty. Get to know him, stay after class and participate. It will help"
18405,908,2.0,0.71,0.0004903793685105,0.0014854557827625149,0.0010546736057613854,"Get ready to read ALOT! We basically read articles that were pointless throughout the semester and got quizzed on them. Blitz is also a confusing guy, he may seem like an intelligent guy, but he often goes TOO FAR with the point he\'s making and totally loses you. Avoid if possible."
7522,172,1.0,0.6,0.0006945738628161,0.0017530164456892399,0.0010518098674135439,The man is insultive and unable to conceed any point. He is an awful lecturer and his theories are ridiculous. What a waste of money.
12897,1389,1.0,0.52,0.001260859369988,0.002015379918041265,0.0010479975573814578,"She needs a new career, some psych help, or both. She bases grades on whether or not she personally likes you. Her classes do really stupid things and have 0 structure. She yelled at me in front of everyone for things like bringing a newspaper to class, wearing heels, and mispronouncing some random word. Don\'t F up your college career with this one"
16468,676,1.0,0.68,0.0008522347049842,0.001535683253285375,0.0010442646122340552,"By far the worst teacher, I have had. Wish I paid more attention to her reviews. Majority are 100% accurate, save yourself the headache."
14767,453,4.5,0.55,0.0006477511537756,0.0018831666340822701,0.0010357416487452487,"I really admire his passion about music, and his interest in the students. He\'s a truly amazing and good-hearted person. The top of his profession. Bravo Dr. D!"
11443,250,5.0,0.52,0.0008802523558518,0.001976291643190355,0.0010276716544589846,The greatest professor at phillyU no! the world possibly the universe. I recommend u take his classes every chance you get.
11448,250,5.0,0.58,0.0004945540985554,0.001771544202278635,0.0010274956373216083,This professor is truly a God. He is so incredible and he doesn\'t even know it. The way he talks is mesmerizing and he can keep your attention for hours (that is if you can concentrate without staring at his gorgeous body). He is one of the smartest people I have ever met and is so willing to help students in need.
563,558,5.0,0.76,0.0004050958823857,0.001351570928421805,0.0010271939056005718,I cannot understand how anyone can say that Dr. Kent does not offer feedback. He is always available after class and during office hours. He will answer any questions you have but you have to ask. Don\'t expect him to know that you don\'t get something. ASK HIM. Tests are intense but he practically gives you the test in his reviews! STUDY THEM!
8817,1151,1.0,0.51,0.0010686253211,0.0020135809856346148,0.0010269263026736536,I think it says something that the positive reviews all have negative user reviews whilst negative reviews have positive user reviews. This professor is just awful. Stay away from this class. I recieved an A so I am not just complaining. Her teaching style is godawful. Many people drop out of the major cause of her. Awful role model.
14753,453,5.0,0.7,0.0008888835674308,0.0014652600820264498,0.0010256820574185148,My Experience with Dr. Greg Detweiler made me choose a different career path. Originally I pursued music as a hobby. I graduated from MSU with a degree in Political science. Through his support and guidance I now coach VoiceOver and have a successful career in the arts. It started with concert choir and ended with practice!
3730,1136,1.0,0.55,0.0004027585650372,0.00186155517326872,0.0010238553452977962,Horrible teacher. He seems passionate but it is about nothing. Hard to understand. I couldn\'t stand one and a half hours in a class with him. Worst lecturer I\'ve ever had. He outright said Christianity and every faith is beautiful but wrong -- so derogatory.
19800,1256,1.0,0.52,0.0010820108984415,0.0019642092507211597,0.001021388810375003,"She is so insecure about herself, its sad. Shes immature. She likes to talk down to students to make herself feel good. She has issues."
9474,1086,5.0,0.55,0.0007747631121312,0.001854470999591215,0.0010199590497751683,"Gendron is amazing. I can\'t say enough good things about him. He\'s a fair grader, and really makes class interesting."
9587,866,1.5,0.55,0.0004933136617366,0.0018540370906818201,0.0010197203998750012,"Most frustrating educational experience ever! She did not clearly demonstrate what she wanted from me as a student writer. Her written comments were hard to read and harder to understand. Worst of all, she bristled when asked for clarification, help and guidance."
1089,338,1.0,0.76,0.0003827481557842,0.00134139850493284,0.0010194628637489585,OH MY GOODNESS WHAT A BORE---She\'s such a nice lady that\'s why I feel horrible for saying this but she is UNDENIABLY BORING--she goes from A to D to Z and then back to B--It\'s extremely Difficult to STAY AWAKE
15680,72,5.0,0.64,0.000599022518858,0.001589664213001695,0.0010173850963210848,"HOT, HOT, HOT. Sexy, smart, and gorgeous. Take anything he teaches!"
8744,619,5.0,0.53,0.0003393418394318,0.0019190213453353895,0.0010170813130277565,"He is the best professor I have ever had! He has so much energy so it doesn\'t matter if you take him in the morning or at night he will keep you awake. Take notes in class, participate and attend class you should be fine."
3871,747,5.0,0.59,0.0009612775668118,0.0017211574882224,0.001015482918051216,best teacher ever...makes you work hard but it pays off in the end!!! gubacs rules!@
1408,306,3.5,0.64,0.0005368815809227,0.001585717066349005,0.0010148589224633633,"Well, she\'s and interesting woman for sure! I took this class at the pinnacle of my first relationship. I came to love women and myself as a woman. I know I became more powerful inside myself, and I learned to love others more fully. My one qualm, the class is a little doomsday/end-of-the-world-ish. I say take it, but keep in mind, humanity is okay"
9321,119,4.0,0.62,0.0010013016382992,0.00163607984677594,0.0010143695050010828,i had him two years ago. he was pretty easy. always got out of class early
5624,1259,5.0,0.52,0.0009913286247211,0.0019493616992212752,0.001013668083595063,"Very understanding professor. I missed her greatly during winter term. I hope she and her family are doing well. She helps students greatly, and she is very approachable during office hours."
11594,836,4.5,0.62,0.0009467367450802,0.001634248972780225,0.0010132343631237394,I love her!!! We get along great she is a wonderful teacher!!!!
19087,1098,5.0,0.7,0.0006172468140938,0.00144745338660528,0.0010132173706236959,"Without Dr. Dukes, I would not be a researcher today. Before taking him, I was scared of what he taught... Now I do it for a very good living. Thank you Dr. Dukes!!!"
325,307,3.0,0.6,0.0007702690592047,0.0016874248383242953,0.0010124549029945772,"Class structure is great honestly; just do the online homework, exams, and papers. If you try to speak with her outside of office ours (even if it\'s before or after class) she won\'t talk to you and is quite rude about it. Feedback through e-mails are short and obviously rude. Lectures and PowerPoints are very non-specific and all over the place."
15316,678,4.0,0.64,0.000768019238446,0.00157866858067568,0.0010103478916324352,Julie was great! class was easy and she kept it interesting. Text was a waste of money though because she explains everything!
1476,373,5.0,0.63,0.0009355335763973,0.001602120098999505,0.0010093356623696883,not only is Dr. Jones super cute he\'s also a really good teacher. He made me look at the things i did on a regular basis in a completely different light. Everyone should take him.
14414,532,1.0,0.61,0.0008515548034465,0.001651377285004445,0.0010073401438527114,I HAD THE WORSE EXPERIENCE WITH THIS PROFESSOR OUT OF ALL OF MY COMMUNICATION PROFESSORS. HE DOESN\'T EXPLAIN HIS MATERIAL AND IS VERY UNCLEAR ON EVERY SUBJECT...I WISH I HAD KNOWN ABOUT THIS SITE BEFORE I TOOK HIM BECAUSE HE IS THE WORSE. AND TO ADD INSULT TO INJURY HE HAS THE NERVE TO MAKE US WRIT IN APA STYLE AND HE DOESN\'T EVEN KNOW WHAT IT IS.I
6192,1337,5.0,0.53,0.0010813042762171,0.0018959714804874497,0.0010048648846583484,I love Mrs. Mitchell. She seems so interested in teaching and seems like she loves what she does. She tries to get everyone involved and I think that is great.
12575,1206,5.0,0.58,0.0004842434196934,0.0017322719294878151,0.0010047177191029326,"Good professor. No doubt that he really knows Chemistry. He is however, fast paced and loves to hear himself talk. Participation in his class is not very encouraged and he enjoys humiliating students. He refers to himself as \xe2\x80\x9cSkip\xe2\x80\x9d, which is a little disturbing to say the least. Yet, he remains the best Chemistry professor at NSU in my opinion."
19203,225,1.0,0.69,0.0006000233943876,0.001453525862581885,0.0010029328451815005,"Easy class but she is rude, not helpful at all, tells you your answer is wrong and let\'s that be that. The lectures can be a bit confusing but the math is not hard to comprehend. Take her if you feel comfortable with the subject/ must take it, but she is kind of awful."
14869,1176,5.0,0.51,0.0005198614918534,0.001963780840792095,0.0010015282288039684,"Prof Katty is great. I\'m currently having her. I do not know why people complain. Genetic is a challenging subject. Work hard, read the textbook and you willbe ok. She has a good knowledge of the subject. I do not blame the prof for poor grade but the effort. u get what you put in. i recommand katty but be prepare to work hard, read the texbook."
11033,1189,3.0,0.61,0.0008713144790284,0.0016416603545097398,0.0010014128162509413,"at the beginning of the course, he was a super nice guy, funny. Then something rotten must have happened in his personal life, cos half way through he became a miserable old coot."
12504,286,2.5,0.56,0.0004200668037035,0.0017868725427518147,0.0010006486239410163,"He is really anal about reading aloud in class, but his intentions are all good and the workload is pretty easy. I thought when he handed out signed copies of his book it was a nice gesture, though he does have kind of a bad taste in literature."
9935,629,5.0,0.5,0.0008665926921308,0.002000378288176685,0.0010001891440883425,"One of the sweetest people I\'ve ever met! Know his stuff, fun and enthusiastic. Great teacher!"
15804,431,5.0,0.55,0.0009473104734908,0.0018102108141982549,0.0009956159478090403,"Sposito is great! Very knowledgable, clear, insightful, dedicated. He\'s just great."
7661,731,1.0,0.5,0.0012337093150461,0.001985461412032035,0.0009927307060160174,Don\'t ever believe any of his stories. There are all lies. He is the laziest professor ever. Never taking his class again.
12466,1318,2.0,0.51,0.0009844098764429,0.0019448471154608546,0.0009918720288850358,"She is beyond awful! She teaches the class in such a way that no matter what you say she will try to say you\'re wrong. And when you ask her a question, she will not reply with a straight answer. She always replies with another question. Not very helpful unless you meet one on one. And still not much more helpful."
3722,317,1.0,0.67,0.0008094845490048,0.00147948738265433,0.0009912565463784011,"the worst prof ever!!cocky, rude not helpful arrogant....a complete ass"
3815,681,5.0,0.71,0.0004136230760785,0.00139303502334108,0.0009890548665721667,"easy!!! she was hyped on coffee all year, but was extremely easy. she related everything to students."
15468,432,5.0,0.54,0.0010528536900649,0.001829788190649975,0.0009880856229509865,Love him. Also taking his Nazi Germany class and he\'s awesome as ever.
16449,877,3.5,0.55,0.0004514445904818,0.00179611111634209,0.0009878611139881497,the class is kinda boring but i guess yoou get your units
5670,344,1.0,0.54,0.0010829770485046,0.0018254450916878149,0.0009857403495114202,"Lady is impossible. Lectures are ALL over the place. She doesn\'t teach the material clearly AT ALL. In fact, the online quizzes look foreign since you learn nothing in her class. It\'s actually really annoying. If you email her to asked for clarity, be prepared for a 3 word answer and no explanation. You need to read the book, to understand."
2223,1365,4.5,0.56,0.0006284112784924,0.0017590531850958599,0.0009850697836536815,"Thought he was great, will take his class anytime. Very helpful if you know why you are in the class. I was unsure of him at first but if you show commitment, he works with you. Takes time to answer your qusetions if don\'t understand. Also gives extra credit. Got an A."
16801,445,4.5,0.56,0.0009425736001631,0.0017588541595533601,0.0009849583293498818,"I loved her energy! Personally, I loved using creativity in journaling. She was approachable and great!"
9195,88,1.0,0.82,0.0007224038376474,0.001198274786232935,0.0009825853247110066,horrible class and person.....enough said....wait one more thing....wiffed out
3391,1378,4.0,0.5,0.0014552086341208,0.00196029057830411,0.000980145289152055,"Knows his stuff, and expects you too as well. He called out some kid in class because the kid made a dumb comment. I like that. Lots of reading. Tests are hard. Going to class is essential. Don\'t use pencils."
10959,254,1.0,0.59,0.00064432313668,0.00165972967950539,0.00097924051090818,"Decent enough for undergrad courses but an absolute nightmare for graduate work. Will constantly blame you for stuff he demanded in his revisions. Very unorganized, doesn\'t have much knowledge on the graduate thesis process. I have sincerely regretted choosing him as my advisor. He will try to keep you there as long as possible for funding."
3904,48,1.0,0.81,0.0004457277384557,0.001206811796000105,0.000977517554760085,"She is clearly over her head and has no idea what she doing. She talks to hear herself be friendly, has no true industry in-site that does not come out of a book. She plays favorites, and is straight up two faced. Never take courses or the gaming degree from this school."
17756,562,2.5,0.54,0.0010342343855897,0.001800530854993765,0.0009722866616966332,"The class was easy but horribly boring. She has a background in counseling so she knows what shes talking about but she doesnt know how to teach it. she has stupid activities and an obsession with dumb discovery channel movies. she cant pronounce chromosome, and doesnt know what the hell shes talking about when it comes to genetics.Dont take her!"
6951,1330,1.0,0.61,0.0009424859722901,0.0015914487003922,0.000970783707239242,Her accent makes it very hard for her students to understand her. she yells when she talks so it makes it worse. She always seems to be in a bad mood. She gets irritated when you ask questions. She also rushes you to finsh your lab. I would not recommend taking her for Chemistry 1030-LAB!
12787,139,1.5,0.77,0.0006743335286965,0.00126071047879952,0.0009707470686756304,He is weird and very animated... he doesn\'t say much and sticks to his own opinion- no one else\'s matters. The TAs were more educational.
7457,175,5.0,0.65,0.0006019117913324,0.001489941046680285,0.0009684616803421853,I loved her class. She is very interesting. She cares more about your ideas than the topic of English. She is simply amazing!
1642,751,3.0,0.52,0.000794848270707,0.001862349947550925,0.0009684219727264811,"Attendance is absolutely mandatory. She does not put the power points online which kind of stinks. Her tests are hard, and require a lot of studying. Nice lady though."
5929,61,4.5,0.53,0.0009303196168664,0.00182452439318951,0.0009669979283904403,cleaar your filthy ears out and listen to this man-- he knows what he is talking about and gives all he has left to do it-- best philosophy doctor in my days
14908,934,5.0,0.6,0.0010657501676149,0.00161044412254694,0.000966266473528164,"She\'s easily my favorite professor, she\'s understanding and helpful and a relatively easy marker. Intro was hard, but past that she eases up and gets to know you quickly! I love all of her jewellery!"
11537,1190,4.5,0.61,0.0005439271647758,0.001581424405355105,0.000964668887266614,"She was great, I can\'t think of anyway she could have possibly made it easier. She gives you all the lectures on Moodle, she tells you exactly what to study for tests, gives you practice q\'s. Plus she\'s interesting. As you can see from the pic being present, she\'s really into utilizing online tools."
9199,387,1.5,0.54,0.0006697043823841,0.0017832399983247651,0.0009629495990953732,"I didn\'t have a very good experience with him. I took him online and he was not very helpful at all. No matter how many times I emailed him, he always treated me like my questions were dumb. I\'m a science major, so I took this class because I was required to. I tried to get help from everyone I could think of for his assignments but it never helped"
18710,1317,1.0,0.56,0.0008997073829673,0.0017056653598811347,0.0009551726015334356,She sucks at teaching math. If your not good at math don\'t choose her. She\'s not helpful at all and she doesn\'t explain anything well. She goes way to fast. She doesn\'t seem to be interested in helping students excel. She\'s the WORST!! Beware don\'t choose her please
10893,329,1.0,0.7,0.0005370539380913,0.00136272637305068,0.000953908461135476,"Can barely speak English. Doesn\'t know anything about course material. Gives no page references to decode his impossible lectures. He once said, and I quote... ""Mandarins can\'t be lazy, like Mexicans who sleep under trees all day"". But it\'s not worth the agony and confusion. AVOID HIM AT ALL COSTS."
16103,1361,1.5,0.55,0.000594786782941,0.0017300759808186448,0.0009515417894502547,Be careful..she has her favorites & not-so-favorites...moody..tests are unfair. If she makes a grading error on your exam you must challenge it in writing!! Even though it was her mistake! Stay away from her at all costs!
756,1025,1.0,0.51,0.000879168314646,0.0018655773321490702,0.0009514444393960258,"Terrible communicator. She does not respond to emails and when she does,she is short almost annoyed you even asked. She does not do any grading AT ALL. The computer does all the grading and she does not check over to see even if that is correct. We were given extra credit assignments and she did not even include them in the final grade. Terrible!!!"
117,303,5.0,0.64,0.0010035867762109,0.0014858215888062048,0.0009509258168359711,I love this professor!!!!! She is awesome. Definitly take her.
19661,1332,3.0,0.58,0.0008731207254066,0.001635687453171435,0.0009486987228394323,"He is a sincerely nice man, but that is his main problem. He is too nice and goes over material too slowly. I get bored out of my mind and I probably won\'t be properly prepared to take SPAN 202. But his class is easy. Not a lot of homework."
2538,825,3.0,0.54,0.0013125260023907,0.00175612533761027,0.0009483076823095458,"I like him, jolly fellow. But he does run through things a tad quickly. The class itself is hard. You cannot half ass this course. STUDY."
3086,140,2.5,0.64,0.0010268311337369,0.00147727858031538,0.0009454582914018432,Does he know his stuff? I dont think so. Ask him a question and he does not know about it. Just keeps giving stupid assignments and thinks he is doing a great job. If you want to learn something forget ths man...if u just want to pass take him
2970,1077,1.5,0.5,0.0007696713957488,0.0018894535567793602,0.0009447267783896801,"Very frustrating teacher. Had a hybrid with her, and she doesn\'t respond to e-mail, no phone calls back. We only got our grades after Ms. Thompson got on to her for not grading tests. Not sure what it is she\'s doing behind the scenes-- but she needs to use better time management, or work less teaching. Avoid her. Ms. Thompson rocks!"
9762,1039,5.0,0.58,0.0009122810456301,0.0016277787651152848,0.0009441116837668652,"Phil is awesome. He spoon feeds you. All you need to do is put in the numbers from the problem on the test. is it was 5+6-7 on your homework, itll be like 8+9-6 on the test. you just need to study the process. people who dislike him are EXTREMELY lazy."
18801,556,5.0,0.64,0.0009550022840581,0.0014736212671018051,0.0009431176109451553,best teacher and a great friend still today. quite an ex-hippy which is fine with me!!!! i love Dr. Zorn...
19563,529,5.0,0.8,0.0003073019963594,0.0011782830967554652,0.0009426264774043722,"A good prof but a bit of a hypocrite, not sure why he is at Nyack..."
8163,6,2.0,0.53,0.0004677008013524,0.001771785202778915,0.0009390461574728251,She is hard to understand due to accent. Why is an African teaching American government?
8784,565,3.5,0.54,0.0012228579674709,0.00173642617649308,0.0009376701353062633,"Not my favorite prof. We spent a lot of time on things that seemed irrelevant or politically motivated (this was before the 2004 election). For some reason we watched a documentary of Woodstock discussing the bands, and of course to support the democratic party in the election we watched Bowling for Columbine."
17922,1285,5.0,0.77,0.0005515211536144,0.001212251744036975,0.0009334338429084708,"Best Professor, Ever! Even had our class over to his house for dinner!"
16461,969,1.0,0.62,0.0005262711795358,0.001503912739278875,0.0009324258983529024,"doesn\'t really know anything about acting, very pompous, doesn\'t care about his students"
11898,542,1.0,0.56,0.0006620853457023,0.001664009447590415,0.0009318452906506325,"She likes to make you feel small and like you have no value. I was thinking about seeking therapy after her course, but I realized she just gets her jollies from making others feel bad. I guess she is on a power trip...maybe at home she beats her husband"
3742,1136,4.0,0.84,0.0002927598729931,0.0011081456351980318,0.0009308423335663467,"completely awesome and engaging, although sometimes he\'s so hopped up on caffine it seems like he\'s the only one who has any idea what he\'s talking about..."
13634,647,5.0,0.81,0.0006468908064439,0.0011463796757017648,0.0009285675373184296,"an invigorating tutor, and all the girls follow him around like he is a peice of candy"
10602,482,4.5,0.66,0.0006311128420667,0.001406215836999255,0.0009281024524195083,The 2 exam format seems to be a trend of history profs. The fact that he doesn\'t require you to talk is a bonus since you then get participation points for free. Raising your hand is a courtesy thing since I pay to listen to him and not someone that once took a trip somewhere. He\'s packed with knowledge and was fun to learn from.
2503,891,5.0,0.5,0.0011694542663678,0.00185408027196273,0.000927040135981365,"Just plain out HELPFUL,,,&,,,GREAT teacher!!!:O) tAKE him u wont regret it."
2611,942,3.5,0.68,0.0010898886273657,0.0013519333706304149,0.0009193146920286821,"good teacher. werk hard and she\'ll smile during ur crit, listen, then let u sit. bring in a piece of shyt model, expect her to get out of her seat, pick up ur piece of shyt n destroy it. do ur werk n u\'ll like her, if she asks for 15 analysis drawings do 5 and jus ask her 4 help. u never need to do as much werk that she originally asks 4"
2463,1076,1.0,0.54,0.0005012577258353,0.0016997882438777553,0.000917885651693988,"Prof Abert is definitely a prof I will never take again, nor will I recommend him to anyone. I ended up catching the flu and missed the first test and he never responded to any of my emails and when I returned and asked to make up the test he said no and walked away. The test I did take had 10 questions. Also, be prepared for nonstop homework..."
3055,761,2.0,0.59,0.000795957773108,0.00155424576003499,0.000917004998420644,"he is the worst teacher possible. no matter what you do you can please him, he will not help and if you ask questions he talks to you like your dumb. when he grades he does not make sense. and when he teaches its like reading off a teleprompter. i have never seen him be nice or fai."
18110,1020,2.5,0.71,0.0008143932029991,0.001290004355046605,0.0009159030920830894,"She calls herself a feminist, but that\'s just her justification for despising men. Had her for Sociology of Linguistics and she doesn\'t know a single thing about linguistics. The worst thing is that when she doesn\'t know something, she just makes it up. The studies she had us read were bogus, too."
3121,1084,4.5,0.81,0.000250053287685,0.0011303876324687552,0.0009156139822996917,"Incredible professor and human being. If you get a chance to take a class of his while at the College, do it! You won\'t regret it!"
6318,581,1.5,0.58,0.0006257156451223,0.0015755020738190402,0.0009137912028150432,"she\'s cute but always teaches the wrong thing , very moody and rude ( sigh)"
15071,965,4.5,0.78,0.0006198011231881,0.0011694174174183805,0.0009121455855863369,Nina is the coolest person ever! I loved taking her class and I loved the music we got to sing. It was great!
18465,1298,3.0,0.65,0.0006348069667811,0.0014002185867996498,0.0009101420814197725,"He\'s a little man with a gigantic ego. Loves to hear himself talk. Definitely knows his stuff, but a poor teacher. Very poor."
10761,374,1.0,0.5,0.0013714342089478,0.0018176935130782453,0.0009088467565391226,She gives a lot of work. She doesn\'t know how to explain things. And when you ask her questions she seems like she couldn\'t be bothered.
13251,910,5.0,0.52,0.000601320902653,0.0017425627068609001,0.0009061326075676681,"Dr. Critelli is the best professor I\'ve ever had. Should I be fortunate enough to achieve some success in life, I\'ll attribute some of it to Dr. Critelli expanding my horizons. If I could keep him as my professor, I\'d change majors."
878,198,1.0,0.57,0.0004895741894839,0.001589099000513565,0.0009057864302927319,This guy has no idea what\'s going on. Half the time he doesn\'t know what day it is. He accidentally gave our midterm to the wrong class. His lectures are pointless and you will learn nothing. 10/10 would not take again.
707,178,3.0,0.52,0.0012119269086189,0.0017416989772114351,0.0009056834681499463,"She definately makes you work for your grade. She is a good professor that knows her stuff, but man she expects you to know a lot. Sometimes when you don\'t get things she looks at you like your stupid, but then she doesn\'t try to explain it so you would understand. I would take her if you know a lot about biology."
9026,318,3.0,0.64,0.0009443192163801,0.0014118103564052398,0.0009035586280993535,"Easy and informative classes, just keep up with the notes. He comes off as extremely pompous. Which he can be, but for the most part he is alright."
6035,1103,5.0,0.53,0.0009258607910431,0.001699945469785565,0.0009009710989863495,"Dr. Rita Sowell is the best teacher I\'ve ever had. I took Calc II and Diff Eq. from her and absolutely loved it...which is saying a lot about her. While she expects you to work hard, she does everything in her power to help you, and sincerely cares about her students. I\'m almost sorry for this semester to be over just cause I won\'t have her again."
14136,154,1.0,0.66,0.0003665666473974,0.0013639486346835048,0.0009002060988911131,Sun needs a translator to teach in the US. He should take ESL himself before teaching others. I can still vaguely remember his incessant mumbling that maybe only he thought was actual language being spoken. Impossible to understand. He could have been speaking amazonian or latin for all we know.
784,1274,3.5,0.56,0.0007084473752897,0.001598271219273085,0.0008950318827929276,"he\'s ok. i thought he was lazy. had us write a bunch of papers he\'ll not give back. BUT if you do the work and attend class, you\'ll be ok as i am sure i am getting my A. i think he is retiring after this spring semester."
532,49,5.0,0.53,0.0006099503661871,0.00168746441476673,0.0008943561398263669,"Ms. Hampton is perhaps the only teacher that challenged me to my utmost ability at GPC. If you are used to being spoon fed, she aint for you. If you are the type who loves challenge, I challenge you to take her. She is very fair, helpful and interesting."
11748,837,1.0,0.54,0.0009186513510827,0.00165388562764508,0.0008930982389283432,"Do not take her for any classes. She is terrible with handling grades and getting papers back on time. She is very unorganized, and rude when people go against her perception of what is right. URGE you to take someone else!"
13042,598,5.0,0.54,0.0007747476425396,0.001652887690930225,0.0008925593531023215,she is great! she has the best personality and is always busting out into characters. i learned so much more than i thought i would from this class.
19734,152,5.0,0.53,0.0009012878721646,0.0016815406083144952,0.0008912165224066825,i have had him for 2 classes now. He is great. Pay attention in his classes and show up since he gives points for attendence. I got a 4.0 both times ive taken him. Love him!
10238,741,5.0,0.54,0.0008335139289746,0.00164530612945184,0.0008884653099039936,"Dr. Rahimzadeh is brilliant and he knows it. Which can be very annoying. He\'s been everywhere, he\'s read everything, and he thinks he\'s right about everything. But he\'s also the nicest, most supportive, funniest professor I\'ve had at Eastern. And yes he\'s nice to look at. If you don\'t take his class you are missing out on a key EKU experience."
1660,701,5.0,0.57,0.0011324211270343,0.0015578942146734999,0.0008879997023638949,"Kate doesn\'t care what anyone thinks and it\'s awesome. She a feminist and Buddhist with very strong political opinions she won\'t see for herself. Class discussions are always fun, If you have a problem with other people\'s opinions don\'t take her classes."
4149,309,5.0,0.55,0.0006541628630899,0.001608077990568775,0.0008844428948128264,Dr. Janz is amazing and his wife is a very lucky woman! His class is extremely interesting and he\'s a sharp dresser!
13029,598,4.5,0.67,0.0005417292492965,0.00131990070532778,0.0008843334725696127,"She was an absolutely amazing professor. I really loved her. She just had so much positive energy and such a great attitude. She made me appreciate Theatre. If you have any chance to have her, do it! You won\'t regret it. Very easy and fun too, I miss her as a professor."
16075,601,2.5,0.93,0.0001055519876966,0.0009465794093841001,0.0008803188507272131,Oh man. I don\'t know how she got such good ratings. Her voice makes you want to... hurt... things. every seen mrs. doubtfire? she\'s like a mix of that and julia child. makes it hard to focus and i think she does it on purpose! i don\'t mean to be hateful... but you need the facts. don\'t take her. definitely. I even got a B and i\'m sayin this!
1888,820,1.0,0.72,0.0005587773860069,0.0012184423148206098,0.000877278466670839,This woman is brain-dead. She gives no help and has admitted she doesnt know what she is teaching. If you tell her she is wrong and prove it she doesnt care. constanly late. blames you if she lost you work or if you have equip problems. MUST BE FIRED!
1261,857,1.0,0.58,0.0007355250387992,0.00151219426482101,0.0008770726735961858,She is the worst professor that I\'ve ever had at PCC. She can\'t even answer your questions. All she does is copy the textbook on the board... Her lecture is EXTREMELY BORING. Avoid her if possible.
14067,1249,3.5,0.57,0.0005417739536337,0.001536648956039525,0.0008758899049425291,"Susan is a fantastic teacher. I don\'t understand how people say she isn\'t, but to each their own! Yes, she talks a little fast in lecture, but has no problem repeating herself if needed. She is understanding, friendly, and approachable. Susan actually makes classes fun. I don\'t find her to be a hard marker whatsoever. She gives great feed back!"
5519,1388,5.0,0.58,0.0007835593990499,0.0015056993926178951,0.0008733056477183792,Absolute sweetheart. Hard class but she is a SUPER easy grader. She is super caring and has a heart of gold. The BEST Spanish teacher I had in my three semesters of Spanish classes. I wish I would have known of her from the beginning. She is great. You wont be disappointed.
6275,963,4.0,0.68,0.0006970560446494,0.0012841840963743,0.0008732451855345241,"Great guy, always willing to meet and help out. Super funny, made class worth going to. Wish he was still at LU."
7843,722,3.5,0.57,0.0006885717201345,0.0015288470743404002,0.000871442832374028,"She\'s nice, but pretty crazy. Guns Germs and Steel tests are horrible and the tests are hard. And seriously, she is CERTIFIABLE!!! But in a nice way :)"
593,113,3.0,0.5,0.0009930592760843,0.0017382688885218352,0.0008691344442609176,Dr. Sanders can be VERY vauge at times but his is the nicest guy in the world! And if you want to get out of a test just keep asking him questions about 1. anything with technology 2. his sandlight productions website!
877,198,1.0,0.54,0.0007544188987188,0.0016093144439414198,0.0008690297997283668,No. Just no. He should not be a professor. He is so clueless to everything that is going around. His lectures are boring and has nothing to do with the class. Okay its called race and ethnicity.. but we only focused on black people.. this class was tortuous
9642,1226,5.0,0.57,0.000809166811688,0.001523003414755895,0.00086811194641086,"When I walked into the class, I already had 6-7 years of classical guitar lessons. When I played for him, he really beat me up over technique, and I hated him for it, but kept coming to class anyways. It really payed off. This guy is brutally honest, but he genuinely cares about you. Take him, no matter what level you are, you will learn a lot."
721,196,5.0,0.51,0.0009229822088439,0.0017015238611771148,0.0008677771692003286,"Professor Cherry was a great professor. Although he was hard of hearing, he consistently did his best to get everyone involved in class. It is unfortunate that he is retiring to become a surf instructor in California as he will be missed by the entire Villanova community."
1223,1154,5.0,0.64,0.0005661685359316,0.0013513629173735548,0.000864872267119075,"Ryan is great. He makes writing fun. And, he\'s so cute!"
18688,479,2.0,0.54,0.00089341220801,0.0015949515361387149,0.0008612738295149061,"Very rude and has an unpredictable mood. One day she is happy, and the next she is not. She seems like she does not like her job very much. She told me to come and ask for help, but then asked me to leave her office and not to come to class that day."
8142,757,2.0,0.61,0.00085784844955,0.0014088746450801849,0.0008594135334989128,"Dr. Carnes was not my favorite. She expected waay too much work for a 1 hr class. She is not very helpful, avoid taking her at all costs."
3060,103,4.5,0.78,0.0003559389320827,0.0011009959186629003,0.0008587768165570623,She was a great teacher! I took her in a mini over christmas break. She was good. I would suggest her to anyone!
741,1010,5.0,0.67,0.0006870768775684,0.00128132836842487,0.0008584900068446629,Professor Grobstein was an incredibly engaging and downright lovely professor. I am very grateful to have had the opportunity to share stories with him. He will be greatly missed. -Rebekah
9187,88,1.5,0.79,0.0002610522000538,0.001085264656850785,0.0008573590789121201,"Im withdrawaling from his class, im so over it. I tried its just not me. If yer in to it and can stay awake for 2hrs in the morning watchin the great train robbery then try it out but IM OUTA HERE!!"
2899,793,2.0,0.5,0.0008629944951491,0.0017105468718878949,0.0008552734359439474,Classes are very boring and she is not very nice if you have to miss her class. She was very rude to me and was not understandable at all. I would not recommend her.
1527,320,1.5,0.5,0.0007583968118884,0.001707338371669735,0.0008536691858348675,"Hamlet was the worst English teacher I have ever had. He is arrogant, pompous and full of himself. He assigns prompts that are purposely ambiguous so he can lord it over you when you do poorly. (Hs writing indicates this) If you can regurgitate what he says, nod and swoon a lot then you\'ll do fine."
17401,705,2.0,0.53,0.0009735109464608,0.00160426084895184,0.0008502582499444753,"Loves to hear herself talk. Will get extremely offended if you use your phone in class, and will threaten to take your phone. The amount of work you have to do on some assignments for the amount of points the assignment is worth is completely skewed. Would not recommend."
16069,601,4.5,0.6,0.000583699446176,0.0014156917147807402,0.000849415028868444,She is a wonderful person and I love her enthusiasm/passion. Super sweet and willing to help you in any way. The class was fairly easy. My only problem with her is that she is easily distracted and loves to ramble on. She will spend half of the class talking about something completely unrelated to what we are supposed to be learning.
16556,1179,4.0,0.64,0.0005959104432477,0.0013229754300379149,0.0008467042752242656,"This guy is extremely genius but I came to realize this at the end of the semester. So, just have a positive attitude from the out set and take him with no hesitation. Trust me; you are going to love Logic for the rest of your life."
1523,320,5.0,0.6,0.0005296463179875,0.0014092106431524897,0.0008455263858914939,"Don\'t trust the last few entries. Hamlet\'s class changed my life, and changed the way I read everything. Those who react badly to him must just be superficial or lazy."
10887,329,2.0,0.58,0.000645315991941,0.0014575274805093401,0.0008453659386954172,"Knows his stuff but worst prof I\'ve every had. A complete nutter. Goes off topic all the time about subjects outside of the course, and makes wide sweeping comments. Rants every class about how wrong Western society is and what a utopia China was. Some comments border on insulting. Thinks the CIA is out to destroy China. Avoid if at all possible."
9071,55,1.5,0.68,0.0006311010524069,0.00124242549714796,0.0008448493380606129,"This woman is awful. I have liked every teacher I have had at Neumann, except for her. She is rude and unwilling to help, and she makes no sense whatsoever. The work is hard and she has no desire to help you through the class, I\'ve tried numerous times. Bottom line- stay away from her classes if you can!"
18884,839,5.0,0.74,0.0005666429381359,0.0011405906813001549,0.0008440371041621147,"Dr. Fressola was absolutely awesome.If you were in her class you walked a straight line. At the same time, I saw the passion she had for teaching, and nursing as well. Today, 12 years after my nursing ceremony at Bergen, I thank her for being who she is, and for believing in me. Thank you.Dr. Fressola. She was simply marvelous!"
12031,1146,1.0,0.79,0.000381294467104,0.001066303480846785,0.0008423797498689601,No guidance whatsoever. Not organized. Not sure what she wants. She is very confusing.
9434,1242,5.0,0.54,0.001007583514743,0.00155971101984258,0.0008422439507149932,"TAKE DR. KEEHN. She is tough, but worth it. You will learn a tremedous amount of useful knowledge in her class. We love you, Dr. Keehn!"
18666,168,4.5,0.67,0.0005459988338444,0.0012557469432091799,0.0008413504519501506,"This guy is amazing. He has a thick accent yes, but if you come to class and show that you truly care you are fine. I absolutely love him. I hate that we have to use Avid as the main editing software but he will help you. All you need to do is go to him. He is so inspirational. Cant wait to take his AP class."
8171,104,3.0,0.67,0.0005062161370137,0.00124778654366373,0.0008360169842546992,Easy class. Material is interesting and easy. TA\'s were very helpful and friendly. Dr. Todd was MEAN though. Asked a question outside of class and she was very condescending and rude. Very discouraging since I had always heard great reviews of her.
9535,1213,2.5,0.68,0.0004536269937104,0.0012275575008553249,0.000834739100581621,"I guess you either like him, or you don\'t. He is a bit full of himself, and he is hard to please. He is really serious. All I have to say is have fun with the practical exam."
9464,1086,4.0,0.64,0.0004677265395367,0.00130009679758032,0.0008320619504514049,"I\'m not really sure why he has a chili pepper because he is old, but nevertheless he\'s an awesome. He\'s really hard but it was worth it. He tells it how it is and doesn\'t give you all the ""politically correct"" bs. He\'s a very cut and dry person. Really enjoyed his class."
5089,776,3.0,0.54,0.0008936159138299,0.0015338335925288752,0.0008282701399655927,"Kahn seems to know a lot about Labor Econ but I could not get past the constant licking of the fingers. In a 50 minute lecture, the guy stuck his hands in his mouth over 60 times, I counted - I\'ve heard varying accounts approaching 80. The class had 4 professors and I think I learned the least from Kahn - just not a great teacher but very knowledgable."
12718,1185,4.5,0.52,0.000808546454696,0.001591276496339545,0.0008274637780965634,I\'ve just finished his class. It was difficult but very interesting. His personality is fantastic. He seems to love what he is doing.
9570,782,1.5,0.58,0.0007283641409341,0.00142535482856172,0.0008267058005657976,"i couldn\'t stand this class. he tells the same stories over and over. plus, he seems to have this bizarre chip on his shoulder. plus he sometimes makes comments at a student\'s expense."
12559,220,4.0,0.59,0.0003161455349438,0.0013997461446889502,0.0008258502253664805,"SHE WAS UNORGANIZED WHEN IT CAME TO KEEPING UP WITH MY GRADES. SHE HAD ERRORS IN HER GRADE BOOK, LUCKILY I KEPTTRACK OF EVERYTHING. SHE WAS CARELESS WHEN IT CAME TO MAKING THE CORRECTIONS, BUT SHE FINALLY DID. SHE CRITICIZED MY PAPER TOPICS AFTER I TURNED THEM IN EVEN THOUGH I CONSULTED WITH HER PRIOR TI THE DUE DATE."
4974,384,2.0,0.5,0.0006186921440729,0.0016504480596396599,0.0008252240298198299,"She wasn\'t a bad teacher, but her lectures were confusing. She didn\'t seem the friendliest person. I dropped her class... let that be a hint for you all...."
2584,460,1.5,0.72,0.0008836135907457,0.001142807247985755,0.0008228212185497436,Will never take another class from her. Thinks the whole world ishes and evrone should kiss up to her. She needs to get with it!
10928,774,3.0,0.6,0.0007014428604601,0.00136404892486322,0.0008184293549179319,"Upon meeting Dr. Iten she can seem rather intimidating but you need to go introduce yourself. I struggled at the beginning but then realized that If I just start preparing at least a week in advance, it is so possible to do well. Dr. Iten and the lab manual both put on a scary front but she makes a way bigger deal of it than it really is."
762,1025,5.0,0.6,0.0007630401540751,0.001358356562066825,0.000815013937240095,I took this class online. I loved the program it was in Snap. I knew exactly what was expected of me every week. I do not like the fact that the weeks are locked until current. Sometimes I want to work ahead and cannot. She is totally responsive and very encouraging. She grades fast and is fair. I recommend this class for sure.
7294,897,5.0,0.68,0.0007593060849731,0.001194177668677725,0.0008120408147008531,she is the best teacher in the world...... if u want an easy A .... take her please... b/c physio is going to kill u!
9976,1023,1.5,0.63,0.0006756305432221,0.00128875232049566,0.0008119139619122658,You go to class to hear the same lecture worded differently. Discussions on (fairly easy) books simply touch the surface and nothing is in-depth. I think he\'s stupid although he acts like he\'s well-read and intelligent. I hope he gets fired. All you need to know is WL=lit read across the globe. I just saved you tons of $$ and time. You\'re welcome.
13785,1393,1.0,0.5,0.0007963873849422,0.001621015519656585,0.0008105077598282925,"Horrible teacher, not helpful, and completely rude. But I believe he has reasons behind his methods giving loads of busy work. I learned how to work diligently and get things done on time. I still hate him though."
6712,755,2.5,0.84,0.0001987088293958,0.000963214700234135,0.0008091003481966734,"Don\'t take Schibig if you don\'t have to, take MANN. This guy only cares about Tennessee Chesnut trees? How does that relate to A&P, I don\'t know. All test came from powere point. And he reads that power point word for word! VERY BORING! UGH, and i liked this subject before i met him."
18300,880,1.0,0.74,0.0006336972305152,0.001092171757554225,0.0008082071005901264,SHE IS THE WORSE PROFESSOR EVER. YOU CANT UNDERSTND WHAT SHE SAYS AND SHE JUMPS FROM ON THING TO ANOTHER. SHE CONFUSES HER SELF AND HER STUDENTS
18532,1081,5.0,0.53,0.000985682759858,0.0015190633218202252,0.0008051035605647194,AWESOME professor. very helpful great sense of humor. totally cool guy.take him for any ant course.
13701,566,2.0,0.68,0.000272613432872,0.00118173265697715,0.000803578206744462,She is very unorganized! She also tends to make inappropriate comments about the art discussed. She does assign weekly readings and papers.
2604,942,3.0,0.53,0.0007796996621808,0.001514060509334305,0.0008024520699471817,"Morna is great, she is extremely knowledgable, and pleasant. An excellent resource inside and outside the classroom."
18381,382,2.0,0.55,0.0005566529663571,0.001454737585005835,0.0008001056717532093,If you are French or know French she will give you a good grade. If you are trying to learn French don\'t take her because she will not teach you a thing. Do not come to class sick she will discriminate against you.I think her attitude stinks and there have been many complaints against her.
15571,1006,5.0,0.5,0.0009607787463476,0.0016000091205607251,0.0008000045602803626,"Best teacher ever! I have had him all four years and he has taught me a lot, I have a great deal of respect for this man! And I hope people will have the same experience I have had :)"
8274,67,2.0,0.6,0.0006998270607275,0.001332540059465395,0.0007995240356792369,"So Im still in his class right now but i wanted to write a review for people looking to take Haque. The beginning weeks of his class are very easy, but dont be fooled, the information picks up. I would say go to his classes but his accent is very thick so its not very worth it. If anything read the book!"
18895,839,3.0,0.65,0.0006461906376973,0.0012296289619454497,0.0007992588252645423,"She is a bvery tough teacher. Test 3 is impossible. She talks down to students which makes learning the subject less enjoyable. Don\'t be late, she locks the door. I didn\'t have her for clinical but I heard it was pure hell. No reason at all for some of her actions."
13371,1138,2.0,0.58,0.0006077816655012,0.00137714445186511,0.0007987437820817638,He was a terrible teacher. He could not answer questions. His quiz and test questions were unclear and there is never a word bank. He counts answers wrong for spelling. He took too long in the beginning of the semester and rushed through the end. We didn\'t even make it to the last 2 chapters. DO NOT TAKE HIM! Class started with 28 and ended with 9.
1399,306,4.0,0.74,0.0003647461147606,0.0010791586526063151,0.0007985774029286731,"I\'m a conservative grassroots activist and I expected the worst walking into a Condit class. (There are rumors.) Her class challenged me intellectually more than any other class I\'ve had at VCU. Were this a sword battle, I would bow and compliment her on a well-fought engagement. Take Condit, especially if you\'re conservative."
13438,1060,2.5,0.55,0.000728978577408,0.00144475463860308,0.000794615051231694,Great guy. Very helpful and gives you the answers to both exams in the class prior to the exam. Not need to read the book. I read the whole thing and it was not worth it. Take him!
7800,202,1.5,0.69,0.0008318267301446,0.00114827544775151,0.0007923100589485417,"He really loves film, but he makes you hate it. He can talk forever and he can really put you to sleep. For anyone who loves to sleep, I recommend this class."
7041,462,1.5,0.51,0.0005577316141625,0.0015502090953897804,0.0007906066386487881,"His class made me angry. He wandered off topic a lot. You didn\'t even have to show up to know what was going on. He barely paid attention to the students. He often asked our opinions just to interrupt us, tell us we were wrong, then move on to the next opinion. He was rude and made me not want to go into Mass Communications."
429,947,1.0,0.51,0.0008759445275173,0.0015493766823925599,0.0007901821080202056,"WORST MATH TEACHER POSSIBLE! He was lazy! His class was absolutely useless. If you have a question about the math, don\'t even try. He constantly gets off topic and brings up things that have nothing to do with math, usually sports or cars. The subject is hard enough for most of us without him complicating it.. Don\'t take him!"
17713,521,4.0,0.5,0.0006613269941842,0.0015797838110661352,0.0007898919055330676,"He\'s a nice guy, kept me interested even with my lack of sleep. hard grader and tests are difficult, but still a good class and professor."
18836,335,5.0,0.55,0.0007140705337655,0.001435064355472625,0.0007892853955099438,"By the end of the semester, everyone loved her. Dr. Long is a great teacher. She loves her field, and she loves teaching those who also care about it. Just be respectful and you\'ll do fine. Also, never forget the space in ""a lot."""
8745,619,5.0,0.6,0.0007608617030049,0.001315146720731505,0.000789088032438903,LOVE LOVE LOVE best prof at middlesex county college. Hated history before i took him. Attend class and participate and you will get an A
6132,983,2.5,0.64,0.0006550209660604,0.0012293676311174702,0.0007867952839151809,"Took the class on video. I will never do that again. All material came straight from the book. Only two tests so they covered at least 7 chapters each. The text was a HORRIBLE read! I recommend not taking her, especially not during the summer."
7387,1045,2.0,0.69,0.0005279006472454,0.0011401952183607749,0.0007867347006689346,"Horrible, horrible ""professor""! She hardly every smiles and when she does it\'s very rare because 90% of the time she is yelling at her students like they""re children! Be prepared to feel like an idiot if you don\'t have the answer she is looking for! She is by far the rudest lady on the planet! I can honestly say I hate her!"
17484,533,1.5,0.67,0.0008757041574843,0.001171898416194695,0.0007851719388504457,"He honestly doesn\'t care about the student\'s opinions. He\'ll tell you that on day one. If you disagree with him, you\'re wrong. He has this habit of looking around with closed eyes, and then when he asks a question to stare at you incessantly. He grades like an English teacher. He\'s not. He\'s been reprimanded by the school before. <3 the subject tho"
1934,1145,1.5,0.66,0.0004835128615389,0.0011888484067734699,0.0007846399484704901,"honestly in the beginning she seemed like a nice woman, but upon further discovery she was very cold. didnt really answer questions thoroughly. always believed she was correct. not a really exciting class AT ALL."
14740,184,2.5,0.52,0.0004811170208215,0.0015077007526969651,0.0007840043914024219,"I am in her D.E class. It is the middle of the week and we still haven\'t received our H.W yet, but we are still expected to turn it in by the same deadline. I am really disappointed with this teacher because how are we expected to do good when you short us on our time to complete assignments? I\'m so frustrated with her =("
9698,1029,1.0,0.63,0.0006728532655104,0.00124327201463482,0.0007832613692199366,"Arrogant arrogant arrogant! This man is possibly the most arrogant assh--- I\'ve ever met in my entire life and has zero people skills and basically doesn\'t admit when he makes a mistake. Absolutely no help, arrives late to class, yet has expectations that you are on time and professional when he clearly is not. He should be fired immediately."
6535,1033,4.5,0.63,0.0008402451408408,0.001241640070541895,0.0007822332444413939,"Hot professor, went to Yale and he is a lawyer. Would definitely take and yes even if he talks that kean is the worst, it is true"
16304,331,3.0,0.61,0.0008618159927525,0.00127989650133069,0.0007807368658117209,"I dont understand how someone so arrogant can teach in a university and be an example. When he screams at you, you can see how he thiks he is cool just because of that. Really childish person, get away from him.."
9571,782,3.0,0.71,0.0007386127418978,0.0010983420142238551,0.0007798228300989371,Took him Fall 2002 for Creative Writing in Poetry. Made us spend $40 to buy TWO of his poetry books that we opened only ONE of ONCE. He has a very pompous attitude. Takes roll and calls you out if you\'re not there. DON\'T bring food to class!!!
12667,390,4.0,0.5,0.0004761976377416,0.001559420616475745,0.0007797103082378725,Very sweet lady! Genuinely concerned about her students. Highly recommed!!!
3686,63,5.0,0.7,0.0004183923275323,0.001113308619896475,0.0007793160339275325,"This professor\'s class. African American Lit was my favorite class of my university career. He challenged us to think about racially heavy topics. This is a very good thing for people to do. We ignore race far too often. The sentiment usually goes ""we all know racism is bad, so what else do we need to talk about."" He also chose wonderful texts."
19803,1256,5.0,0.62,0.0007286543557244,0.001254238431324305,0.0007776278274210691,"Madison is a great professor! She lets you know what she expects out of you, and plays no games. If you take her you will learn! English isn\'t so bad anymore after taking her class. Thanks Madison"
8716,1051,2.0,0.5,0.0009595642400302,0.00155212688570619,0.000776063442853095,DO NOT TAKE THIS CLASS!!!! this class is for non-majors... but you wouldnt think so if you attend any of her lectures. there are only 3 tests including the final and some of the information is not in the powerpoints she puts online! she\'s also quite boring and loves to turn the A/C on freezing to the point where you can\'t pay attention
7370,411,1.0,0.63,0.0003871942965634,0.001230086397141305,0.0007749544301990221,"Terrible lecturer. Disorganized. The Physics department is terrible, and he is apart of this mess. You\'ll never know what you\'re doing, and their terrible explanations won\'t help at all. Good luck! Also, they have no official textbook so good luck finding what you need to know!"
19838,632,3.0,0.6,0.0006342877175276,0.0012909809546334248,0.0007745885727800548,"He\'s a nice enough guy, but he doesn\'t seem very smart at all. Very tough grader-takes off different points for different people...boring class. I do not recommend him."
7257,674,5.0,0.78,0.0002877790115959,0.0009894012028817303,0.0007717329382477497,Judy is such an amazing lady and all who have commented here don\'t know what they\'re talking about. This was my second class with her and I feel as though I have taken so much out of both classes. She really allows you to be creative and everyone\'s opinion means the world to her. She truly means well & its noticable how much she cares.
307,226,1.0,0.7,0.0005234319600409,0.001101148630207755,0.0007708040411454285,"Because of this professor I am suffering from depression :\'( PLease switch as soon as possible.. in the begining of the semester, I came on this site to check his ratings.. I though, HEY maybe he is not bad.. I will give him a chance.. GOD, only If I had dropped the class in the begining, I wouldn\'t have an ""F"" on my transcript :\'("
3461,1135,1.5,0.55,0.0005348204769306,0.001400653829056885,0.0007703596059812868,"Boring! He rambles without ever getting to the point. His tests seem to be difficult, but it might be because he never gets to the point. Don\'t recommend him unless you need to catch up on some sleep."
6900,512,1.5,0.58,0.0007664417625857,0.0013258581769736949,0.000768997742644743,"He would not answer questions, he would make you guess and feel dumb for asking the question. Did not offer any extra credit to help reach your goal. I studied for hours outside of class and could not make above a C on his test. They are HARD."
18113,1020,1.0,0.59,0.0006405182858412,0.0013030320246401601,0.0007687888945376944,the class has made me miserable. it has been my worst experience at eku. she needs to do something about her mood swings and i am sick of watching her drool over her picks.
6798,347,4.0,0.65,0.0005034265327977,0.00118015457424127,0.0007671004732568256,"He is very passionate about his subject area and loves for students to be enthusiastic. He wants everyone contributing in class discussions. He definitely has favorites, and even though I was one of them, it made me very uncomfortable. You won\'t do as well if you have a different opinion than he does, which is not fair. He really cares about the cl"
12566,220,5.0,0.62,0.0007952985471156,0.00123637077025399,0.0007665498775574738,I like her a lot. She\'s very helpful.
613,47,5.0,0.74,0.0004706136689751,0.0010349808740110938,0.0007658858467682094,Gel is incredible. You will learn life lessons as well as everything about dance. Other professors should take teaching lessons from her. She is one in a million! Love you Gel!
3394,1378,2.5,0.61,0.0004275285663997,0.0012526867140129948,0.0007641388955479269,"Very boring, likes to walk as he talks and his facial expessions are histerical. Good info but hard to hear what he says."
4085,10,1.5,0.53,0.0007605847796269,0.0014412811420505952,0.0007638790052868156,"Prof. Bell is unclear with directions and is very rude. The class is supposed to focus on culture in film; however, he only focused on cinematic technique. After looking at his comments on papers, it is clear he only skimmed the paper before commenting. His suggestions on sentence structure made it grammatically incorrect and took away the meaning."
5697,791,2.5,0.62,0.0007509368700746,0.001231783225596535,0.0007637055998698516,"Feminist teacher, impossible tests, half the class failed...only D that I ever received (and I have a 3.7 GPA!!!!)"
17687,624,1.0,0.5,0.0007350820265945,0.00152297602395719,0.000761488011978595,When I read that Dr. Douglas was a good adviser it shocked me. Any time you visit it seems like he is inconvenienced. Along with that he couldn\'t even explain how to add a minor/certificate. Had no interest except to push for 12 credit hours (no faith in students\' abilities). He should be thankful for tenure.
5323,430,5.0,0.56,0.0007341671667254,0.001358826807399085,0.0007609430121434876,"I had Dr. Gamble for WRT 120 and absolutely loved her!!! So I took her again for WRT 200. She is the nicest woman and so intelligent too! She is a fairly decent grader, but you need to put effort into your papers. She is by far one of the best teachers here! You will love her!"
6363,1286,5.0,0.61,0.0005582207458875,0.001247319259080295,0.0007608647480389799,"Dr. G is the man! I took this course online over J-term, but he was still very helpful. Read the instructions and do exactly what he is asking for, and it is an easy A."
9885,483,5.0,0.62,0.0003881742783728,0.0012251602051740048,0.000759599327207883,I loved this teacher!A lot of work but well worth it.You\'ll leave his class wanted to be a better person for you and your kids. He\'s very intelligent and has had an interesting and eventful life you see only in the movies. Truly a person one aspires tbe.
8954,868,4.0,0.68,0.0005974168474243,0.0011150290483213602,0.000758219752858525,I learned so much in her classes. She\'s so helpful outside of class. We\'ve kept in touch since i had her a few years ago and she\'s helped me out alot. I do agree that she\'s all about attachment parenting.
5578,1127,1.0,0.62,0.0005492397641969,0.0012225804832070148,0.0007579998995883492,"worst teacher ever, hates america for some reason"
3417,1016,5.0,0.83,0.0001836161912565,0.0009131533870160424,0.0007579173112233151,Amazing teacher. Really liked him. Brilliant artistically. Highly recommended him. A treasure.
16973,201,2.0,0.77,0.0006397630404706,0.0009841090899612049,0.0007577639992701277,"i agree he is a very angry man! dont have your cellphones on during his class he freaks out; dont look at anything else in his class eiter, take notes on what he is saying or just look around! he will freak out about that as well. there is a lot of reading material, but he doesnt like to give tests!"
10418,1180,2.0,0.63,0.0002641726569038,0.0012027992940469598,0.0007577635552495846,I was very turned off by this individual. Too bad he\'s very very opinionated and can\'t take a question for a question and not an attack on his views. I\'m dedicated to trying to make it through my college career without having him as a teacher.
408,361,2.5,0.73,0.00054438269529,0.001035551869416305,0.0007559528646739026,"Doesn\'t like upper/middle class white people, I never felt like she was taking me seriously. I agree with the previous poster, she can be catty. Everything had to do with race in her class, it got old, fast. There\'s other literature to read other than stuff on race!"
14992,106,1.0,0.55,0.0006056479323447,0.0013685746940112849,0.0007527160817062067,If you have the option please stay away from her and any class she may teach. After one whole semester I did not learn one thing of value. She treats her class like it\'s going to be your major and runs it like a higher level course. Out of all my years in school Mrs. Zacate was hands down the worst teacher I\'ve ever had. Would never take again.
14324,315,4.5,0.5,0.001045002060265,0.00150516423363302,0.00075258211681651,don\'t buy the book! you don\'t need it. take good notes and save about $180!
608,47,4.0,0.53,0.0005878040604236,0.00141896423077069,0.0007520510423084658,I had her for intro tap. She was a lot of fun to have as a teacher. I have been tapping since I was little so I knew a lot already but she had a totally different way of tapping then what I was used to. I found this experience a lot of fun and I am definitely looking forward to taking more classes with her!
12693,1258,1.0,0.76,0.0004168178279814,0.00098892918161325,0.00075158617802607,Dr. Gao was without a doubt one of the worst professors I\'ve ever had. He is extremely difficult to understand and doesnt seem to care. He also has great difficuly properly answering questions.
10312,7,2.5,0.55,0.0007689412375152,0.0013643785804732449,0.0007504082192602848,"Okay. Im not going to be mean ill be fair. She is scatterbrained but, all sociology profs are. Hense, the discipline must have an effect on the mind. She is a little crazy but a great woman. She shouldnt be condemned for personality. I did not even know what was going on in her class but, if i talked to her one on one she was fine."
6012,712,5.0,0.51,0.0007901627442989,0.0014701863615201151,0.0007497950443752587,She will go out of her way to help you with any problem that you may have. She uses her own mnemonic devices to help you understand better the mechanics of Math 1130. A++ teacher!! Take her!
12759,182,5.0,0.59,0.0005543829384397,0.001270700981099355,0.0007497135788486194,Excellent teacher. Tries to scare you in the beginning-don\'t let her do it-stick it out and it is not as tough as you think. just do the work-which is not that tough and you will get an A
6921,726,3.0,0.5,0.0010835732007614,0.0014922210969305347,0.0007461105484652674,"This guy should be in research for a wal-mart stores.Very hard ,and worthles lecture spent on graphing ,graohing,and graphing ."
168,169,3.5,0.61,0.000831579952998,0.0012215356823439551,0.0007451367662298126,"Dr. White has a very outspoken personality. If she sees you sleeping or daydreaming, she will call you out. However, she is an amazing teacher. Truly knows what she is talking about and really wants you to actually learn. If you enjoy PR, take her. I would recommend her to everyone."
10877,1292,1.0,0.59,0.0007097469244721,0.0012619345696582849,0.0007445413960983881,"Worst teacher ever. treats people like they are stupid, when he doesn\'t know anything himself. 7 people left out of 32 by the end of the year. If you want to work hard and get an F take this rude guy."
16971,201,3.5,0.64,0.0006996062612028,0.001160223886924455,0.0007425432876316513,"avoid this man at all costs!! his tests are essays which he grades according to HIS opinions and what HE thinks is important. no extra credit, and no make-ups. cell phones are the devil to him and DON\'T be late!! he will freak out on you!"
6609,1196,5.0,0.57,0.0005651438777422,0.001302354369360385,0.0007423419905354194,The class is interesting and easy. Sheila is a wonderful women and very sweet!
14857,296,5.0,0.68,0.0006154730335276,0.00109117504992076,0.0007419990339461169,"This is the best professor ever! If you don\'t love him, you are a lazy incompetent waste of space!"
7386,1045,1.5,0.56,0.0005470921181608,0.001322167118307225,0.0007404135862520461,She was very rude and I would not recommend her. I had to switch out of her class.
19162,798,1.0,0.5,0.0003882188342316,0.00148063804806407,0.000740319024032035,"This is 100% the worst professor I have ever taken at this university. She\'s is very monotone and hard to pay attention to. Her grading doesn\'t make any sense and is very unfair. I\'ve been trying to get her fired, but unfortunately she hasn\'t done anything illegal."
1559,708,5.0,0.64,0.0005611422679137,0.0011542827567762798,0.0007387409643368192,She is amazing. Her wealth of knowledge is limitless. She is an inspiration in every aspect of life. I want to take every class she has every taught. She\'s awesome. Honestly. Doesn\'t like technology though. And she\'s still busy writing the book on the subject.
11602,836,1.0,0.65,0.0004941739915659,0.001130739052407555,0.0007349803840649108,"This instructor is very hard, and shows much favortism towards men.She is very arrogant.No matter how good you think your work is,believe me she will pick it apart in a hot minute.She braggs about being tenured, and her grading is more subjective than objective.All I can say is good luck, and it will be benefical to you if you stay on her good side"
8419,343,1.0,0.81,0.0003784336425606,0.00090663692859362,0.0007343759121608322,"Terrible. She\'s confusing and not clear about what she wants. She will change her mind every five seconds. Takes forever to grade homework and papers. Everything that she says is ""right"" so you better agree with her."
10214,156,5.0,0.56,0.0004553806741647,0.0013100684120924638,0.0007336383107717798,"Professor Fair is one of the best at the law school. If you want to learn the law, you have got to meet this guy!"
17257,370,1.0,0.74,0.0006014061391275,0.0009881714002706698,0.0007312468362002957,she isthe worst teacher i have ever had in college. if you get her drop the class. she says she is married i feel sorry for her husband that he has to wake up to her in the morning.
16930,863,2.5,0.72,0.0004047945300223,0.001013305793271415,0.0007295801711554188,"I hated this class. I have never not liked a professor, but I cannot stand this man. If you have ANY conservative values, RUN! All he does is talk about how horrible conservatives are and how wonderful liberals are. Even when you can prove him wrong, he will ignore any arguments against his teaching. Unfortunately, I can\'t type enough for stories."
4667,213,1.0,0.5,0.000961185462911,0.0014580983699588503,0.0007290491849794252,Unfamiliar with class work. Cannot ID class handouts!
11442,250,5.0,0.77,0.0002693272947656,0.00094570228306371,0.0007281907579590567,I never took his class I am one of his patients. Dale is nothing short of a living saint. Knowing that someone like Dale is in this world makes me think if I could learn to be half as awesome as him all the pain is worth it.
4440,298,2.0,0.56,0.0007293006624761,0.001299603092092485,0.0007277777315717916,I HATED this class. Please run for the hills!!
2534,30,3.0,0.7,0.0004529316862437,0.001039486213669585,0.0007276403495687094,"TERRIBLE boring class. She\'s sort of pissy, and not cool..."
18411,908,5.0,0.79,0.0004488261372115,0.00092090363499723,0.0007275138716478117,Has a good rep and they\'re right. He is amazing. Told us first day that he won\'t bore us but we\'re not allowed to bore him! Better do your work tho. Great prof.
1887,820,1.0,0.8,0.0004245040825872,0.0009074242917116067,0.0007259394333692854,Horrible Teacher. Her Daughter is a reflection of her stupidity.
18603,1243,1.0,0.62,0.0006391468417487,0.0011685571794197449,0.0007245054512402419,"I do not like professor Larkin. She is not helpful at all. If a student ask for help, ignores. she is so rude and strict. she does not care about students. I have never seen these type of professor."
16479,676,1.0,0.65,0.0007280833383004,0.00110938285102359,0.0007210988531653335,Honestly she is the worst teacher I have ever had. She only reads the definitions from the book. We always got off topic so we really never discussed anything of importance. Very opinionated. She shows favoritism and if you\'re not on her good side you won\'t do well. DON\'T TAKE HER!!
7817,1319,2.0,0.56,0.0008027574536359,0.001284372252418785,0.0007192484613545197,"She never taught at all, just put us in groups. I totally disagree with the other comments saying she is easy. Her tests have nothing to do with what she has talked about in class. Would not ever take another class from her again, but she seemed like a nice lady nun the less"
14956,98,5.0,0.67,0.0006718669509991,0.001070232325803595,0.0007170556582884087,TAKE HIM FOR 113 AND 114!!KNOWS HIS STUFF!
1397,306,1.0,0.59,0.0005092607197588,0.00121279970329379,0.0007155518249433361,"Dr. Condit is the worst online professor I\'ve ever had at VCU. She took on a new chair role in the poli sci department, and very obviously can\'t handle that and teaching. We\'ll go 2+ weeks without hearing from her, and NEVER has anything up on time. Ne I understand she\'s busy, but being MIA from her students is completely unacceptable"
19763,240,2.0,0.53,0.000755795655239,0.0013486574492960852,0.0007147884481269252,"Not helpful. Tough grader on papers. Tests are impossible. Doesn\'t test your knowlede, if your good at bs-ing you will do decent on exams. If you contest her, she will put you down. Her best friend and your worst nightmare is blackboard."
4913,1132,5.0,0.59,0.0003695801735546,0.0012113760117322282,0.0007147118469220145,"Great professor very clear about what he\'s talking about. No need to ask questions, everything that is wanted to know was answered"
15108,752,2.0,0.52,0.0008857651045241,0.001366739071331255,0.0007107043170922526,"She is incredibly moody and unfriendly to some graduate students for whatever reason. If you are not her favorite, she will not smile when she sees you. And if she is knowledgeable or an in your face feminist, then she needs to be more friendly so that students will want to find out what she is all about. I wouldn\'t want to study with her!"
5776,244,2.0,0.53,0.0006356701550814,0.00133687855561427,0.0007085456344755631,Mrs. Estes was not a good teacher. She was hard to understand and would go on about things that aren\'t important. Then she skims over the things that are very difficult. She\'s not very helpful when you\'re struggling with something. She teaches the class as though everyone already knows the material. She doesn\'t seem to understand that everyone is
19293,1162,3.0,0.5,0.0007238098925703,0.00141500127424599,0.000707500637122995,"Don\'t like her much. Picks her favorites and sticks with them. Such a young teacher, but acts like she\'s 87 years old."
14305,1175,5.0,0.57,0.0008002446364446,0.00124011316808025,0.0007068645058057424,"Way cool guy, boring lectures, but the material is easily understood, if you have questions ask, if you didnt catch something he said ask him to repeat it, he is extremely nice and a great teacher"
12951,326,5.0,0.57,0.0008792240131211,0.00123956625071719,0.0007065527629087982,"Dilek Sanver-Wang is one of the dopest teachers in. the. game. Some would argue she is the GOAT in biology. I suck at bio, I\'m an english major, but I got B\'s on the first 2 midterms cuz her lectures are thorough. If you look her up on the COC website there\'s a pic of her with an owl on her hand, lookin like a straight G. I\'ll post again at the end"
7236,1126,5.0,0.69,0.0005722512356876,0.001022705060967595,0.0007056664920676405,"I LOVED HER. Im defintley taking her again. Shes incredibly sweet, and has really good advice, and will help you with anything you need. coming into csm from another school was hard so i felt so relieved when she helped answer many of my questions. Fair amount of essays, but topics are fun and relatable! research but she walks you through it!"
13285,743,5.0,0.58,0.0006387642961582,0.0012160852910473498,0.0007053294688074629,OMG Best teacher ever! I was a complete noob before I took her Yoga and Zumba classes and I was hooked ever since. She\'s really funny and points out the good/bad postures to everyone. She doesn\'t make me feel bad for being a fatty and she recognizes good effort.
8962,1181,3.0,0.82,0.0003401038784698,0.0008600195239414099,0.0007052160096319561,it\'s a good thing FYS 114/3 is no longer being offered because it was awful! He was so unclear and never taught. It was like he didn\'t even care. He worked with a professor that he hated.
17677,624,1.5,0.5,0.0003559536815921,0.0014091260375959553,0.0007045630187979777,He is very monotone and not very helpful. Only test grades and a lot of reading.
13995,960,5.0,0.57,0.0005893293963674,0.00123568545439968,0.0007043407090078175,He is just an all around great person. Very funny and easy to understand.
5159,1074,1.0,0.52,0.0004819254992119,0.001348131726302765,0.0007010284976774378,"She is very unprofessional and admits that she is biased. I have ALWAYS Aced speeches, I competed across the state on the speech team in high school and won multiple speech contests and scholarships... and got a B- in her class. You do the math. If you have to take her, focus more on winning her over than your speeches and you\'ll do well."
2786,735,1.0,0.77,0.0003789742048934,0.0009091419071910599,0.0007000392685371161,Horrible teacher. He was confusing and boring. He graded weird. Really was not considerate if you did not understand. DONT TAKE HIM!!!
4387,342,3.0,0.5,0.0009357525754498,0.001397104319302035,0.0006985521596510175,Don\'t buy the book. Tests are from PP.
11646,957,5.0,0.68,0.0004888555792273,0.00102721380706596,0.0006985053888048529,She is a mentor to me.... truly my hero Thank you Nancy Estrada I feel really connected to you.
7484,42,4.0,0.78,0.0005055473842671,0.0008947615153047458,0.0006979139819377017,"Nice guy. Joined his Freshman Seminar on accident. 3 poems a week, and if you go to his favorite poetry club, he\'ll buy you sweet potato fries."
15067,965,4.5,0.54,0.0003324505644351,0.001292360861808295,0.0006978748653764794,"Nina is my favorite professor in the school of music. Whoever says ""Don\'t take this class"" is likely someone who is not that great of a singer but was pampered in high school. You don\'t have to be the best singer to be in choir, but you have to be willing to try, and work hard. I have never seen Nina be rude towards a student and Im a junior with h"
9338,210,5.0,0.58,0.0004004479988167,0.0012025693804867475,0.0006974902406823135,Chris is an awsome teacher. Whoever gets him should consider themselves lucky
8113,396,3.0,0.67,0.0005141913522949,0.001039380986064395,0.0006963852606631447,dude is huge and i mean huge and is a rude guy but he knows alot about politics
13746,1061,2.5,0.72,0.0004115277448614,0.0009667324766839649,0.0006960473832124547,Do not take him if you want to learn something. I got nothing out of his lectures. Was a waste of my money and time
2821,763,2.5,0.54,0.0006039596502312,0.0012889504426338901,0.0006960332390223007,"Speech assigments are pretty basic, however, I do not like being graded in front of 20 other students. I would prefer a basic Thank you, and sit down. She goes on and on about all of the negative things about the speech. She was more interested in theatre then speech. Don\'t take this class unless you have thick skin!"
10579,212,2.0,0.53,0.0009474494312614,0.001313222965837925,0.0006960081718941003,"Hoyt will have you read at least 25 pages for every class, however you will only ever get through about 2 pages worth of discussion. Rambles on and on. When asking questions is searching for something so specific he just keeps asking people until he gets close or we run out of time."
12395,812,2.0,0.83,0.0005611083288569,0.0008376622752114,0.000695259688425462,"I love speaking in front of people and crowds but once I got into her class she really tried to discourage me from being who I am. I dont like the way she talks to people. She is very sarcastic and cocky. She likes to ""talk"" about herself alot and what she has done. She doesnt care about other people\'s feelings or what she says to people. very bias"
1023,34,1.0,0.69,0.0007714815332211,0.00100685665471625,0.0006947310917542124,"HE MAKES THE CLASS HARDER THAN IT ACTUAL SHOULD BE. THERE\'S JUST A MIDTERM AND A FINAL(WHICH ARE BOTH SO HARD). HE DOESN\'T ALLOW ANY EATING IN HIS CLASS AND IF HE SEES YOU EATING GET READY TO WALK OUT THE ROOM, THROW IT OUT, OR PUT IT AWAY). IF YOU ASK A QUESTION AND HE FEELS IT IS STUPID OH MAN HE WILL MAKE SURE TO TELL YOU THAT."
19519,495,2.0,0.68,0.0006642286722869,0.001021657469950975,0.0006947270795666631,"i have 2 classes with him and in both of my classes we have tagged him as bipolar. One minute he wants to help, the next it\'s a different story. The test are absolutely ridiculous. They are always a 100 questions and hardly anyone passes. Good luck"
10588,212,2.5,0.69,0.0004641589491971,0.00100272985575098,0.0006918836004681762,I think he get\'s higher ratings because girls tend to think he\'s cute. He\'s an okay teacher (definitely not the best in the department) but I think he\'s a bit full of himself and pretty rude.
7861,235,5.0,0.56,0.0009214858480038,0.001233736724732925,0.000690892565850438,She is very fair and gives good grades. But if you are academic dishonesty she will catch you.
15337,916,3.0,0.71,0.0004225220006289,0.0009722111753403651,0.0006902699344916592,Yeah....up to date on current events....so he reads the newspaper. This guy uses discussion of current events as a crutch because he doesnt know the real material very well. Course was way too easy. A waste
9444,578,5.0,0.58,0.0006898034204673,0.0011887507229703198,0.0006894754193227854,Scripps is a bad ass dude. Take this thug for your classes because he\'s a great teacher. Scripps if life. Scripps is love. Scripps is all.
8481,1287,5.0,0.54,0.0003491729745688,0.0012762422148254945,0.0006891707960057671,Dr. Grover is one of the best teachers that Castleton has. If you want to know why the rock effervesces I recommend some Geochem.
15075,965,4.5,0.68,0.0004976923504301,0.0010123451108989552,0.0006883946754112896,"Nina is a GREAT person, but the coir was just okay... I\'ve had better expereinces and singing the same songs all semester sucks. But you gain some great friends and you get to sing, so no complaining."
18973,810,4.0,0.6,0.0005928123797375,0.0011459338488734206,0.0006875603093240523,This was the easiest class ever ! she is the sweetest and she is soooooo nice.
11335,174,2.0,0.62,0.0006218297891116,0.001106478429451235,0.0006860166262597656,Holy cow this is a law class not an army english class. Get a life man. This man may be the biggest jerk on campus. He is also a big fat liar.
18347,94,3.5,0.6,0.0006610300013597,0.00114165384944239,0.000684992309665434,Hard grader...but i just took her for NYC film...so it wasn\'t that bad watch movies every week...and only had to write 3 papers all semester
9705,693,1.0,0.6,0.0005010079800101,0.00113977564207787,0.000683865385246722,"This women is a total nut. She is nasty, unclear, and arrogant. She doesnt treat you like an equal, and leaves unprofessional comments in her emails. She is late with grading, and refuses to answer questions without getting mad or making you look stupid. I wouldnt reccomend this professor at all. Im an A student,and I think this lady is an airhead"
10595,212,4.0,0.93,6.495802809981438e-05,0.0007333023776782217,0.0006819712112407462,"I would take him again. Is that not enough? He has office hours, and is there, and will talk with you about concerns, projects, et c. Is that not enough? He knows what he is talking about. There. Take the class."
7161,1301,5.0,0.53,0.0008850101002721,0.001286535850452785,0.000681864000739976,"He\'s the BEST teacher I have ever had. Take him and you will not regret. Thanks, Todd."
3884,1310,1.0,0.63,0.0003489695805481,0.001080475377209285,0.0006806994876418496,"I tried going to her office for help. She asked me questions, then I tried to answer them but got them wrong. She then said I needed to get help. Um, that\'s what I was there for. She has a difficult language barrier. No matter how much I did, I could not pass. Who grades homework anymore? That did nothing but have my grade go lower and lower."
12316,205,1.0,0.5,0.0010015791503309,0.001359313871620995,0.0006796569358104975,Its insane to let this man teach.You go back to 155 Dr.Pan.
12174,992,1.0,0.65,0.0005329724079642,0.001044323615017725,0.0006788103497615212,What a waste of skin. Talk to anyone but her. Cannot give answers to the simplest direct questions.Does NOT want to help.
16936,863,1.0,0.56,0.0004951671416089,0.001211813366989835,0.0006786154855143076,He is so DULL and he has several very distracting little ticks. I really like history but he was just too much. I highly discourage anyone from taking any of his classes!
11294,216,5.0,0.5,0.0002794743612844,0.0013567307739108599,0.0006783653869554299,"not an easy A, but a really serious artist"
15053,378,1.5,0.62,0.0004237472270464,0.00109270801004799,0.0006774789662297538,"entertaining, disorganized presentation, vague, always late, expectations unclea"
2205,859,1.0,0.56,0.0005304676806468,0.0012074212379423448,0.0006761558932477132,"McCluskey is the worst law professor ever. Avoid her at all costs. She can\'t complete a thought or give a straightforward rule. She never answers questions clearly. She took an interesting subject and ruined it. She makes you stand up when you speak in class, and nothing anyone says is ever good enough. I\'ve never hated a class so much in my life."
13795,1393,1.0,0.71,0.0006261681860985,0.0009510097193212551,0.0006752169007180911,ABSOLUTE WORST TEACHER AT SONOMA STATE!!!! DO NOT TAKE A CLASS WITH HIM UNLESS YOU WANT YOUR SEMESTER RUINED!!!!!
11303,385,1.0,0.75,0.0004453172612353,0.0008979127380117,0.0006734345535087749,"He\'s not really a professor, just a glorified lab attendant. Either way, he thinks way more of himself than he should, and is terribly rude and condescending. Unfortunately, there\'s no way to avoid him if you take Photography. Just beware!"
509,589,1.0,0.56,0.000473579174588,0.0011993673113078348,0.0006716456943323875,One of the worst teachers at Denison. He is very arrogant and really needs to retire.
17397,1372,4.5,0.5,0.0007977560997017,0.001343019332689935,0.0006715096663449675,"I adore Irvine. Great lectures. He can even manage to make economics, the history lover\'s snore topic, fun! (Well, at least not terribly and dry and snore worthy.) I took his thrid year class too. All I have left to say is: Rrrrrrrusian Rrrrrrevolution."
17489,533,1.0,0.7,0.0004754879681456,0.000959286384015125,0.0006715004688105875,"for one he is not an english teacher but grades like it, but worse. plus he doesnt even care what you say just that it is his view of grammically correct, so boring and he gets in your face and is very rude to many ppl"
12988,1042,1.0,0.62,0.0005889875627207,0.0010791993036408552,0.0006691035682573302,"This Professor is the worst experience of my life!!! She sucks! For any of you majoring in science do not take her class, its a wate of time. She does not care and is not willing to help. To top it off she is not a morning person. So beware.. She will confuse the brains out of you and make your life a living hell in the process!"
12162,302,2.0,0.51,0.0005288014899302,0.00130932770058482,0.0006677571272982582,"I hated going to that class. She expected way too much, had no mercy, and her comments were harsh. She seemed to be intelligent, but to the point of arrogance. And I hardly ever understand what she was talking about in class. Glad that class is over."
18159,1104,5.0,0.68,0.0003235883996004,0.000981151251577228,0.0006671828510725151,"He is such an amazing prof, I schedualed my classes for next semester around him so i could take another class from him"
18318,971,1.0,0.78,0.0005085616616766,0.00085367941239836,0.0006658699416707208,"Two words: DRAG QUEEN! She always sits there sucking on her teeth, and sighing throughout the student?s ENTIRE speech. She is a mess in a designer dress, despite shoddy attempts at professionalism, and is always complaining about her medication! She is an attendance HOUND, but missed 5 days herself last semester. AVOID AT ALL COST!"
4587,359,1.0,0.65,0.0005197443612894,0.0010239864037343,0.000665591162427295,"Get ready to deal with an old moody lady with a bad temper. She can be super sweet and nice! Once you turn around, she is a completely different person. She disrespects students like if they were 5 year olds. Don\'t even think about skipping class!"
8646,1340,1.0,0.57,0.0006739700243089,0.00116730734825088,0.0006653651885030015,"I went over a homework problem with this woman. We went over it twice and she told me everything was correct. I turned it in and when I got it back, I got 4/5 points for that same problem. That how she grades. I strongly recommend you not take any of her classes."
9790,1282,2.0,0.52,0.0004057130703129,0.001270786204593885,0.0006608088263888201,"Terrible teacher, at least online. Completely unwilling to actually help. Anytime you ask for help he just refers you back to his online content and accuses you of not doing any of your assigned reading. I tried to meet with him at his office and he basically told me no, his feedback was clear. When asking for help he\'s rude and disrespectful."
13399,450,3.0,0.6,0.0004607369068352,0.001099901904693725,0.000659941142816235,"This isn\'t a hard class as long as you attend and go to labs. He will never let you out early and he really loves what he teaches, but is a little odd. He expects everyone in the class to love the subject as much as him. Eye clicker is the way he tracks attendance, but attendance is required. He does let you make up missed labs. Just really boring."
15453,1115,4.0,0.5,0.0004850516084058,0.0013180979404132749,0.0006590489702066374,"As baller as they come. Laid back but always willing to help out the lost and confused. Teaches a v. lucid Methods class that moves along at a crisp pace, infusing practical-type material with nicely coherent conceptual binding. Also has a dope accent you will not be able to imitate, trust me. Class subheading: How To Save The World Using Surveys."
15716,1007,5.0,0.62,0.0004815606376413,0.0010625805813661152,0.0006587999604469914,"Nonviolent warrior was a great class! I especially liked his lectures on Gandhi, MLK Jr., and Leo Tolstoy. This is a good way to get the IDS requirement out of the way."
10162,365,3.5,0.63,0.0005644985366925,0.001043880867756425,0.0006576449466865477,she is good i actually like her she is not that bad and tells you what exactly is on test
2293,183,4.5,0.56,0.0005532709845164,0.0011705611725940349,0.0006555142566526596,Waterhouse was great. She is very nice and very helpful. Granted it is english so it obviously is going to be a little slow at times but she tried her hardest to keep students active and interested. Only had to write 4 papers and take a few tiny quizzes. She did ramble on a LOT about nothing at times. I would absolutely take her again if i could!
7774,622,5.0,0.54,0.0004401827734419,0.00121315258024491,0.0006551023933322514,"If you are looking for an easy A do not take him. He is a great teacher, he knows what he is talking about. If you go above and beyond on the world he gives you, he rewards you with bonus points. I would recommend him but not if you are looking for a easy grade."
3610,166,4.0,0.56,0.0006632303583388,0.001169101309176845,0.0006546967331390333,ummm.. for the comment below this one... i think you have the wroooong teacher buddy. nice try though.
19710,487,1.5,0.55,0.0007628531373566,0.001190170257667855,0.0006545936417173203,All I can say is Don\'t take this class. If you want to learn self defense go to a real school not some 8 week class where you are going to be abused physically and verbally. Oh and the teacher expects you to do his job and teach your peers. Not work with them but teach them. If you don\'t do that you get yelled at.
14718,673,5.0,0.56,0.0005877736627058,0.001168329442693455,0.0006542644879083349,I had Judy Gregg for child 112 and Psy 206 and she was great. You never had to read the book or use it. the notes are enough. her tests are also super easy and you just need your notes to study from.
839,23,4.5,0.77,0.0003579320282067,0.00084966632246296,0.0006542430682964792,I had him for small groups. What a great guy but boy is he boring as I don\'t know what. He means well but you just want to pull the words out of his mouth it take him so long to say them. I got an A-. He only gives a final and two easy papers.
12910,1389,5.0,0.64,0.0003703755371618,0.0010207534925130899,0.0006532822352083776,"Move foward and never look back. You will be making one of the biggest mistakes of you life if you even consider her as a candidate. You will never get a green sheet, she is highly inconsistant and unfair. You will struggle. Dont do it."
19091,1098,5.0,0.7,0.0004649254483645,0.00093312397486816,0.000653186782407712,"Just when I thought I couldn\'t take another minute of stupid multiple regression, Dukes assured me that I could! Wonderful prof and a truly decent human being."
1827,491,2.0,0.59,0.0007853173121578,0.00110548829843283,0.0006522380960753697,He is a horrible teacher. Doesn\'t give good lectures. Rambles on and on. I would never have him as a professor again.
11894,542,5.0,0.62,0.0004060796392491,0.00105183304464114,0.0006521364876775068,"I adore Ms. Nodine. You earn whatever grade you get in her class, and if you are really trying you will be proud of what you create w/ her. She is always willing to help, don\'t be afraid to ask. I know she can seem a little intimidating at times, but look past that to one of the best professors and artist in the state."
275,324,5.0,0.65,0.0004905407330508,0.00100282498684585,0.0006518362414498026,"not an easy a, must do everything to a T to do well. she plays favorites and i was definitely not one. my advice would be to get on her good side and you should do well."
13890,1368,2.0,0.68,0.0002775838838386,0.00095833450645015,0.000651667464386102,"he is crazy, he knows so much but he s difficult to understand because he is always everywhere! so so smart though"
12223,1170,1.5,0.51,0.0008123794140403,0.001273794951104005,0.0006496354250630426,"she taught me to be a worse writer. her comments were most unhelpful, and her attitude in the classroom is condescending and self-important. don\'t try to disagree with her; it won\'t do any good. if you can avoid her, do it for your own good. take spaulding instead."
4685,321,4.5,0.59,0.0005430732507192,0.0011003596740610598,0.0006492122076960252,Dr. Harding was always willing to help me and pushed me to do my best. I appreciate him so much. He was nothing but kind and generous with his time. I loved the novels we read too.
1407,306,4.0,0.52,0.0004917965839092,0.0012480119032176151,0.0006489661896731598,Very fun class. Probably because it was a 100 level though. Great discussions on the material and she did answer most questions students had. Tests weren\'t hard either. Again being 100 level class likely played a huge part in this as well.
4466,1123,1.0,0.51,0.0006462910965621,0.00127173096823429,0.0006485827937994879,Online course. Posted NO course info until 3 weeks after course began. Sent rude and generally incomprehensible emails. Moved up due dates without notice. Repeatedly mentions that he went to law school. Brand new & already a horrible professor.
8531,421,3.5,0.63,0.0006213296086999,0.001025432392929275,0.0006460224075454433,"I love Dr. Phelps! if you take the time to go to his office hours, he will help you with anything you need! He helps a lot with homework and even exam questions. he does tend not to teach much during class but he makes up for it during office hours!"
16925,863,1.0,0.72,0.0004190730043921,0.0008952090572357699,0.0006445505212097543,This class is beyond difficult and he is really boring. I do not recomend this professor to anyone.
10371,569,3.0,0.85,0.0003397238276318,0.0007581213216076951,0.0006444031233665408,"He\'s okay...a little nitpicky with the papers. Nice guy, but I dread taking him again b/c I know there\'ll be several papers involved. But he did take us on a day trip to NY; that was pretty cool."
11758,837,2.0,0.66,0.0003087909931369,0.00097601418645952,0.0006441693630632832,"This professor is very knowledgeable and her tests in J210 were cake, but she was very rude to me and other students. She promotes class conflict and makes assignments more difficult than they need to be. Her personality is very abrasive."
15186,534,5.0,0.58,0.0003395173880748,0.0011106363342915351,0.0006441690738890904,Great professor! Taking him in the summer is more difficult to manage tho. Would recommend him for regular semesters.
19876,1239,5.0,0.69,0.0004712064206456,0.0009335273412048118,0.0006441338654313201,She is AWESOME. She is the best teacher for this class. Always willing to help and is very laid back. Take her if you can!!!!
17590,1375,5.0,0.5,0.0005491315375398,0.00128820457879595,0.000644102289397975,"Dr. Ryan is AWESOME, he\'s always willing to help you out. He understands the student\'s needs. I loved him as a teacher!!!"
5191,386,5.0,0.5,0.0003592932677355,0.0012855870516998399,0.0006427935258499199,"Highly adored. Very friendly and willing to help. He makes you feel comfortable learning the subject matter. Not an easy class. My ""B"" is well-cherished."
11263,1323,4.5,0.71,0.0005101468440016,0.000905253754158345,0.0006427301654524249,"I LOVE, LOVE, LOVE DR. SNIDER. He is so slick and neat. He is extremely helpful and makes chemistry so fun and easy to relate to. His take home tests will make you want to die, but other than that you will love your life if you take him."
3138,337,2.0,0.56,0.0006824578230787,0.0011467147593477698,0.0006421602652347512,"Easiest class I\'ve taken, but also the biggest waste of time. Didn\'t learn anything. We met most days and just watched her search on google. She was not prepared. She has an open door policy, so she will always help you. Good at giving advice, but bad teacher."
6033,1103,3.5,0.66,0.0004698760919779,0.0009719852030911201,0.0006415102340401392,Didnt respond to emails quickly at all. I had to go out of town for a family emergency and asked to take a proctered test from my laptop but she said NO so i failed the midterm for reasons out of my control. I still passed her class but she was not very helpfull OR sympathetic towards my situation at all. Not a good online teacher to take.
18606,1243,5.0,0.63,0.0005841727333977,0.00101807242384387,0.0006413856270216381,"Dr. Larkin is simply the best PED Prof. in PED at John Jay! I have taken 2 classes with her. She is excellent! Take PED 110 ONLINE with her it is an easy A, forget what the other people say. Se gives good feedback. PE Minor students should take her! Forget these other teachers, (they are too serious) she is the best one to take! Easy A"
17420,780,5.0,0.61,0.0004695401634604,0.001050818713536325,0.0006409994152571583,"Lee Grenci Taught me well. His classes were interesting, valuable for those who want to use the knowledge in their daily life. This information helped me during my career, with traveling, picking places to live, dealing with climate and understanding changes in climate and how the weather patterns affect us all. I am grateful to this man."
2428,848,1.5,0.64,0.0006493140185649,0.00100123454091272,0.0006407901061841408,"This guy sucks, he seems nice, but then doesnt help u at all, he leaves u to get a bad grade, dont take"
17678,624,1.5,0.82,0.0003487096620843,0.0007806930375938349,0.0006401682908269445,The worst lectures to be present for. So monotone and boring. Asks if there are any questions and then acts like you are inconveniencing him when you actually do have one. I would never recommend his courses to anyone.
10726,239,3.0,0.5,0.0005436723837021,0.00127919082893708,0.00063959541446854,"Craig is hard to understand. At times he will go out of his way to help you. Then he will go off on you for the smallest things. His temper gets in the way of his teaching. I learned a lot from Craig, but the most important thing I learned was how not to treat people."
19423,600,5.0,0.53,0.0006298920191434,0.0012061094727743552,0.0006392380205704083,"Dr. Chirico is an awesome teacher. She likes when you have an opinion and even disagree with her opinions sometimes. As long as you talk and have an opinion in class she will love you. The 20 hours of community service can be rough, but rewarding in the end. She tries to help the community."
19018,1044,1.0,0.78,0.0003408977148296,0.000819223985427395,0.0006389947086333681,I did not like him at all. Tough grader
12516,1026,4.5,0.74,0.000527461442714,0.0008617800856103244,0.0006377172633516401,"Extends due dates, as long as you talk to him. He is super chill. AWESOME PROFESSOR! Would totally recommend!"
16219,31,5.0,0.58,0.0007151733463829,0.0010979413474515999,0.0006368059815219279,"WONDERFUL TEACHER. SHE WAS VERY HELPFUL IN EVERYWAY SHE COULD BE. TAKE HER FOR THIS CLASS. BY THE WAY, SHE DOES HAVE A PET PEEVE, DO NOT SPELL HER NAME WRONG!!! OR LET CELL PHONES RING IN CLASS!!"
8030,1197,4.0,0.6,0.0006616188120797,0.001060935109983855,0.0006365610659903129,She takes 50 point participation everday! Super easy class though!
19614,251,4.0,0.53,0.0006046734124461,0.001200478879820835,0.0006362538063050425,Dr. Smith I agree is very intimidating woman at first but I think she is a fair lady. I learned a lot from this class and would recommended to people who aren\'t so shy.
6191,1337,5.0,0.55,0.0005218859288915,0.001155812963843335,0.0006356971301138343,Mrs Mitchell is wonderful! I can\'t say enough nice things about her. She is very intelligent and willing to do anything to help a student. I highly recommend her!
15105,752,1.5,0.8,0.0002879007953806,0.0007944468658242001,0.0006355574926593601,"Not making clear or very logic point. You feel like you know every word she says, but it just make little sense. Not helpful in understanding the major. Need redesign."
2639,1109,2.0,0.51,0.0006572722927286,0.0012459287494093901,0.0006354236621987889,He is not clear at all. He asks for your questions but does not respond well to them. He goes off on tangents that do not seem to relate to the point and some how you are supposed to make a connection. It is time for him to retire.
17616,552,3.0,0.66,0.0006962648025188,0.00096134055290271,0.0006344847649157886,Dr. Lynn is a very engaging speaker but sometimes he is not always appropriate. During a lecture on ethics he made us pull out our phones and show him our Facebook pages. He said he wanted to check them for ho pictures. It is not his business what we do on our personal time. This was during a lecture on ethics.
1478,373,3.0,0.87,0.0004067712084378,0.0007292418075403101,0.0006344403725600697,"Personally,I didn\'t like his teaching style.I hate sitting in circles and having discussions, especially when the people are all super against corporations and they get into these big tyrades about how bad they are.There was too much focus on that,and it got to be quite annoying. Should have dropped"
11931,406,5.0,0.8,0.0002693965927477,0.0007918212448981551,0.0006334569959185241,Amazing professor. Highly intelligent. Will remove anyone\'s stage fright. Too bad he\'s leaving Seneca. Great asset Seneca is losing. They should give him the schedule he wants. Seneca making a huge mistake. Best teacher ever.
4350,1021,5.0,0.61,0.0004786695814284,0.0010384519284539649,0.0006334556763569186,she is the so great! very helpfull and a loving personality! I\'m even taking her 122 class for spring. ( its hard to get in her class b/c it get filled quikly so hurry if you want her) strongly recommend her !
16413,310,1.0,0.74,0.0003449145070793,0.00085473088272161,0.0006325008532139915,It is a huge discredit to CCSU and to Dr. Craine that this woman is allowed to continue teaching. She is horrid both as a teacher and as a person. What goes around comes around and this woman is surrounded by bad karma!
13362,694,1.0,0.63,0.0004695615250461,0.0010037202114733,0.0006323437332281791,DO NOT TAKE!She is unhelpful and super rude if you ask her a simple question she gives you a condescending answer and makes you feel stupid. She doesn\'t make things clear and there are way too many quizzes the last few weeks you will have two a day. I really feel like she sets people up for failure
16106,1361,3.0,0.62,0.0006198368511469,0.001019061258033475,0.0006318179799807544,not recommended her at all. so strict teacher
2232,1365,1.0,0.57,0.0007976760450184,0.0011060022608172602,0.0006304212886658382,WORST TEACHER EVER!!! he doenst want to help anyone and he gets mad when you ask him to explain a problem. he doesnt know what he is doing and messes up on example problems! drop him now!
18108,1020,3.0,0.65,0.0005294383514571,0.0009647994829028199,0.000627119663886833,Paula Moore is clueless to the world. But she did give us a bunch of days off so she would get good feedback from the class.
15004,106,4.0,0.58,0.0003145379567293,0.00108056867249484,0.0006267298300470072,"She is eccentric and boring, but very flexible, helpful and insightful...theclass waseasy"
15701,493,2.0,0.64,0.0005030776989355,0.0009792572250977149,0.0006267246240625375,"Dr. Slusher wouldn\'t accept a hand written love letter from Channing Tatum if it wasn\'t APA format. She is crazy for the rules and reads the PowerPoint word by word everyday (good luck dealing with her voice). Tests are common sense, but difficult because there are 3 right answers but you need to pick the \'best\' one"
17033,1207,1.5,0.5,0.0004770343880598,0.001253007558822055,0.0006265037794110275,I think he might be the only one that takes attendence. Most people study for other classes during his class... can pass if you go to study sessions... i\'m sure there are better though.
503,958,5.0,0.75,0.0004982871121935,0.0008336996264562912,0.0006252747198422184,Excellent professor. The best one I ever had.
12154,302,2.0,0.72,0.0005657216603944,0.0008669600759740999,0.0006242112547013519,"She was rude and arrogant, and cared way too much about the LART program. She scoffed at anyone who had a differing opinion about that class. The information was pointless, yet we did SO MUCH WORK."
7591,588,5.0,0.54,0.0007632411863838,0.00115327796879894,0.0006227701031514276,TAKE HIM!!! You won\'t regret it!! He really cares about his students. He wants people to do well. He\'s chair of the department for a reason!
3524,998,2.5,0.58,0.0006911443270267,0.0010735394050535,0.00062265285493103,"Nice lady but kind of stand offish. I found that she doesnt seem to like to answer questions, she says to read the packet. Quizzes are pretty easy. Def. read the lab packet before class because she goes through the explanations pretty fast."
10591,212,1.0,0.75,0.000466872656118,0.0008297836163991151,0.0006223377122993363,"I like Hoyt as a person, and have a lot of respect for his intelligence. However, I think he might be the most boring philosophy teacher I\'ve ever had. He talks so slow and quiet that you just don\'t pay attention. He could also make the most intense sex scandal seem abnoxiously bland and boring."
15816,121,1.0,0.85,0.0003481290733458,0.0007284297677147899,0.0006191653025575714,"I had this guy last year and let me tell you that after every class I would go to my car and start crying. He made me feel stupid, and pretty much I was board but still tried very hard!!! I was SO FRUSTRATED!!! Again I left almost every class in tears!"
243,52,1.5,0.62,0.0005102168133015,0.00099742741418845,0.000618404996796839,She is old and talks very monotone. Not easy on the eyes at all. No peronality and she sucks. She tells u at the start that u are not going to pass. Good Luck!
15612,1364,2.0,0.59,0.0005000452071872,0.00104717686912592,0.0006178343527842928,He mostly taught of whats wrong with Plato and Aristotelean views and why his philosophies are right.Very ignorant to Abrahamic religions made me believe that he has never really read a Bible or Quran because he was off in his facts.But if you want to know his views hes great.I had him his last semester so he must have already checked out upstairs
4739,818,2.5,0.82,0.000207429170194,0.0007530493588921199,0.0006175004742915383,"If you\'re liked, you will receive help. If not, drop and find a new class. She was very nice to me (her best quality), but she cannot bake. Unfamiliar with products for a former bakery owner. The same products are repeated throughout the semester. Rehash."
19871,1239,5.0,0.78,0.0004145542960975,0.0007915133058115,0.00061738037853297,MY FAVORITE PROF THIS SEMESTER.AND NOT JUST CUZ SHE\'S BEAUTIFUL.(BY THE WAY THOUGH-SHE IS.)SHE\'S VERY LAIDBACK AND EXTREMELY NICE-REALLY WANTS U TO FEEL COMFORTABLE WITH SPEECHES.GREAT SENSE OF HUMOR.(I WANNA MAKE OUT WITH HER.)
12581,1206,2.0,0.71,0.0004462892018399,0.0008671232973315099,0.000615657541105372,"I did not like him at all! I rather have a hard Shenbagh,,, than an easy Poemro.. I did not learn anything in Class!"
14226,100,1.0,0.55,0.000888877370003,0.001115261883874365,0.0006133940361309008,Never seen such moran professor. He should dismiss from the shool.
4184,122,3.0,0.56,0.0006635262089766,0.001095184526618515,0.0006133033349063684,"pointless information, stutters and babbles, hard to pay attention"
241,52,5.0,0.57,0.0006281774215453,0.001073769398794195,0.000612048557312691,"She is pretty hip for her age, and is quite informative and is easy to get along with and it is an easy class to pass"
5666,846,4.5,0.84,0.0002791582786436,0.000728462885594677,0.0006119088238995287,"he\'s very....colorful...rainbow colorful. He\'s got 6 rings on at all times, three on his left and three on his right. an earing. and he runs around like a chicken with its head cut off...but god is it a great class."
2714,1290,2.0,0.57,0.000687007717447,0.001070913619481185,0.0006104207631042754,"He\'s ridiculously vague and biased. There is no point in arguing with him. If you disagree with him, you\'re wrong. He started off his first class with the statement ""I\'m more liberal than Hillary Clinton."" No relevance to the course, but an accurate start to this class that is better off being called ""An Hour and Fifty Minutes of Tim\'s Opinions"
10838,1073,5.0,0.67,0.0002633789168663,0.000910957138081064,0.000610341282514313,"Rebecca has a brilliant mind, she gives great lectures. Regardless of what others say, I find her very approachable. And, yes, she deserves a chillie pepper ;)"
19755,240,1.5,0.64,0.0005213115138142,0.0009526996644711499,0.0006097277852615359,"I didn\'t take her for a class but I did attempt to be a part of her research. Had a meeting with her and she was completely rude. My freshman year I got a C in calc while working two jobs and being a full-time bio major. She wouldn\'t let the C go. I even told her I would quit my jobs to be more available, nothing. Wasted 45 mins in her office."
17568,1001,5.0,0.63,0.0006780318072242,0.000965678538804515,0.0006083774794468444,"If you don\'t think that Baude is the smartest person you\'ve ever met. You\'ve either met Socrates or you can\'t recognize genius when you see it. In the words of Terry Bethel, ""Baude knows everything!"""
8423,343,2.5,0.6,0.0005757304758796,0.00101044011393568,0.0006062640683614079,"Don\'t do it. Just don\'t... So much reading. She goes off topic. Not clear about anything. Doesn\'t remember due dates. The midterm and Final are essay exams. She\'s late to office hours. The subject is interesting but her class is ""No Bueno"""
15361,1198,2.5,0.64,0.0004272769240013,0.0009468130758208849,0.0006059603685253664,"He seems to know his stuff. However, he wastes way too much time trying to prove EVERYTHING! This caused our section to fall behind. To catch up to the others for the final, he had to cover the last chapter with very little depth. He\'s a very easy grader, and overall, the class is extremely easy. Homework is optional."
3408,1016,5.0,0.64,0.000402397901817,0.0009432587388657,0.000603685592874048,Paul was the voice that I needed when I was just coming into my own as an artist and photographer. He made me concentrate on mediums outside of my comfort zone and was critical but encouraging. I wouldn\'t\' be where I am without him.
381,924,1.0,0.52,0.0007572126424515,0.0011607223431762,0.0006035756184516241,JESUS CHRIST OF NAZARETH. I HAVE NEVER SEEN A BAD TEACHER IN MY LIFE UNTIL I TOOK HIS CLASS. HE IS JUST THERE FOR THE PAYCHECK. PLEASE RUN IF YOU CAN.
7271,674,2.0,0.58,0.0005510490168779,0.00104040542792823,0.0006034351481983734,"She\'s gotten better now that she has hearing aides. She\'s a bit scatterbrained, though. She\'s nice, and you make alot of puppets, but you might not learn alot. She really likes Woody Allen."
298,621,2.5,0.64,0.0003788944471412,0.00094014854163239,0.0006016950666447296,"do not be fooled by his seemingly nice appearance, he is an evil, self-absorbed, tyrant. professor galt is much better and more open-minded."
6122,1204,2.0,0.58,0.0005558925535236,0.001037311978391865,0.0006016409474672817,"I am in his online class right now and I hate it. He rarely sends out emails and when I emailed him about a test it took him over a week to reply (it wasn\'t helpful at all). His tests have nothing to do with the subject, although you do have the option of taking it twice if you want. Maybe he\'s better in person. I won\'t take him again though."
19891,1028,5.0,0.51,0.0005817025368527,0.00117959383181004,0.0006015928542231204,"Great teacher. Not for the faint of heart, he can be abrasively constructive in his criticism. We wrote briefly every class. As long as you put forth effort he was willing to help. Pretty funny guy and his assignments are straight forward no bull. I\'m sure he hates me for my Nuclear Fission paper but TOO BAD. I hope he sees I said that too."
15452,1115,4.0,0.56,0.0005147604374086,0.0010734105545390348,0.0006011099105418595,"His accent is pretty nice. Good teacher, easy class"
17121,118,4.0,0.52,0.0004268334059326,0.001155499674975545,0.0006008598309872835,"Bob is one of the best Prof. I\'ve ever had. To bad he is retiring, he will be hard to replace"
12438,451,5.0,0.69,0.0004080705183339,0.0008696289619645651,0.0006000439837555499,"I thought she was fantastic. Organized, thorough and fascinating. She was very punctual, always let you out early and was very clear on expectations. If you are one of those idiots who can\'t follow concise directions, or can\'t leave your phone alone for 45 minutes...do us all a favor and don\'t take her. If you can, you will love her!"
12168,302,4.5,0.71,0.0002423009632155,0.000843615145959854,0.0005989667536314963,"She exudes grace, even in the midst of difficulty. She will stretch and challenge us, but the outcome will be worth it. HSe is a class act, who knows her stuff!"
17022,1207,4.5,0.64,0.000431598738753,0.00093361647836842,0.0005975145461557888,"He is kinda boring, but if you do the study guide that is half the test. He is really nice and will help you if you go to his office. He always want people to come see him and makes himself very available. GOOD GUY!!!"
11703,295,2.5,0.64,0.0006339197784351,0.0009332884164914149,0.0005973045865545056,"""For the question J^j, to find the cost is like to find the dampning of the water waves or in an engine oscillating motion."" To sum things up, he is rarely on track with what he is doing"
19373,784,4.0,0.79,0.0003523728927737,0.000755168652222657,0.0005965832352558991,"Boggess is awesome, sure he\'s easy and you dont learn much but hell yeah he\'s cool as hell...a good man"
757,1025,1.0,0.53,0.0006177496966894,0.00112455008029396,0.0005960115425557988,"One of the worst professors I ever had. She does not respond to emails, which is not good for a professor. Communication is a plus. She is all into herself in class. She does nothing but play on her little computer. She is good at telling you what she want to do when she retire. Good at telling students not to ask her questions, ask a group member."
3832,236,5.0,0.62,0.0004884251071276,0.0009596016795661799,0.0005949530413310315,OMG! WONDERFUL PROF! Eveyone sould take Glee Club even if they can\'t sing. Coach will help you discover your inner voice. And he will help you make it beautiful.
18890,839,2.0,0.56,0.0003540516970061,0.0010604843886603248,0.000593871257649782,"School is for learning and she makes it a horrible experience. Yells at you, humilates you, and makes you feel unconfident for no reason. She said that she became a nurse for the money and it shows beacause she has no compassion at all. I left the school due to the way she treated me and the lack of professionalism she displayed. It was pure abuse"
14404,532,4.0,0.53,0.0006459279653012,0.001118627642303435,0.0005928726504208205,"I took a variety of classes from Doc Robinson when I attended EMU, including inter-racial comm. (I\'m a white chick). If you have issues re: feeling uncomfortable because you\'re white due to his class, maybe you should check yourself. As far as coursework, I felt it was challenging, yet fair. And Doc Robinson was always available for appointments."
11251,1323,4.0,0.6,0.0006428115293594,0.0009853163198983751,0.0005911897919390251,Snider is very caring and uses humor to keep your attention. He wants to help you but you need to ask! His tests are hard but as long as you study you will do fine
5531,1388,5.0,0.52,0.0003433663850833,0.0011360922010583653,0.00059076794455035,I have yasmin for spanish 10 and again next semester for spanish 20 and she is the best teacher I have ever had. She is so helpful and even brings breakfast for us on fridays. She really cares about her students and I have learned so much spanish.
7523,172,1.0,0.73,0.0004520314334673,0.00080606961519734,0.0005884308190940581,"Complete JERK! I do NOT suggest taking this class by any means. He is unclear, boring, and incredibly pompous. He thinks that just because he is old and graduated from Harvard he is intelligent. HE IS NOT!"
4232,729,4.0,0.53,0.0005705518586141,0.0011087533310811138,0.0005876392654729903,"Better be a democrat, the more liberal, the better!. He was OK, if you want a good Worc. Hist. class, go to Worcester State and take it with Jake Powers ( who doesn\'t mix politics in class)"
10034,1153,2.0,0.55,0.0006638755970211,0.0010655254300728299,0.0005860389865400564,"Meany is a tough, opinionated teacher. If you don\'t have the same mind set or agree with his answers he will argue with you until you force to give in. Knows what he\'s talking about, but is a miserable person. He converses with you based on his knowledge, therefore he\'s often difficult to understand. He\'s my least favorite teacher I\'ve ever had."
12250,207,4.0,0.5,0.0007870456343833,0.001169410812616135,0.0005847054063080675,"Claflin does make you waork hard, but he provides a good environment to work in and be in"
5913,162,1.5,0.74,0.0002893919496738,0.0007892195702269401,0.0005840224819679356,She was very rude and demeaning to all of my work that I submitted. She doesn\'t really teach very well. DO NOT TAKE
7186,686,1.0,0.81,0.0003454760574235,0.00072041681032015,0.0005835376163593216,She\'s terrible! English is my best subject. Sh etried to destroy that. She was more concerned about you writing about HER view points than your own.
6156,192,4.5,0.62,0.0004806353532026,0.0009405425205669649,0.0005831363627515182,Loved her and her class. She really cares if you get it:)
10486,573,5.0,0.61,0.0005942445318755,0.0009553131000051099,0.000582740991003117,"I liked him, but closed minded at times. He came from left field at times and condescending. Take him.easy essays, follows book...and will not let you sleep in class.."
11507,976,1.5,0.58,0.0003859847142752,0.0010034786191626599,0.0005820175991143427,"Very self-centered. Very egotistical. Hard to understand & does not care whether you get the material or not. Has a God complex, so don\'t get on his bad side. Do NOT recommend."
74,1371,1.0,0.53,0.0004878749412447,0.001097808547155345,0.0005818385299923329,Missed the first assignment because I was moving. Did every assignment thereafter and he had me dropped at midterms for not attending. Does not give clear instructions and he doesn\'t seem to care at all about the students. I get the impression he is one of those people that is miserable and wants everyone else to be miserable as well.
11324,174,5.0,0.61,0.0006707047702884,0.0009509589309120001,0.00058008494785632,"Pin-cushioning, Proportioning, and LowBalling. If you do any of these things will be ran over by a man with a pipe full of cherry tobacco, wearing a authentic Scottish bagpipers hat, plus he will take your house too. Obviously, live fast or die is a good mindset going in, but you\'ll never find a better teacher to prepare you for the real world."
368,924,1.5,0.75,0.0004936576621457,0.0007722837928118499,0.0005792128446088875,Hard everything. No review. I mean it RUN!!
478,596,2.0,0.9,0.0001395209331712,0.0006429870870662559,0.0005786883783596304,"This teacher is not effective. I graduated with a computer science degree from Denison and work in the industry now. She had no grasp of the material, and if she did, was not able to convey it clearly. When she retires, I will begin donating money to Denison."
15798,431,1.5,0.56,0.0006696679459818,0.0010332345337415651,0.0005786113388952766,Lectures are not well organized. Textbook is terrible. Not helpful via e-mail. Not in scheduled office hours.
15294,867,1.0,0.56,0.0007339707096782,0.001032981943380955,0.0005784698882933349,very confusing to teach. rushing and doesn\'t answer questions.
19612,251,1.0,0.67,0.0006098361036796,0.00086304383763268,0.0005782393712138956,"when i asked if she wanted opinions, facts, or both for a paper she said (and i quote) ""i NEVER want your opinion"" The 60s were all about voicing your opinion! meanest, most unhelpful teacher i\'ve ever had. do not take her classes at any cost"
12184,1328,1.0,0.6,0.0007488963600734,0.000962209373804985,0.000577325624282991,"Not exactly a gift to the English Department. Those who know her best refer to her as ""Tyra the tyrant."""
4591,359,2.0,0.76,0.0004095622662411,0.000759345101226865,0.0005771022769324174,"She is one of the rudest professors I have ever taken. She will not let you eat or drink in class unless it\'s from a water bottle. No sodas or coffee. She goes over activities in class, but her tests are NOTHING like what she goes over. She will call you out if you\'re caught on your phone or you\'re talking while she is talking. Beware of her!!"
9767,274,5.0,0.51,0.0002882704747514,0.001129987159578865,0.0005762934513852212,He is a really nice guy and is willing to do anything to help you be successful in your college career. The class is an easy A if you do what he asks yu to do and you go to class.
15755,587,1.5,0.51,0.0006587005962057,0.0011280276603625548,0.0005752941067849029,"This guy has no idea what he\'s doing...if he doesn\'t understand, you\'re wrong...doesn\'t cross his mind that maybe you know something he doesn\'t...I\'m really not sure that a guy who is not up-to-date with new genetic testing and studies should be teaching about it!"
18955,99,3.0,0.5,0.0004877858881353,0.0011503363141340001,0.0005751681570670001,Not great dont take him. Tests are way to hard
19511,495,1.5,0.52,0.0006414984084134,0.0011059374147205899,0.0005750874556547067,"He can be every unclear. You wont get stuff back right away. If you need help DON\'T EMAIL HIM, speak to him after class. He says that attendance in mandatory but he sometimes forgets to even take it. He really didn\'t know our names even at the end."
13286,743,2.5,0.69,0.0005026338703443,0.0008334422331550351,0.0005750751408769741,She only likes the people who know what they\'re doing and if you don\'t do it right after two weeks she makes you feel like an idiot. I liked what she was teaching but she\'s a bit arrogant about it. Beginners beware!
17253,370,1.0,0.66,0.0004693871268179,0.000869482667701825,0.0005738585606832045,"The WORST teacher I have ever had. It is impossible for this woman to see past her own bombastic ego. Manipulates and mocks students when they have questions. Her License should be revoked, she only holds her possition b/c she wrote the text!"
7529,869,5.0,0.77,0.0003612742497168,0.0007436559079640242,0.0005726150491322987,Love this Professor!!! Her voice is soft and monotone but she is wonderful.
8315,872,3.5,0.62,0.0003911260379157,0.0009233291871015147,0.0005724640960029391,Lots of work but she\'s very very nice!
10074,557,5.0,0.81,0.0003826874412475,0.0007058799399762147,0.000571762751380734,He\'s awesome. Take him! Lot\'s of homework but he is willing to help all the time.
8777,263,5.0,0.71,0.0004384667896306,0.00080521864642961,0.0005717052389650232,He is a super nice guy and want the best for his class. That being said if you go to his Office hours he turns into a mean person and kinda judges you. But other than that he was awesome and would def recommend him.
8082,101,2.5,0.56,0.0005640815845572,0.00101916493131376,0.0005707323615357057,"Let me just say she\'s nice but if you took her you\'re better off taking the class online. She often goes off subject, she can\'t keep a straight thought. Tests are 25 questions over 3 chapters and you\'re not sure what will be on the test. The paper was easy. Just make sure you read. Her slideshows are useless, she doesn\'t know how to work them."
8978,1072,3.5,0.65,0.0005698014240124,0.0008767816048141051,0.0005699080431291684,"Don\'t think you have him figured out the first day. He is sly, like a fox. He is very good at getting you out of your comfort zone. Be open minded and enjoy the class. He is extremly educated and wants us to be also. I recommend him."
2438,848,1.0,0.53,0.0002633229940201,0.001074236677456615,0.000569345439052006,he is not easy and never trust you.do not take this class with him...
3893,1310,1.0,0.75,0.000438895781767,0.000758818326309175,0.0005691137447318812,"She does not teach class. She reads the text book. Her suplements are total BS. I wish she could speak, and understood that sometimes we don\'t understand her. She always plays the piano as lound and hard as she can."
289,621,1.0,0.72,0.0004833629742454,0.000789897678015365,0.0005687263281710628,"Played favorites - would spend 15 minutes helping one person and 1 minute helping another, always said he wanted your creation to be ""simple"" but always favored the elaborate projects, acted as if projects were very open-ended but then acted as if they had to be done his way"
16957,1090,1.0,0.71,0.0004197527903485,0.0007992667212395701,0.0005674793720800948,"An evil, evil man. Loves to swear and yell at the class. But, don\'t try too hard - nothing is good enough anyway. Thinks he\'s a good dresser. Ha."
12139,592,4.5,0.54,0.0006390596683653,0.0010505847439387752,0.0005673157617269387,Do NOT buy the parkin book! you will never use it. do do the homework on a regular basis and do go to CL. It all really helps.
15802,431,1.0,0.56,0.0005973481074862,0.001012964203333985,0.0005672599538670317,I think he is still in class to...pass the time away. He calls so many other people to talk in class. I think he is lazy.
15082,965,5.0,0.6,0.0005244392186441,0.0009410025820032,0.00056460154920192,Best teacher and nicest woman ever. She will do anything she can to help. :)
7001,754,3.5,0.59,0.0005955968245524,0.0009567766988540271,0.000564498252323876,I took his online class. This teacher is GREAT!!! He is very nice and understanding!!!! I would take him again anyday!!!
11436,1386,2.5,0.52,0.0006315706523214,0.001083533999769185,0.0005634376798799762,"This guy answers his cell phone in class. It would be one thing if it happened once, but it happens almost every day. Total disrespect for a graduate class."
15009,849,4.5,0.52,0.0006809025779122,0.00108236199720896,0.0005628282385486592,"Kibbles is the man. He does make you do a lot of homework, which is extremely taxing, but is also really clear in lecture. If you wake up each day at 8:30 to listen to him talk, you should be fine."
11503,976,2.5,0.55,0.0008107422855231,0.0010224632158115018,0.000562354768696326,"His classes are not easy. It can be hard to understand him. I suggest going to office hours and talking to him after class. Be active in his class. He seems mean, but he can be very pleasant."
10220,379,4.0,0.67,0.0005173892775408,0.0008391294725620746,0.00056221674661659,He makes class interesting although very challenging. I liked him so much in Calc one I took him in Calc two.
15840,874,5.0,0.67,0.0006172551137847,0.0008385946574453701,0.0005618584204883979,Awesome awesome teacher and they should let her stay.
9966,112,5.0,0.83,0.0003493426095558,0.000676733084762643,0.0005616884603529936,i loved him so much. hes so great and approachable. fair grader
11065,560,2.0,0.73,0.0003913995785897,0.000767742548116745,0.0005604520601252238,he used to be such a great guy. i looked forward to class with him. but lately he\'s just grouchy and mean and sometimes hurtful. no need to crush unsuspecting former students emotions...he\'ll be your best friend until you do something he thinks is beneath you...then he\'ll make you feel like a loser
15973,884,1.0,0.57,0.0006023711162121,0.00098243479274498,0.0005599878318646386,"He thinks he teaches POGIL, but the ""G"" in POGIL method stand for ""Guided"" which he doesn\'t do. He is lazy. If you go to his office or stay after class to ask him to work out a difficult problem, he doesn\'t ever do it. If you ask for a way to see the steps, he doesn\'t give it. When people say he is ""fair"" it\'s due to his ridiculously huge ""curve."""
7392,1045,2.5,0.59,0.0004310886425207,0.00094869879660983,0.0005597322899997996,"No personality! Go to class, do your work, keep quiet and you will be fine!.. When she says study, STUDY! A lot of people didn\'t like her, but those were the people that she was mean to because they did not do their work!!"
13126,870,3.0,0.8,0.0003818051353692,0.00069913003198275,0.0005593040255862,"I took the online course, and it wasn\'t that bad. I suppose if you don\'t have to see her in person she\'s better to talk to. However she did freak out on us when one person posted a message in the wrong topic. Other than that she was chill."
9635,402,3.0,0.92,0.0001035169681479,0.000607277351775897,0.0005586951636338252,"His CourseReader is useless. Most of the content is copied from the book. We have to buy it only for three coverpages. He also doesn\'t allow us use copies of his coverpage. May I ask, who wants to spend 30 bucks to buy only three coverpages!! So he is just a thoroughly profiteers."
11901,542,5.0,0.67,0.0004691720465112,0.0008337920897398051,0.0005586407001256695,"Nodine is was she is. If you are willing to advance yourself she is willing to help you do it. She loves what she does and does what she loves. Keep a pocket dictionary as she prides herself on a sophisticated, multifaceted vocabulary. Academics, educati"
10002,537,1.0,0.8,0.0002818858090167,0.0006978346103200851,0.0005582676882560681,She makes one mistake per minute on her videos. What a waste of space. Extremely rude and full of herself. Don\'t plan to learn anything.
17770,1210,1.0,0.54,0.0005498069322798,0.0010325908179319799,0.0005575990416832691,"HORRIBLE TEACHER!! STAY AWAY!. i never had econ before but, i studied so long for every test and never passed. Even people that had econ before were barly passing At withdrawl timehe told me to stay in because he will bump everyone up and i still recieved a D Cant understand one word he said. HE doesnt use a book but you need to buy it to understan"
16355,1083,2.0,0.5,0.0006948103060219,0.00111500074017159,0.000557500370085795,He is very hard and seems to be a hard grader and so forth....
4932,582,1.0,0.85,0.0002602992362979,0.000655241081763425,0.0005569549194989113,This woman is terrible. She won\'t return emails and she\'s not easy to talk to. I dropped the class. I haven\'t spoken to anyone who likes her.
17686,624,2.0,0.77,0.0003779923973411,0.0007218838474106699,0.0005558505625062159,"He was boring to an extreme. Not to say he did not know his stuff, because he did. However, he tells you everything. Details you do not need to know or care to. He speaks slowly and tends to repeat nouns instead of ever using pronouns. Was just slow and boring. NOT RECOMMENDED"
11044,351,1.0,0.67,0.0005354325474395,0.0008282319263548749,0.0005549153906577662,"He was nothing but a bully, disguised as a teacher. Yelling and taunting kids were his main teaching methods. If you can switch out of his class."
9033,318,1.0,0.61,0.0005619673259725,0.0009087629780561649,0.0005543454166142606,This prof is full of himself. His class was boring and he\'s snubs students. Thinks he\'s hot but really he\'s not. Has an attitude that keeps us from asking questions. It\'s all about him after all.
183,169,2.0,0.52,0.0003273838328785,0.00106516057021602,0.0005538834965123304,"The worst teacher I ever had. So negative about everything, not understanding, and just plain unfair to people she doesn\'t favor. HIGHLY RECCOMEND TAKING THIS COURSE FROM DR.SHAW"
10168,365,1.5,0.62,0.0005890537527196,0.0008933436522882701,0.0005538730644187274,Boring class. Ease up on the grading too. I put 715 B.C. and got points off cause it was 710 B.C.
2625,1221,5.0,0.81,0.0002670582131374,0.00068303982609272,0.0005532622591351032,"whoever gave grout a :( must be a terrible design, grout is the greatest man on earth, and a modle teacher"
17149,567,2.0,0.67,0.0004857647091029,0.0008254354563630051,0.0005530417557632135,"You have to attend class to understand what she makes you read. She lives, breathes and bleeds Russia. Shes a great person and i like her as a person, but as a professor; no thank you."
19448,1102,1.0,0.65,0.000380604135806,0.0008504558887558402,0.0005527963276912961,"Whatever you do, do not take a class with her. Truly terrible woman, doesn\'t care one bit. Save yourself the pain and suffering, take another Prof."
15698,493,4.0,0.61,0.000235279535317,0.00090549378330118,0.0005523512078137199,"Dr. Slusher deserves a lot more credit than most people give her. She is someone I look up to for her accomplishments in nursing. She is a professor that cares about the future of nursing and wants you to succeed. Slusher will prepare you for the rest of your nursing program and career. Lecture heavy, funny, intelligent, & has high expectations."
9846,683,2.0,0.58,0.0006147766686444,0.0009514659117981299,0.0005518502288429153,She seems very on organized imformation on speeches is all over between the internet and the handouts. I often got marked off for not using the write bullet points. Easy class though but don\'t recommend it.
15026,53,4.0,0.56,0.0005895690119606,0.000982697967043515,0.0005503108615443684,"Hey, I got a B, shes not that bad"
4891,915,1.5,0.63,0.0005727888028737,0.00087338857146248,0.0005502348000213624,"watch out.. not helpful, rude, and teaches at lightning speed. dont even bother going to him for clarification on anything. arbitrarily grades tests. will take 5 points off for one small error on one persons paper, and 5 points off someone elses when they got the entire thing wrong. Unfair, hard to understand, and just overall terrible!!!"
15288,867,4.5,0.78,0.0003038666678953,0.000705117366649325,0.0005499915459864735,"Dr. Brown is great. She\'s extremely energetic, she can be hard to keep up with. But she really knows what she\'s doing. I would definitely recommend her. Anatomy is pretty horrible so having a good instructor makes a big difference."
17113,279,5.0,0.55,0.0003514422813004,0.000996885966452995,0.0005482872815491473,Cool teacher. He helped me a lot and made me feel like I was wanted there :). I am an international student and Dave really helped me not feel weird. He always explained things to me and to the other students and had a huge smile on his face. Great instructor!
11783,1058,4.5,0.56,0.0005735760789974,0.0009759035650048549,0.0005465059964027188,Radhika is awesome. She is one of my favorite profs at the j school. Definately take Race Gender and the Media. It should be required.
11591,836,1.5,0.71,0.0005722110824703,0.000768321461336475,0.0005455082375488972,"She will give out homework, but she never picks it up. She will also tell us to not be scared to ask her questions but when you ask her questions she will explode and no answer your question."
11416,476,1.0,0.52,0.000649769835137,0.00104542430231163,0.0005436206372020476,"If you see him on your roster run away quickly. He failed a man with 10 years of accounting experience. This student worked at a computer company audited by PWC. He knew his accounting, Sami did not. His web page--> http://www.sbm.temple.edu/%7Ehsam"
10417,1180,4.5,0.52,0.0004621602507794,0.001044181842296455,0.0005429745579941566,Dr. C is a great guy. He is totally approachable and helpful. And you can easily bullsh*t your way through his classes!
12159,302,5.0,0.63,0.0003407392918184,0.0008617671348490851,0.0005429132949549236,"She\'s difficult, but she cares about her students if they care. She\'s incredibly clear and well-spoken, and I\'ve been to her house for dinner and she\'s an excellent cook."
17798,1114,3.5,0.53,0.0004750984406316,0.001024099744532585,0.0005427728646022701,"Eierman is a nice guy. He loves what he does and that\'s obvious. However, this class is HARD and his tests are the most difficult I have ever seen. This course is definitely geared more towards chem majors than any other. He\'s very helpful when you ask so don\'t be afraid. Otherwise, you\'re pretty much on your own. Good luck."
12616,477,1.0,0.67,0.000495121868575,0.000809364323508205,0.0005422740967504973,"Took him for Physio & Animal Bhvr. WORST TEACHER EVER! It is seriously a poverty to this school that they keep a man like this on their payroll. Example: he showed a video one class. Next class he says he was sorry, he showed the wrong one. He was there watching the whole video! Also, his review questions might as well be used on Mad Gab. AVOID!"
7574,11,2.0,0.5,0.0007820564991276,0.00108451262940355,0.000542256314701775,"just tell him what he wants to hear - he is not interested in your opinion. He teaches same films over and over: China Town, Reel 7, some film on cinematography, Sweet Hereafter and Eyes Wide Shut. He will toot his own horn a lot, since he EDITED the script for Sweet Hereafter. Fair marker, didnt get a lot out of his classes."
4108,264,1.0,0.74,0.0005071424098155,0.0007323390830293622,0.000541930921441728,"He thinks he is a dictator, and is going to take over the world. He looks down upon his students like they are nothing. Don\'t take CRJ425 with him take it with Prof. Sung, he is much better."
13745,1061,3.0,0.52,0.0006613702979185,0.00104122328846611,0.0005414361100023772,"Took for PLC, do not recommend. Lectures are meaningless, tests are brutally specific. Projects are simple but very poorly explained both because instructions are unclear and because he doesn\'t teach the material required. Prepare to spend a lot of time in his office or exchanging emails, which he can take a day to respond back to."
4465,1123,2.5,0.84,0.0003214178054037,0.000643418594213305,0.0005404716191391762,"Ware is rude!! Does not follow his schedule, very opininated, if your opinion isn\'t the same as his, you are wrong and he will make you feel really stupid. Likes to brag a lot about anything and everything. Tests are hard! lots of busy work"
12088,193,4.5,0.59,0.0005434589488991,0.0009159994538630649,0.0005404396777792083,"Absolutely love her. She is so down to earth and will tell you like it is, which some people like/ need. Gives a few simple assignments and is there whenever you need her. Had her for this class and orientation to edu and I will take her any chance I get!"
12576,1206,3.5,0.58,0.0005184962605128,0.0009306322117400251,0.0005397666828092145,"Online class. Contact with him sort of fizzeled throughout the semester; basically he never answered his e-mails. Easy class. Only asked for quizzes, 4 essays and discussion postings. No final."
664,1235,5.0,0.72,0.0003562895663308,0.0007495363444988849,0.0005396661680391971,"This was a boring class. It was tuesday and thursday at 10 and all she did was show us powerpoint presentations that she had made a long time ago. She told us where they needed updats, but I still didn\'t like it. She was very nice and very helpfull (esp. for students needing extra time) but she did not bring the subject matter alive for me. READ!"
16110,1361,5.0,0.75,0.0003513907219922,0.0007168509204317524,0.0005376381903238143,"MRS. MALEKI IS A VERY NICE LADY. SHE IS STRICT, BUT SHE WILL DO WHAT SHE CAN TO HELP YOU. SHE JUST TOOK OVER AS BEING THE DIRECTOR OF THE VN PROGRAM, AND WHEN SHE DID, SHE TOTALLY TURNED IT AROUND FOR THE BETTER. I AM VERY GREATFUL, THANK YOU MRS. MALEKI"
19030,1223,1.0,0.79,0.0002451114237517,0.0006802416436491501,0.0005373908984828286,"Kept talking about his mother. I don\'t know what she\'s got to do with mixing slip, but there it is. He\'s more interested in landscaping than teaching. Some folks should just not have tenure."
360,1078,1.0,0.6,0.0004474019802859,0.000894095762681535,0.000536457457608921,"a really arrogent person, thinks he knows it all, not interested in helping students, only interested in keeping his time with you to a minimum"
11462,1302,5.0,0.67,0.0003565392823027,0.00079978967361586,0.0005358590813226262,Charismatic...Can make jokes at himself and others. One of the best guys I\'ve ever met. He infuses a love of cinema in you!
14259,313,5.0,0.57,0.0004983704182918,0.000939613672049375,0.0005355797930681437,Dennis is Dennis. Very helpful and always there to talk if you are having a bad day. All around hes a very caring professor and wants his students to succeed.
14300,1175,5.0,0.59,0.0005957738570381,0.0009076367506074849,0.000535505682858416,I had him at angelina. His first name is Dextor :) . His classes are easy. Just write down what he says. I made A\'s in both of his classes.
3695,63,3.5,0.6,0.0002369258019344,0.00089232605455162,0.0005353956327309719,"I found his lectures clear, although I found that I could teach the material to myself better. This professor took me before the senate on plagiarism charges which I was innocent of and he ignored me as a student after the allegation which was extremely stubborn of him. He has a rep for doing, watch out. I still thought he was a good prof thou"
16447,877,4.0,0.81,0.0003232388941195,0.000659987557561915,0.0005345899216251512,Very good professor...my prayers are with her as she just lost her son in Iraq.
17640,414,2.5,0.62,0.0004216495837741,0.00086209610247025,0.000534499583531555,"Well spoken and very smart, but has a gigantic ego. Group conferences were just mini lectures. Written evaluation is based only on the second class paper."
12307,205,1.0,0.77,0.0003414108271405,0.00069405631458087,0.0005344233622272699,"doesn\'t really speak english. very hard to concentrate and learn from. weekly quiz on fridays that you cannot make up, no matter what reason, even if a relative dies. major jerk."
5931,61,4.5,0.76,0.0003536845571892,0.0007031496614985501,0.000534393742738898,love this guy. you need to grow up and pay attention. ask questions clearly and get a clear response. roda\'s brilliant but you should try to get in the first row to hear better.
181,169,4.0,0.55,0.0005271050604299,0.00096933100534056,0.000533132052937308,I liked her and she still remembers me. I would suggest sitting in the front row or at least be vocal during discussions. That\'s the best way to get a long with her.
16473,676,5.0,0.69,0.0004156991073082,0.0007726107151092299,0.0005331013934253686,this lady does not have her head up her ass. she is brilliant. pay attention to the subtle. and enjoy a fun class for a change.
7539,869,3.5,0.57,0.0004354140530326,0.00093419669609586,0.0005324921167746402,"This is for Minority Groups. She is very boring, but a nice lady. She does drop the lowest test grade. You don\'t have to go to class much. She posts everything on Blackboard. Easy class, with alot of extra bonus assignments. Dr. Donaghy is very nice and will help you if you need it."
16308,331,5.0,0.5,0.0006762108867836,0.00106450318285476,0.00053225159142738,"Intimidating at first, but he\'s nice once you get to know him. Follow directions, don\'t ask stupid questions and don\'t screw around in lab."
5396,1187,2.5,0.75,0.00040037251255,0.0007089176679772151,0.0005316882509829113,"This class was so boring!!! He has very distracting mannerisms...he will say ""ya know"" 25 times every 5 min."
5414,851,1.0,0.73,0.0004139453639498,0.0007280817859722501,0.0005314997037597425,"He doesnt teach the material and actually fell asleep during a student\'s presentation. Just like in grade school, he does not allow you to get up to go to the bathroom during class and wont let you tape record him....it wont take you long to figure out"
2846,1013,2.0,0.54,0.0006593320808008,0.000980230942606465,0.0005293247090074911,"It would take him the whole class time to work one problem! I\'ve seen him ""target"" the folks that may ""seem"" trouble makers. He grabbed this girl by the arm and took her outside. He thought she was being disrubtive, but she was asking her neighbor a question.One a good note he will let you make up his labs and sometimes get away w/late Homework."
19617,251,1.0,0.61,0.0004785555663443,0.000867313555116805,0.000529061268621251,"She is not helpful, and she did not lift my hold so I could register for my classes."
19503,672,3.0,0.58,0.000538051614617,0.0009110188372207,0.000528390925588006,"Very bouncy,annoying and very demanding.I only lasted one day.For each speech,the student has to decorate a table,a poster and dress the part.It can get expensive.She called to see why I wasn\'t in class and yelled and lectured me when I told her I dropped it."
16871,783,5.0,0.59,0.0004013460855687,0.0008950504224802099,0.0005280797492633238,"Mr. Salvo is the best! He\'s a real down to earth person that really cares about his students. If you need advice or help with anything, he will take time out of his day to help you. What a great teacher!"
10001,537,1.5,0.67,0.0003743347654537,0.000788125362318685,0.000528043992753519,"Will not provide any assistance when needed. She comes across as very arrogant and can frankly, quite rude. She does not understand that this class is an online environment and dealing with numbers online can be tricky. The fact that all of her ratings are negative--speak volumes. Please be mindful of this when taking BER 540!"
18227,287,4.0,0.77,0.0002820675665514,0.0006836864308410175,0.0005264385517475834,Hyde is a really cool guy and always has interesting stories to share. He is super smart and intellectual to the point where it\'s kind of intimidating. Some of the time when people raised their hands he would kind of shut down their ideas but for the most part he is really nice. Super easy homework. He takes attendance once a week.
18888,839,1.0,0.84,0.000248544623682,0.000626226447849075,0.000526030216193223,"Dr. Fressola is a cold, vile human being who spews venom from her mouth on a regular basis. Not sure why BCC or any hospital continues to keep her on the payroll.She gets her rocks off of making students cry. You will not learn anything if you have her, except how to be afraid. Good luck."
12636,146,2.0,0.59,0.0003277353964323,0.00089059103800015,0.0005254487124200885,the course is easy. he is not great he nit picks at little thing don\'t get on his bad side other then that he is fine. nothing special. notes are all over the pace just read the text do his assignments
17413,705,1.0,0.63,0.0005060913923116,0.00083331823093327,0.0005249904854879601,"If this is the only class you have she is great! But most likely that is not the case. I had more homework in this class than all of my other classes combined! She thinks she is the best person in the world, always brags about her being on CNN. She also talks about airlines like there the best thing in the world and bashes the healthcare feild."
18376,382,4.0,0.5,0.0006784782539734,0.001049292110250315,0.0005246460551251575,"Nice and understanding. If you are sick tell her before class! duh.. if it\'s a medical condition she will understand. Also, I had a B in her class and learned. But, if you don\'t practice on your own, forget about learning French..Practice is the fun part..oui!"
3230,797,5.0,0.64,0.0003887463299244,0.0008197436685940051,0.0005246359479001633,I loved taking this class from Linda. She is great! She was very understanding about everything. I turned in a few assignments late and she didn\'t mark me down for it. All she really cares is that it is completed and that we did out best. There are a lot of papers but she is willing to help you and accommodate.
9044,449,5.0,0.8,0.0003433972909538,0.0006541357081803541,0.0005233085665442833,I love Dr. Wiliams. Shes a great professor. Always willing to help you in anyway she can. She\'s the best!
5620,1259,5.0,0.53,0.0003879147746561,0.0009871192176247449,0.0005231731853411148,"Excellent Prof. Made uninteresting material quite interesting. VERY helpful, get her while she\'s still here."
5322,430,5.0,0.7,0.0003727920318032,0.000747037883470508,0.0005229265184293556,"Great professor. Loved her so much I am taking her again for Lit 204. Easy grader, wonderful personality. Highly recommended."
11840,772,2.0,0.61,0.0004045432196721,0.0008561396144877901,0.000522245164837552,"If you have a choice, do not take her. People say she is ""honest"" but it\'s more like disrespectful. Its her opinion or nothing. Her tests aren\'t easy and I end up teaching myself because she talks in class instead of teaching. She does have makeups if you miss the test though. attendance is not mandatory. I never look forward to this class. :("
13727,13,1.0,0.54,0.0005238274338571,0.00096634274223055,0.0005218250808044971,"Very melancholic, 10/30 points on projects is either pass or fail. So either 10 or 0. He will never admit he is wrong. I got an F on a project because he stopped testing when it failed a test case that WORKED! I went to see him and he would not admit that he was wrong even though I showed him Java Documentation showing he was wrong."
3993,314,1.5,0.56,0.0002760442417298,0.0009310020543282746,0.0005213611504238338,"Great if you like taking a class taught by a moron. Also great if you take the bible at its literal meaning, like he does."
5331,430,4.0,0.53,0.0004274423870253,0.0009835699512688754,0.000521292074172504,"very very very nice lady. easy on the workload, and a fair grader. I would def. recommend."
12762,182,3.5,0.5,0.000700506437769,0.0010421483641426701,0.0005210741820713351,"all i have to say is ""eh."" Take a class with her if you like the topic or need the credit. She\'s not too bad, not too good."
13288,743,5.0,0.5,0.0005595879198423,0.00103859091843708,0.00051929545921854,"Kim Fujii is by far the best yoga instructor, especially if you\'re new to yoga. She makes it fun, peaceful, and i guarentee you\'ll feel the difference after her class =)"
10859,43,5.0,0.55,0.0004600977029431,0.000943467269564735,0.0005189069982606044,"Best professor I\'ve ever had-period-. Class was demanding but interesting and when you get an A you know you\'ve really earned it. Great guy personally, too. Take everything he offers, Denison doesn\'t have much else to offer!"
8768,263,2.0,0.67,0.000382057669235,0.000773542125678815,0.0005182732242048061,Not helpful at all. He left on two trips during the semester and did not care at all. Study edge and his class notes barely helped either.
17995,50,1.0,0.52,0.0005485359173532,0.00099468350176216,0.0005172354209163232,"Unless your a native spanish speaker, avoid her. She seems unsure of her own language. She\'s confusing too- you never know what\'s for homework or on an exam. And, she likes essays VERY VERY clearly outlined, thesis, support etc. Otherwise she can\'t understand it. She doesn\'t directly answer quesiotns either."
783,1274,3.0,0.61,0.0004091938438006,0.0008456330844411199,0.0005158361815090831,I think he might have retired by now but i had him for my Spring 2010 Eng 2 class. He made us buy this expensive book we used only for a while. During the semester he made us write only three stories and a final paper. And there it was we all got an A for his class. Not the best but not the worst either.
6470,299,2.5,0.75,0.0003074633265507,0.0006869680104788351,0.0005152260078591262,blah. this girl doesn\'t say a damn thing. just nods yes or no. her assignments can be really friggin coool though. but you won\'t retain anything from her - only from working yourself.
17481,533,5.0,0.59,0.0004327403428452,0.0008731112273398349,0.0005151356241305025,"He\'s a very kind, sweet man. People are critical of him for no reason at all. He\'s clearly bright, and he\'s enthusiastic even when others are not."
8731,738,1.0,0.72,0.000495113005819,0.0007149026011735849,0.0005147298728449811,"Thinks he is better than you. Face it, he made a movie a long time ago, so he is. He will remind you that if you forget to bow. Stupid class because they stifle creativity to meet antiquated equipment standards."
2118,27,2.0,0.57,0.0002622069073103,0.00090232440290923,0.0005143249096582611,"I regret taking her class... So many better professors at York, in my opinion. I really do think there are many more qualified professors at the institution than her to be chair/dean. Also found her class really boring. She\'s a decent person over all though."
6329,1147,3.0,0.51,0.0007039218574179,0.00100812796458499,0.0005141452619383449,"Nutter tells a lot of stories- few of which have a lot to do with the material being covered. Quizzes come from the previous week\'s notes, and the exams are very similar to the previous semester\'s exams."
8190,912,4.5,0.76,0.0002146648254468,0.00067589811125574,0.0005136825645543625,He\'s an amazing prof. He\'s supportive and helpful. He\'s extremely challenging but he does it in a way that you actually want to work hard and make him proud of you. Excellent guy.
1846,260,1.0,0.68,0.0004140707186535,0.000754718532453145,0.0005132086020681386,only had one class with him...he basically mentioned that you couldn\'t use clay....he didn\'t feel like it was sculpture...too bad for you...too bad for uvic..you lost a sculpture student...but I will continue with my clay..phew on you!
2420,458,3.0,0.67,0.0002719801740475,0.000765311630659985,0.00051275879254219,"i think she was nice, not as clear as desired but she keeps up student relations"
525,49,2.0,0.55,0.0006685303976892,0.00093128041279366,0.000512204227036513,All she does is stand in front of a computer moniter and reads off the powerpoint...The class is NOT interesting
9193,88,4.0,0.53,0.0005240284210677,0.0009662258315138899,0.0005120996907023616,"WHAT YOU SHOULD KNOW- Good Guy, but the stress of the job has gotten to him: YOU MUST REMEMBER he is at that PHD level, which he expects you be there with him -- The Tests are out of reach, his Microthemes are extremely worded in a way you cannot attempt to Answer, Unless you have the time, PASS"
12514,1026,5.0,0.83,0.0004397638271578,0.0006169774062609945,0.0005120912471966254,Harris actually made me like EN115. Great teacher. I\'d recommend to anyone.
17720,899,5.0,0.52,0.000409430428988,0.000983627170655245,0.0005114861287407275,"She\'s a modern superwoman, juggling a PhD, a private practice, and some 3 classes? Extremely kind and easy-going. Very intelligent and thought-provoking. Always left feeling like my mind had expanded a bit. Tells great stories and examples. If I had met her earlier I\'d probably pursue a career as a therapist. You get what you put in as always ...."
19470,502,3.5,0.8,0.0003163652723808,0.0006393302609396199,0.0005114642087516959,It\'s really great when he makes a mistake on the board and corrects it 5 minutes later but doesn\'t propogate that correction through everything else but in general thermo is really really hard so it\'s tough to blame him
2439,848,5.0,0.52,0.0005722430738677,0.0009819571073743098,0.0005106176958346411,"liff is the man! def take him if you can. sure the tests are hard, but he does try to give you partial credit and he gives out lots of extra credit. stay with it, he is always tyring to help out if you are behind."
15664,72,5.0,0.79,0.0002479809351439,0.000646088752146745,0.0005104101141959286,"my favorite professor so far. he may have changed my attitude towards life. if you\'re a christian, he might convert you to something else."
2973,1077,1.0,0.61,0.0005360843875134,0.0008364413206156951,0.000510229205575574,"Had her for online mcb2010c, she will not reply to your email..so get used to that! Her tests come from three different sources so prepare to study..."
18007,228,5.0,0.7,0.0002080272752836,0.0007282394258958603,0.0005097675981271023,"Claude is very thoughtful and intellectual with her teachings. You can and will learn so much from her. You can count on her if you have any problems of any sort, she will be there for you with a genuine heart. Thank you for teaching us!"
5064,760,1.0,0.59,0.0002773366734491,0.0008633016877949,0.000509347995798991,"Has no respect for the people who are trying to earn a living, and ask for his help to get through his class"
4318,728,2.0,0.6,0.0005240254373447,0.000848340603254435,0.000509004361952661,"Worst prof I\'ve ever had. Really inconsistent grading, never keeps track of papers after you turn them in, and never fully explains assignments. Never makes himself available to talk or explain anything. Expects you to check your email every day but never responds to anything you send him. Also cancels/moves classes without much notice. Avoid him."
33,544,4.0,0.64,0.0002975709096627,0.0007952931605922601,0.0005089876227790465,"Trouble is, if you have different opinions on the topics you talk about then she won\'t like you. As long as you stick to what she lays out you should be good. She wants very badly to have students she molds, if she can\'t mold you she\'ll throw you away."
18889,839,2.0,0.5,0.0007283986545886,0.001016843459626635,0.0005084217298133175,"Does not answer any questions she doesn\'t feel like answering. Shows disdain and contempt for students. Test 3 is crazy-stuff you probably won\'t know unless you\'re already a nurse. If you have her for clinicals, be prepared to cry."
529,49,2.0,0.57,0.0004305599327436,0.000888321455990905,0.0005063432299148158,"LIke someone else said, avoid her at all costs. She is very bright and knows her subjects well, BUT she is not good at teaching or writing test questions. She does not use outlines or review questions. You will either sink (and most do) or swim. AVOID!"
15705,493,3.5,0.63,0.0005450774684033,0.00080368680737866,0.0005063226886485558,"Before I say anything else I liked Ida as a Human. Ida is the nurse that would\'ve administered Zyklon B to the Jews, but only if the APA formatting was correct. Ida is the definition of a bureaucrat. She wastes 1/4 of semester covering syllabus/student handbook/APA formatting. PON paper is about format, tests are MOSTLY power-point."
4462,1123,1.0,0.55,0.0005976919897109,0.0009197497489825749,0.0005058623619404163,"Horrible, Rude, arrogant, scum professor. i wouldnt recommend him for anything ."
18703,1317,1.0,0.75,0.0003626933347091,0.000674147276938255,0.0005056104577036912,Don\'t take her unless you want to fail the class. She is not a good math professor at all. I wouldn\'t even give her 1 point but the website doesn\'t allow me to give her 0 point. DON\'T TAKE HER.
4226,729,3.0,0.5,0.0003906785179413,0.001010413881906045,0.0005052069409530225,His class is boring and the homework has nothing to do with the papers. He is a very nice guy and will help you if you need it.
15500,1342,3.5,0.54,0.0003653108234675,0.000933589097251165,0.0005041381125156291,"Vida is so nice that it\'s hard not to like her. However, her lectures can be unclear, and her assignments are not spaced very well throughout the semester. But she\'s very approachable and always willing to help."
8671,671,1.5,0.56,0.000531310845415,0.0009001212665499601,0.0005040679092679777,"Poor Judy. She really is a nice lady. But nice doesn\'t help you understand math. She reaaaally sucks at explaining anything. She fills in class time with calculator work and random stories about her travels. I am taking stats from her, which is like a foreign language to begin with. She avoids your questions, too. Dodge her class if you can."
9911,1003,2.0,0.84,0.0002071042129528,0.0005998260850155149,0.0005038539114130326,"He is very boring, soft spoken and likes to ramble. He talks so slowly yet quickly that it\'s hard to decipher the gibberish that he speaks. His slides are not great either. Keep your studies to the textbook."
10115,1011,5.0,0.61,0.0003836146539098,0.0008259675243065551,0.0005038401898269986,He was a great professor really knows his stuff. He absolutely loves the Civil War and is very fond of it. Highly Reccomended!
12189,1328,2.0,0.51,0.0006984194210279,0.000987873647241615,0.0005038155600932237,Think you\'re good at English? Is that what your last prof led you to believe? Dr. Seldon exists to prove you wrong. That only path to an A is to mimmick her own writing as well as possible. Drop the class if you like yourself.
7542,869,4.0,0.52,0.0004711982701618,0.0009648286323411199,0.0005017108888173824,Social theory is not an easy course. The tests are hard. She is difficult to pay attention to. Read the book and do the group presentation. You really do have to read the book. She says so and she\'s serious.
11923,803,3.5,0.57,0.0003985549226616,0.0008783454435223099,0.0005006569028077166,"Tip: Write down EVERYTHING she says, except for those topics that she repeats over and over (just put a star beside it). I know its a little geeky, but you probably should reread your notes and rewrite them to fully understand. HARD MARKER! You\'ll be sucessful if you agree wuth her."
7663,731,1.0,0.67,0.000352041933036,0.0007460134758568899,0.0004998290288241163,the worst professor i never ever had. he will always talking about his own business. you can\'t get a good results
16918,1322,4.0,0.59,0.0003702305693453,0.000846277572299615,0.0004993037676567729,"well, i think he\'s hot. apparently i\'m the only one. oh, and his teaching is alright too."
14518,1143,5.0,0.88,0.0003001667050922,0.0005660406825609329,0.0004981158006536209,"I had him in 1990, then transferred to UT-Austin. I had great profs at UT-Austin, but Weber is still my all time favorite and most memorable. He is truly inspiring!"
11519,1190,5.0,0.56,0.0004984248219312,0.000888869125762175,0.000497766710426818,"Shannon is probably the best psych prof at BU (however my 2nd and 3rd choices are right behind her!) She always tries to make examples relatable so you are able to remember them better! She also tries so very hard to be available to you and correspond to your needs! If you have a chance to take a class with Shannon, do it!!!"
19403,1326,1.0,0.92,0.0001382735776975,0.0005409147758393296,0.0004976415937721833,Worst teacher....i counted once and he said right 50 times in a half hour.....i have no idea what he is ever saying ...right?
15062,378,3.5,0.73,0.0002897022846124,0.0006795626646240958,0.0004960807451755899,Energetic and fast-paced. Good if you can keep up. Good luck if you can\'t.
9053,449,3.5,0.82,0.000248188237798,0.0006045198128278599,0.0004957062465188451,"Glenda Williams is an adviser for the TCF department. She is not in on mondays and fridays, which is terrible! Even during registration she will be out of her office on those days. TCF department is severely slacking with this!"
2961,1077,1.5,0.58,0.0005608340047914,0.00085448545376449,0.0004956015631834041,Med Term online. Easy course. Prof Jost is completely hands off. She does not respond to phone calls or email. Takes several weeks to grade assignments.
12228,1170,1.0,0.8,0.0002862424262588,0.000619222630692915,0.000495378104554332,"Easily the worst classroom experience I\'ve ever had. She was rude, mean, and I second what the last person said about her hating men. Avoid like the plague, like Ebola, like a long cross-country car ride with the devil himself."
13605,380,3.0,0.59,0.0004788914919225,0.00083954393424743,0.0004953309212059837,Ruckh is not easy. But if you persevere and show interest and participate he will grow on you. I ended up ending the class with an A. A surprising A. Most interesting class i have ever took
1413,856,1.0,0.53,0.0004409143823837,0.00093352371978874,0.0004947675714880323,Hard. Unorganized. Exams were terrible. Labs were time consuming. Not worth your time or effort.
15851,32,3.0,0.54,0.0006013144773121,0.0009124919849267999,0.000492745671860472,shes nice but a complete space cadet who goes off on tangents all the time. her tests are hard and she grades harshly- but she curves at the end which is good. the class is soooo boring i wouldnt reccommed it unless u are actually interested in it.
5103,436,1.5,0.59,0.0004385334046768,0.0008349449286930901,0.0004926175079289231,"This professor is not interested in giving you a true education. He is interested in the extent to which he can persuade other people to reinforce his very aggressive and prejudiced political agenda. Do not take Pouncy\'s class if you are white, female, or shy. You can only achieve an A grade if you agree with his views."
15066,965,5.0,0.7,0.0001647692920113,0.00070272210179667,0.0004919054712576689,"I am a recent graduate, and Nina was my saving grace at CMU. She provided creative outlets through choir, and challenged me to be the great musician that I became over my years as a vocal student. I had several voice teachers, but Nina was the one that taught me the most about music and responsibility. Do yourself a favor and join her choirs."
3273,1261,1.5,0.52,0.0006060807134149,0.000944304630583185,0.0004910384079032563,"nothing against him, the course material was not for me.You pick a media sector (either print,video games, telecomm,tv,film or music) read the trades and blog then write a 45 pg research paper. This class has no critical thinking/theory and you hear stories about his famous friends and his soccer fanaticism.He has a soothing voice."
1671,701,3.0,0.55,0.0005389046490039,0.0008913273921164251,0.0004902300656640338,"Dr.Greene is my favorite teacher at USM so far. She really makes you think from a different perspective. She is very opinionated, and not afraid to tell you hers. Same as all of the other comments do NOT make her mad!"
18613,1243,5.0,0.66,0.0003659269935769,0.0007425833598976814,0.0004901050175324697,"Larkin is soo nice! If you\'re a beginner, you will know how to swim, dive, and tread water by the time she\'s done with you :) Attendance is MANDATORY!!! But it\'s worth it, classes are fun, the water\'s cold, and you make great friends!"
14258,313,5.0,0.71,0.000273702996705,0.0006897356192688151,0.0004897122896808586,"Dennis is the best. He\'s a wonderful teacher and he truly cares about his students. He is always there when you need someone to talk to, cry to or get advice. St. Rose is lucky to have him."
3537,699,2.0,0.57,0.0006746062812428,0.0008589484795895851,0.0004896006333660635,If I wanted to be talk to like a kid id go to a day care. this woman talk to her students like we are 6 years old.
237,52,5.0,0.5,0.0003441433272948,0.00097590054648181,0.000487950273240905,"The class was a very good class, and the instruction was very good. Mrs LaWald cares about her students and wants the best for you. all you have to to is be respectful. She is very kind and will help in any way she can. She is old style elegant"
8758,619,5.0,0.74,0.0002821068643368,0.0006587725419659,0.00048749168105476597,I had no interest in history until i had him. i hear he is teaching at stockton(which is where i go now) i will go out of my way to take him again even if i dont get credit for it. I dont know who CCC thinks they are for not hiring him as a professor.
16101,1361,5.0,0.55,0.0003831856678374,0.0008863110866160301,0.0004874710976388166,"Took Ms. Maleki for CNA. She\'s tough. If you want to be a nurse take anyone but if you want to An EXCELLENT nurse, take her. She does pick favorites and will snap on you. Just blend in and don\'t stand out and just learn what she has to pass on to you."
292,621,1.0,0.79,0.0001619404163323,0.0006169606407353179,0.0004873989061809012,"As long as you do exactly what he wants you to do on YOUR pieces, he is fine. Huge Ego- worst teacher I ever had!I think he ""fabricated"" the pyramids, or something."
3317,328,3.5,0.64,0.0004572984209777,0.000759720682079645,0.0004862212365309728,"He is a good prof who tries to ensure he is making each point with clear. He is hard to approach however, as he always seems busy. Make sure you have questions prepared prior to speaking to him, or he\'ll treat you like your stupid!"
5378,540,1.0,0.56,0.0004828793511206,0.000866801024288325,0.00048540857360146206,WORST TEACHER EVER! He not only has a thick accent but speaks to the board. He assigns a used car project and explains nothing about it. No help what so ever. DO NOT TAKE!
11341,174,5.0,0.84,0.0002703138141198,0.0005743362819408099,0.0004824424768302803,"Shangraw is the man, he reminds me of my grandpa cause he tells lots of stories but they all have some sort of meaning. He\'s also a big hunter- cancelled class for us today (NOV 15-firearm deer season) cause ferris univ. is too gay not to. I\'m stuck coming to my other classes this afternoon."
8625,1250,2.5,0.58,0.0004462900463141,0.0008312966771713099,0.00048215207275935975,I won\'t say that I dislike her. Because I do not. She and I had very different views about the world which just didn\'t mix. She is a good teacher when it comes to theatre though or at least thats what I hear.
9064,266,5.0,0.5,0.0004134503757766,0.000963739789481755,0.0004818698947408775,"GREAT teacher, reaally interested in the course material. Test\'s are easy if you study. Watch out for bonus points, if you answer incorrectly it is counted aganist you"
3534,998,4.0,0.54,0.0004761819317691,0.0008920424745431101,0.00048170293625327947,"Mancini is nice, though she seems like she\'s in a hurry all the time. You will learn the material, but won\'t necessarily have fun doing it."
9928,629,5.0,0.56,0.0004368420887537,0.000859365593371125,0.00048124473228783,"Dr. F is the best!! He cares for each and every student that is sitting in front of him. He has been so helpful to me throughout my stint here at EKU. He has been with me every step of the way. He was also my adviser. If you want to learn from the best, take Dr. F. He really is awesome!"
10909,572,1.0,0.65,0.0002998781109403,0.00074022955701585,0.00048114921206030253,"I am currently in hell in this class. Not only does he look like a St.Bernard, but he speaks very slowly and quietly and takes lots of pauses in his sentences. It\'s hard to pay attention. You probably won\'t be too motivated to go. It\'s boring and the midterm is the first test of the semester."
12776,954,2.5,0.69,0.0004177089103424,0.0006923805065283555,0.0004777425495045653,"Has her favorites, her lectures are excellent, she can be a bit condescending"
18386,1333,4.5,0.51,0.0004658502558074,0.0009330751907736557,0.0004758683472945644,"Like most people said, yes. She is tough grader, but not impossible to get an A. I love her class becasue she is so considerate professor. show her that you try, and you do your best, then you will be fine with her."
4847,409,3.0,0.63,0.0004580786938387,0.0007533170651352,0.000474589751035176,He gives 10 bonus points every test plus extra credit constantly. You don\'t have to show up but if you do youll get the extra credit. Constantly tells nutty stories.
16974,201,1.0,0.7,0.000380336015238,0.00067756215062028,0.00047429350543419594,"He is an angry, angry, man. But he is smart. He knows everything about the subject, but he just can\'t teach. He wasn\'t born to teach. Simple as that. He hates being interrupted and will literally yell if he is disturbed. Don\'t be late. but I advise that you take someone (ANYONE) else!!!"
2286,183,4.5,0.66,0.0003617349843879,0.0007175143874202,0.00047355949569733206,She is very nice and caring. She\'ll help you when you need it! So far this class has been easy yet full of information. I would take her again if I could!
17868,860,1.5,0.64,0.0004772051924113,0.0007388601248185902,0.0004728704798838977,She was a terrible teacher. If you call her Mrs. instead of Dr. she chews you out. She would post our questions online only 2 hours before class. She was not willing to help anyone with anything. I would avoid her if at all possible.
3758,1055,4.0,0.5,0.0004069732581088,0.00094457307303892,0.00047228653651946,"Great professor, tough material. You will get from her class what you put into it. As long as you show her effort, she will do her best to help you."
12059,840,4.0,0.53,0.0006428103630017,0.00089050509755486,0.0004719677017040758,She is a pretty good professor. She is very helpful and cancels class A LOT!!! When she does have class you mostly sit around and talk because she is very laid back.
16072,601,3.0,0.85,0.0003519637933513,0.000554970145100095,0.0004717246233350808,I definitely agree about her voice! It was like nails on chalkboard to me. She\'s a nice lady but you can tell she lives&breathes astronomy so much that her social skills took a back seat! She would ramble on and on about the easiest topic leaving us to figure out the harder stuff ourselves. She nit-picks to the smallest detail on the homework.
10448,1349,4.0,0.67,0.0005041041523193,0.000703777121801915,0.00047153067160728303,"Has an accent, but doesn\'t make it any harder to understand. Open book test. Don\'t play around because of it though. Open book Math is not easy."
3521,998,5.0,0.64,0.0003591851405486,0.00073663328387351,0.0004714453016790464,Really nice and understanding professor!!! Go see her if you ever need any help.
6080,1156,2.0,0.68,0.0003699707106146,0.000690569936763585,0.00046958755699923785,"I had Fenton for 1410 and Johnson for 1420 and I have to say Johnson is way better. Fenton gets lost in mid sentence. A LOT. She seems to be nice, but lacks social skills. Her tests are hard even when she gives a study guide. I am in no way trying to talk about her bad. I just believe Johnson is way better at teaching the subject."
3235,797,1.5,0.51,0.0004294354531472,0.00091892492357546,0.0004686517110234846,If you take this class be prepared to write a lot. Linda is a harsh grader with the major assignments. Most of the assignments were a waste of time. She is not helpful and her instructions are unclear. She told me I had a good topic to write about and my summaries of articles were good but then tore apart my final paper. Don\'t take this class!
9296,105,1.0,0.55,0.0003711622401443,0.000851581966341075,0.00046837008148759127,"Very hard to follow. She will write one thing on the board and say something totally different. She did grade on a curve, but I don\'t feel like I learned anything."
7954,137,3.0,0.73,0.0004279789406458,0.0006407149575078452,0.00046772191898072695,"Good teacher..tough grader...4 essays for mini semester classes. She will tell you straight up in you face whatever you need to do and I loved that about her. Just take her and dedicate your time your in college for reason. You will learn,"
18174,1064,5.0,0.51,0.0002347650961869,0.000916841328078205,0.0004675890773198845,"Professor Luther is one of the best Business professors Salem State University, if not the best. She personalizes her teaching to suit each class and individually each student. The information I received from Professor Luther is unmatched by any professor. She helped me get the information I needed to get an internship and is not my advisor."
282,621,5.0,0.64,0.0002343775791585,0.00073037200282417,0.0004674380818074688,You show JC the effort and he will respect you back. There is a lot of knowledge in his head and a genuine interest in the students. Once you demonstrate your commitment you\'ll be freed to take your creations as far as you want to.
16104,1361,1.0,0.56,0.0004226055039477,0.0008347035483744499,0.000467433987089692,This teacher has high expectations of students but moreover has to be right all of the time. Careful what you say regarding disagreeing as it will bite you in the end. Try not to stand out. She likes to be the one who shines. She is very calucating.
17454,231,5.0,0.76,0.0002897594127948,0.00061294712579853,0.00046583981560688277,"Colleen Whitley is so awesome! She is such a sweet lady and gives students a very fair chance. She is willing to help you ALWAYS. She changed my opinion about writing and she\'ll change yours too! Take her college writing class if you are interested in becoming a writer, she\'ll help you on the way."
14662,1112,5.0,0.81,0.0002431836588963,0.000574574595307855,0.00046540542219936255,"Awesome person. Really nice guy. However, I agree with the boredom factor. He is soooo sweet, but I\'ve never meet someone more monotonous in my life; it\'s torturous... but, like the others, I do recommend him."
7986,819,5.0,0.55,0.0003806595371377,0.000845174968193935,0.0004648462325066643,"VERY SWEET AND SMART LADY, I LEARNED SO MUCH OUT OF BOTH OF HER CLASSES,TAKE HER YOU WON\'T BE DISAPPOINTED"
13575,1225,2.0,0.52,0.0004933510890642,0.0008936952276678399,0.00046472151838727676,"Steve is really nice and sweet. he stutters and mumbles a lot. really easy class! take home midterms, can retake them if needed."
16511,428,5.0,0.71,0.0002970083123374,0.0006536024522327642,0.0004640577410852626,"She makes you work. If you are serious about becoming a great writer, take her. If not, find a different teacher."
11010,967,4.0,0.61,0.000356040301005,0.00076020204599347,0.0004637232480560167,Very easy to follow and sets assignment dates at a reasonable pace. A little bit too much hand-holding although based on some other reviews I can see why she might...
99,769,2.5,0.65,0.0003719892229964,0.0007132650608902501,0.0004636222895786626,"Don\'t get sick during semester. u\'ll get no sympathy. Needs nu wardrobe, safari attire--good thing she designs arch not clothing. Bases grades on pers opinion, not ur work. Best wishes if u get stuck w/ her."
16026,408,3.5,0.62,0.0003547570079434,0.0007477197875441601,0.00046358626827737925,"Ah, he was a nice guy who is definitely passionate about the subject. Approachable. Content was challenging, which didn\'t mix that great with the marking system (40% midterm, 60% exam), but I walk away liking it. You know, he even said thanks once when I held the door open for him, which is more than I can say about other profs :P."
10615,454,4.0,0.64,0.0004345448002636,0.00072378042259225,0.00046321947045904,"He is an easy professor, but you have to follow the examples he gives. Sometimes they make sence to him, but just get everyone else lost. He is willing to help ouside of class, but good luck catching him."
14551,1022,5.0,0.5,0.000582364484863,0.000925309035101445,0.0004626545175507225,"Her class is a lot of work, but it wasn\'t as hard as I thought it would be. Show up, start assignments/projects early, study for tests, and ask questions if you need to. There are 11 pop quizzes, but they\'re only 2 points each, you get to take them with your group, and she checks them over before accepting them. No reason not to get full credit."
8696,145,1.5,0.67,0.0001302163277576,0.0006903536225851551,0.00046253692713205395,More than a little self impressed. Asks obscure questions.
8433,961,5.0,0.6,0.0004627273351853,0.00077026921090833,0.00046216152654499803,Environmental Hazards is a great class. Should be renamed to search and rescue. Dr. Heywood brings alot of experience to the class from his navy days. He is a great person to talk to and to get to know but be warned hes a talker for sure.
7354,327,3.5,0.52,0.0005529415004834,0.0008885360854619349,0.0004620387644402062,"She isn\'t impossible but she does expect a lot. I was surprised that the class was taught in Spanglish..at the 400 level. Don\'t worry too much about the readings, she will go over all of them in class. If you don\'t have an answer to her question, no big deal because she prefers her interpretation. Lord of the Rings and Har"
4747,1272,4.0,0.71,0.0003131455557255,0.000650112417508685,0.0004615798164311663,"She may be a little unclear but if you as for help, she will help you. She does lecture a lot and can get a little redundant but I like her. Just work hard and she will notice."
9544,1213,5.0,0.56,0.0004124723999577,0.0008239062148187449,0.0004613874802984972,He is from South Africa and has the coolest accent. It\'s hard not to pay attention in class.
10517,906,5.0,0.8,0.0003286972370879,0.0005762175043199949,0.00046097400345599597,No he doesn\'t responed to emails but he is a pretty cool guy and a good teacher
14744,574,5.0,0.54,0.0003082398154605,0.0008533497279325451,0.00046080885308357437,He is a great Prof. He knows what he is doing. His beard is also very hot and his silver hair makes him distinguished.
6124,1204,4.0,0.58,0.0004757441613401,0.00079211165460178,0.0004594247596690324,Took his class while still in HS; gotta take him in person! His tests are hard and he makes questions almost impossible to get \'right\' bc that\'s his actual philosophy of what psych IS. Researched DSMV for finals/project=told it\'s a book of opinions and there are no rights or wrongs. He convincingly reinacts symptoms of disorders. Briliant & fun.
13059,1057,1.0,0.52,0.0006237761784229,0.000881999668149715,0.0004586398274378518,Worst Prof. ever!!! Talked about snow tires and his children for 2 hours twice a week. I would not recommend taking any of his classes.
19977,730,1.0,0.67,0.0004152677391576,0.00068325722845014,0.00045778234306159384,He is by far the worst teacher Ive ever had in my life. He doesnt care if you fail or do well. He was supposed to help me with doing a program with my internship and rarely answered any of my emails when I asked him what to do. I messaged him at least four times a month for the entire summer and he answered 3 times.
15335,916,3.5,0.58,0.000497610693348,0.0007892441867028149,0.00045776162828763264,I had no real complaints about MacKinnon. He was a really easy marker which was a definate plus and he was fairly easy to talk to. He\'d be a great professor for someone just taking a Politics course to fill their schedule. Very straight forward.
6539,1033,2.0,0.59,0.0004267551057252,0.0007757719402254549,0.00045770544473301835,he put question marks all over my midterm paper do not need the book final was so hard attendance counts walk in and leave he lectures for to long
9352,1303,4.0,0.63,0.0004738147959211,0.000726430921974895,0.00045765148084418386,I had him for honors intro to accounting. He did a very good job of teaching the material. The tests and quizes you take in honors accounting are exactly the same as those given in the regular section. The only difference is that you do an EASY group proj
13039,598,5.0,0.5,0.0003950517818643,0.0009149712484965949,0.00045748562424829746,"SUCH A KIND HEARTED WOMAN, CARES ABOUT STUDENTS, VERY EASY"
17783,1210,1.5,0.72,0.0001404542014458,0.00063535322548191,0.0004574543223469752,"He frequently degrades christianity. I don\'t think that he is a bad person, I think he is struggling. Not a bad teacher. Economics is hard."
6043,149,4.5,0.64,0.0003318395568359,0.00071359653374288,0.0004567017815954432,Very open-minded and articulate. He\'ll be there for you when you need it.
13041,598,5.0,0.61,0.00030678722164,0.0007485651452308551,0.00045662473859082157,amazinggg teacher. made class so much fun and it was worth going to so early in the morning.
840,23,4.5,0.5,0.0005143737858909,0.00091175220567066,0.00045587610283533,The class is fun...but lately he has decided to give a final. Pay attention because this is VERY important. The final is SERIOUS. Read the book. Or at least the chapters that he tells you to. If you want a good grade you need to do well on the final. I was running an A- in teh class and after the final ended witha B+.
5716,1116,5.0,0.86,0.0003439450344658,0.0005292150463057039,0.0004551249398229054,BEST PROFESSOR. He is an incredible individual and my favorite at DePaul! Take him!!
4417,471,2.5,0.55,0.0006229994148272,0.00082709361856813,0.00045490149021247154,essays easy. overall great class. Take him you won\'t regret it.
12705,1309,3.5,0.61,0.0002421775152104,0.0007454840804125599,0.0004547452890516615,"Nice guy yeah, understanding...not so much. Lost an assignment I spent 5 hours on...""too bad, that\'s technology"". Has an interest, but not enough to keep me awake at 8am!"
8636,1,5.0,0.67,0.0001874617433155,0.0006777490571556786,0.0004540918682943047,Another wonderful prof! you learn so much from him!
13607,380,1.5,0.82,0.0001875585554369,0.000553675813079685,0.00045401416672534163,"Overall he was very keen about what he was teaching. He didn\'t make it easy for us to feel the same way, and at times he was slightly off-putting in regards to subject matter. There was never a clear focus and it always seemed like the weirder the better was the way to go."
6084,1156,4.0,0.53,0.0004656154639864,0.00085513031810173,0.00045321906859391694,"She\'s a nice lady but she\'s not the best teacher. She gets off track and kind of bounces around in her lessons. Each question on her tests count for a ridiculous amount of points. She also seems like one of those people who let things build up then will explode on you. If I had to do it over again, I wouldn\'t take her."
6944,586,1.5,0.52,0.0003337826197502,0.0008715217823462901,0.0004531913268200709,"TOok distance ed course - SO boring. I didn\'t listen to the lectures b/c they put my to sleep. He NEVER got back to me about any of my questions, and all his supplementary material was VERY out of date."
4316,728,1.0,0.55,0.0005265551243582,0.00082376872401105,0.0004530727982060775,"Everything Online. Never really understood when things were due or what our assignments were. If you turn everything in you will be fine. You just have to ask him multiple times when things are due. Really easy class, just a confusing Professor."
18361,94,3.0,0.69,0.0002741578518988,0.0006564390540854248,0.0004529429473189431,There is no required TEXT. Weekly movies with no homework. It doesn\'t get easier than this.
4263,269,3.0,0.52,0.0005149127746372,0.0008702119072461751,0.0004525101917680111,IF YOU ENROLL IN THE PROGRAM YOU WILL HAVE TO TAKE HIM NO MATTER WHAT. BUT A LITTLE ADVICE....MAKE SURE YOU TAKE GOOD NOTES AND HE WILL REPEAT THE INFORMATION YOU NEED TO WRITE DOWN. OH AND NO STUPID OUTBURTS HE HATES IT!
19071,929,5.0,0.67,0.0003850420261724,0.00067429439180855,0.0004517772425117285,"PROF. TOWNSEL IS A REALLY, REALLY GREAT PROFFESOR. SHE EXPLAINS VERY CLEARLY AND TRIES HER BEST FOR STUDENTS TO UNDERSTAND. SHE IS COOL AND SHE ALWAYS ANWERS YOUR QUESTIONS WITH RESPECT AND CORRECTLY. IF SHE MAKES MISTAKES SHE DOES NOT GET MAD, AL CONTRARY, SHE THANKS WHEN SOME CORRECT HER. IT IS REARLY THAT SHE MAKES THOSE MISTAKES.I HIGHLY RECOMM"
19104,475,2.5,0.78,0.0002648781808345,0.0005791641438285701,0.0004517480321862847,The lectures were so terribly boring. She was very unhelpful when I asked questions and seemed more bothered by my inquisition than anything else. Would not recommend.
5497,65,5.0,0.71,0.0002505882054715,0.00063339916727246,0.00044971340876344656,Very thoughtful guy. He is not very approachable but he loves each an every one of his students. Some people connect with him better than others. I always believed that we were very similar so I think this kept us from getting to know each other better. An honest hard working man
18907,636,1.0,0.67,0.0002867837778605,0.0006709902349938701,0.00044956345744589295,No clue how to teach. Stay away. If you are in BT you are screwed.
16446,877,5.0,0.67,0.000269627274573,0.0006704067662054819,0.0004491725333576729,"Awesome teacher. Very enthusiastic, very brilliant. She loves her job, and always has everything planned out so well."
528,49,1.0,0.52,0.0004573548264558,0.000861199350828235,0.0004478236624306822,She is the worst teacher that I have ever taken. Please do not take her. She talks too fast and reads straight out of the book. I did not learn anything.
7415,926,5.0,0.91,0.0001375137523366,0.0004920344738821186,0.0004477513712327279,"Ms. Serra is wonderful, brilliant and HOT!!! But she\'s such a COW. I\'ve never met anyone who can be a COW and a beautiful person at the same time, but she does and she\'s good at it. Thank you, Ms. Serra. I enjoyed your class."
3651,889,4.5,0.64,0.0002798156661025,0.0006987464892558063,0.00044719775312371604,"Humorous.. makes 8:30 calc worth going to. Always willing to help. Does assign lots of homework, but practice makes perfect! So just do it!"
10368,569,1.0,0.57,0.0004901683151353,0.0007832176626649851,0.0004464340677190414,"this prof. really needs to retire.he is just an miserable old man, who thinks he is better than you and doesnt need to help you bc you should already know.he is very short with you and mean. also is very unclear about every element of the project and then messus up your grades on reports/tests."
6319,581,4.0,0.73,0.0002649118975413,0.0006097069451928401,0.0004450860699907733,sometimes moves around the place. but is very very smart.... ummm.. shes a sassy prof
8915,1305,5.0,0.6,0.0003917318428822,0.000740557209463895,0.00044433432567833695,"He knows his statistics. Tests are always multiple choice, and reading is a must. This guy will help you out with ANY real world info."
19447,1102,5.0,0.5,0.0004930509361979,0.00088844271858518,0.00044422135929259,i recommend prof. yarmish. she was always there to help me if i needed extra help. shes available to answer your questions and she teaches in a clear articulate way. take her if you need math.
513,589,1.0,0.67,0.0002884235480932,0.000659955335264505,0.0004421700746272184,He is really arrogant and unfair. Not a very good teacher. Avoid at all costs.
1725,73,4.0,0.67,0.0003271805684171,0.000659768382680265,0.0004420448163957776,"Kroker is a breath of fresh in the Uvic poli sci dept. However, I found him to be dogmatic in his insistance on post-modernism/humanism as the only legitimate type of study. Anyone who wants to be challenged should seek him out, but NOT for an easy A."
3409,1016,3.5,0.82,0.0002974005871873,0.000536796473409165,0.0004401731081955153,"im a little sad to see so few reviews for sparks, he is great, alot of people hate him, with good reason, hes an antagonizer, he has no idea how to do anything other than make you feel something, hes not a teacher,hes a old man sharing all that he knows, and it may or not be alot, but he gets under skin better than a sliver, he does name drop, he d"
12198,1089,5.0,0.52,0.0004000368416304,0.000844462118894875,0.000439120301825335,"great teacher, helps students achieve a good grade. isn\'t like teachers that like to fail you. hes a good guy with a good heart. Good communicater also if you email him one day he\'ll email you back with in the day. all test except map test are online"
12197,1089,4.5,0.52,0.0004000368416304,0.000844462118894875,0.000439120301825335,"great teacher, helps students achieve a good grade. isn\'t like teachers that like to fail you. hes a good guy with a good heart. Good communicater also if you email him one day he\'ll email you back with in the day. all test except map test are online"
12428,451,5.0,0.62,0.0004159591434282,0.0007077857455599,0.000438827162247138,Take her class. You will not regret it.
285,621,1.5,0.57,0.0005200578501414,0.00076925683155609,0.0004384763939869713,"JC is an interesting guy but a TERRIBLE TEACHER. Makes you feel like you have to do what he wants on your own projects, says everything should be simple but then ""wishes you had put more effort in"" when the finished project isn\'t elaborate. Spends forever explaining. Gave me B+ though I followed his directions exactly and took all his suggestions."
7660,731,1.0,0.68,0.0002540993425969,0.00064454331209049,0.00043828945222153324,Just reades from the power point and then talks about himself. He\'s only told us about how successful he has been at every top job he\'s hold in his life about 10 millions times.
1280,549,5.0,0.5,0.0004179043093074,0.000874980183788835,0.0004374900918944175,"Fun teacher who teaches students how to letter space, rag, and lead from a Swiss Basel manner. She is not as bad as people say. I DID NOT GET A GOOD GRADE in her class. I am saying this because she not as bad as people say she is, but not super spectacular.butshecaresaboutherstudentsnotlikepatbrunin"
8500,1325,5.0,0.62,0.0004182789047474,0.00070494792943091,0.0004370677162471642,Great teacher. She is patient and laid back. I took her for Total Body Conditioning. She is sweet and teaches well.
16477,676,3.0,0.75,0.0002624547914992,0.00058191284342598,0.00043643463256948494,"Do not challenge her, and if you don\'t agree with her, you will become her enemy. She can be very rude and disrespectful in a sneaky way, so that it doesn\'t bring everyone\'s attention to her, only to the person whom she is attacking. I got an ""A"" in her class but I would not take another class taught by her. She seems to have issues with foreigners"
4424,298,4.0,0.78,0.0003800586859044,0.0005593511338701651,0.00043629388441872877,"Professor Karras is stern and speaks in a monotone manner. He didn\'t show much of his personality. He\'s a reserved, fair guy. Pick your karate partner wisely because you\'ll be stuck with them all semester. My partner had a nice body so you know I was chillin :^D There\'s no flying kicks in this class. It\'s mostly defensive grappling maneuvers"
19419,600,3.0,0.88,0.0002218715678848,0.000495496623516935,0.0004360370286949028,Could this class be any more depressing? Everyday I go and learn about how horrible the United States is in the world and all the dozens and dozens of things that are wiping out babies everyday. A day doesn\'t pass that she doesn\'t warn of World War III which will be about drinking water. Save your Aquafina!
3920,723,1.0,0.58,0.0004791822303365,0.00075158182216385,0.000435917456855033,"TESTS are HARD! Not enough time to answers questions. Questions are irrelevant to anything, they are random, and there\'s no way anyone would know the correct answer. Don\'t take this class."
18197,357,4.0,0.65,0.0003715808714577,0.000670426269052315,0.0004357770748840048,"Ed is a good man, but he can put people off. Sometimes he says or does things, sometimes he uses a tone, sometimes he makes people feel stupid when they don\'t necessarily deserve it. If you\'re quick and don\'t mind sarcasm (or if you can fire one back \'cause he can take it) then you will get along with Ed. If not, then perhaps reconsider."
9330,210,5.0,0.61,0.0004067567882043,0.000713115446729005,0.000435000422504693,"Chris really tries to get the best out of people. At times he\'s just blunt and dead honest. Some people can\'t see that. Show-up, hand in the work (on time) and do the best you can. cake."
12520,1026,1.5,0.78,0.0002266432118804,0.0005573267206198349,0.0004347148420834712,For a guy who can\'t get his own poetry published this guy was pretty tough on other peoples art. What we learned were his prejudices about poetry and how to write representational poetry. He needs to realize that anyone who does the work is really trying to be creative and be sensitive to how hard it is to put personal stuff out there like that.
7359,327,3.0,0.88,0.0003029547933969,0.00049382545519326,0.00043456640057006876,"She is horrible, worst Spanish teacher ever!! I am a native speaker and she made me hate taking spanish. She has favorites too which is stupid, and because I spoke spanish well she automatically assumed we would be buddies. I don\'t think so!! Just put this weird lady in her place and you will have no problems. Just take Phil."
7549,185,4.0,0.8,0.0003116747766478,0.0005431393188211659,0.00043451145505693273,"Mr. Hale is awesome! He loves to interact with his students, and loves to have fun. Watch out for the first day or two you are in there with him because he comes off as a bit mean. He\'s not mean at all, just let him get warmed up to the class first. Take him, you will not regret it!"
13109,283,5.0,0.55,0.0003299193426311,0.0007897848649038301,0.00043438167569710657,"He can be a bit intimidating, but I find once you take the time and show him that you are actually making his time worth the effort, he will treat you fine. He doesn\'t want to waste his time with students who don\'t do anything in the class. Chem isn\'t easy, he knows it and proves it everyday."
14617,775,5.0,0.85,0.0002469472966707,0.0005110004685491931,0.00043435039826681413,She is awesome. She will bend over backwards to help you. Great teacher.
9655,1226,4.5,0.57,0.0001815199683977,0.00076083107374105,0.0004336737120323984,"Really good Teacher Pretty funny and very helpful, if you have any problems playing he will help you solve them. Easy going guy with lots of professional music experience which is very helpful for someone who wants to grow as a player and performer. Highly recomended"
10082,525,4.0,0.51,0.0004685873236936,0.0008477695155646299,0.00043236245293796127,"Honestly people... his accent is hot, yes, but he\'s just an average guy. Besides he\'s married! His three hour classes seem to drag... not like it matters much though he\'s not going to be here after this semester... he\'s going back to his island abode."
19566,529,4.5,0.57,0.0003388397579752,0.0007555648308395199,0.0004306719535785263,The Best Professor I have had by far. He will definitely help you and give you a chance to do well. He is available for help and more than willing to meet half way. One of the best accounting professors including on a prestigious university level!
7691,223,5.0,0.51,0.0004328788804688,0.0008435990303952549,0.00043023550550158,"I highly recommend Professor Herbert. She goes above and beyond what is expected of an instructor. She allowed me to use a Mac version of Microsoft Office. It was more work for her, but she was very kind. Great instructor and great class!"
7672,731,2.0,0.82,0.0002280396967338,0.000524010957413885,0.0004296889850793857,good teacher. but i can\'t say he is a good marker
15165,617,5.0,0.87,0.0002977984759461,0.0004935278274836477,0.00042936920991077347,Amazing professor. Love his tight jeans and boots - love his discussion of cows even more.
3789,1271,3.0,0.71,0.0003237202042233,0.0006042555554490996,0.00042902144436886074,"he\'s a good guy, genuinely. no more quizzes, and really difficult exams. but he wants you to do well so if you see him he is an extraordinary resource. he will go out of his way to make sure you are doing well if you just show you care. you dont HAVE to read the book, but it does help a lot. he goes over everything imp\'t in class. id take him again"
3294,271,1.5,0.72,0.0004129993148445,0.00059530492198498,0.00042861954382918555,well i dont have much to say about this guy but i will say hes a easy marker but u have to study on your own cuz he doesnt give notes or slides but its ok course if u dont know nothing about philsophy then stay away or at least away from him
5514,1199,5.0,0.72,0.0002368630577725,0.00059524991978084,0.0004285799422422048,he is a greeat teacher!! she bends over backward to help you. she is deaf so it encourages you to sign better even though she can lip read. wonderful class highly recomended
14318,315,1.0,0.82,0.0001708407891917,0.0005219506299105449,0.0004279995165266468,"Dennis is a nice person deep down, but has no place teaching at DeSales. His productions are not art, they are movies on stage. He has a horrible work ethic and does not know what professional theatre is like today. He can talk all about how things were hu"
14111,181,5.0,0.62,0.0002705535039338,0.0006896696481396349,0.0004275951818465736,Great teacher. Very supportive and helpful. It\'s very clear how much she loves and respects children.
12110,1141,1.5,0.8,0.0003732905068518,0.000532905164424735,0.000426324131539788,he will waste your time or lower your GPA. avoid this teacher. do not take..
2660,616,5.0,0.61,0.000195259056225,0.0006984148623909699,0.0004260330660584916,Great guy who cares about his students. He will do anything to help you and is very approachable.
3025,1188,3.0,0.64,0.0003550058756624,0.00066196298044971,0.0004236563074878144,She can be a mess. Her online lectures are everywhere. Sometimes she forgets to record half the time and if you\'re not watching it live then good luck. But the material was easy. Stuff you learned in high school so it wasn\'t a problem.
19805,1256,5.0,0.65,0.0003000547205759,0.0006510317660345101,0.0004231706479224316,she is very helpful and understanding of your problems. if u need so help on the side she will help u with all that she can.
6340,1147,2.5,0.64,0.0003128191329161,0.00066081015879193,0.00042291850162683517,"Dr. Nutter was my advisor on my senior project. He was not very helpful and not very clear. He is a fairly nice person, though."
6338,1147,3.5,0.5,0.0006080437121078,0.00084500614950153,0.000422503074750765,"He kind of floats around. Likes attendance sheets and is overall pretty interesting. He goes kind of slow, so you can get bogged down in material. Just work the crossword or something to fill the time."
12881,1391,1.0,0.67,0.0004657938664457,0.000628693365204855,0.0004212245546872529,Really bad at explaining things. Rude when you ask for help even during office hours
13061,1057,1.0,0.65,0.0004347896554317,0.0006474646869826951,0.0004208520465387518,"VERY hard to understand. you teach yourself basically. the first day of class he picks on students. he rambles for 2 hours about NOTHING. however, if you survive the semster, he becomes bearable and if you ask for an extention he might allow it. other wise, try to avoid!"
10725,239,4.0,0.76,0.0003615725748537,0.0005531860410204851,0.00042042139117556864,"Try as hard as you can. He grades on effort. If you do a lot, he notices."
15699,493,3.0,0.53,0.0002585005448663,0.00079283830092761,0.00042020429949163335,"As this professor was the only professor teaching the course, I had no option but to take her class. She seems to mean well and I\'m sure she is well respected in the Nursing world, but it was impossible to meet with her one on one and she failed to email me back a few times. Be prepared to study and pay attention in class or you will not pass."
14070,1249,2.5,0.54,0.000599986385831,0.0007772327270264,0.00041970567259425604,"Very hard marker and will fail you for no real reason. You can spend nights doing a project, and she won\'t give a jack."
2601,942,2.0,0.59,0.0003523944400249,0.0007110254699640299,0.00041950502727877763,"She\'s a very nice person, quite old but seems to have a good head on her shoulders. Teacher wise- she\'s not very good. She never explains thorougly and never answers questions. She gets easily disappointed in your work because it\'s not what she wants. Highly unrecommended"
1483,373,5.0,0.54,0.0003232767921468,0.0007767887244084649,0.0004194659111805711,his teaching style is super cool. he is very warm and kind man.
7961,137,5.0,0.82,0.0002090525204261,0.0005112825854121629,0.00041925172003797357,She was awesome took her online she responed quickly and prompt she gives you a second chance to edit and revise if necessary!!! Awesome for an online class!!!
4218,14,4.5,0.81,0.0002854552859278,0.000517431398184245,0.00041911943252923847,"i dont think he ""needs to be fired""... liked him as a prof and learned a lot"
8759,619,5.0,0.82,0.0002803896474894,0.0005105888616984654,0.0004186828665927416,"The single greatest teacher on the face of the Earth. The heavens opened up and deposited him in South Jersey of all places. The most important resource that New Jersey has, the east coast for that matter. Check that, the world! If you prick him he does not bleed, he is a demi-god of history."
2208,859,1.0,0.82,0.0003122127639557,0.00051047719382093,0.00041859129893316257,AWFUL TEACHER!!! NEVER TAKE A CLASS WITH HER. A COMPLETE DITZ!
898,887,1.0,0.53,0.0005649164260738,0.0007896342815628649,0.00041850616922831845,DO NOT TAKE HIM! He does not speak about psychology of personality. He speaks mostly on Statistics but what does stats have to do with this class? He keeps on repeating what he says and stays on one chapter almost for a month. His textbook does not make sense as well. Terrible professor.
1595,1005,2.0,0.72,0.0001400266340344,0.0005810803618269801,0.0004183778605154257,"In my experience, Dr. Bender was not willing to help out, and when he did try to help me was extremely unclear on every answer he gave me. I\'ve never disliked a professor as much as I dislike him."
16176,767,3.0,0.65,0.0003565086895141,0.000643224575815045,0.0004180959742797793,"I did not care for her and I feel that she did not care for me or my ideas. Some people like her, but I bet she liked them as well. I never did anything to her to deserve a C in her esy class. I turned in everything and I was nearly always there for class. Just don\'t wast your time."
2761,284,5.0,0.61,0.0003291907246251,0.0006852970241432,0.000418031184727352,"He\'s s great professor who genuinely cares about his students. He talks to people who talk to him so that can sometimes be misconstrued as favoritism. He teaches organic, a difficult subject very well. He\'s real and does not beat around the bush, which is nice."
3811,563,5.0,0.8,0.0002102173234171,0.0005223790143691795,0.0004179032114953436,Awesome teacher! She\'s also my accompanist and she\'s just wonderful!
9568,782,5.0,0.51,0.0004746850577917,0.00081790653019558,0.00041713233039974583,This is the best teacher I have ever had. He really knows his stuff and works on your writing as hard as his own. I recommend him for only those courageous enough to work and hear the truth about their work. This guy really refines your stuff! Take often!
3967,585,3.5,0.86,0.0001540599148814,0.000484486742466005,0.0004166585985207643,"Great teacher, has a hard time pronouncing simple words though.. like ode for example.."
11712,332,1.0,0.52,0.0005370725884568,0.0007996579767994749,0.000415822147935727,This is by far the worst teacher I have ever taken. The only advice I can give is DO NOT TAKE THIS LADY!!!! She asks questions in one way and grades how she wants. She asks an opinion question and wants your answers backed up with research.
13413,956,2.0,0.5,0.0002681092472253,0.00083016507304007,0.000415082536520035,Tests are extremely hard!! She knows her stuff!!
16478,676,2.5,0.74,0.0002032210003753,0.00056035989130873,0.0004146663195684602,"She is very opinionated, and if you disagree with her you become her enemy. She can be rude and disrespectful in a sneaky way that doesn\'t bring everyone\'s attention to it, only to the person whom she is attacking. I received an ""A"" in the class, but I wouldn\'t take another class taught by her. She seems to have issues with foreigners."
689,1192,1.0,0.85,0.0002472589825027,0.00048771543875605,0.0004145581229426425,She is such a flake and a complete airhead. She is aggervating & annoying. Dont take her class. you will want to hurt her before it\'s over
13574,1225,5.0,0.57,0.000482182311902,0.0007265667561132099,0.0004141430509845296,"Steve is a great teacher! Very quirky, and he makes math (for those of us who don\'t LOVE it) a little more bearable. I work on campus and when he sees me he still says hi and remembers my name, even though it\'s been a few semesters. Take him if you have the chance!"
5904,162,2.5,0.81,0.0002226553704495,0.0005086718065940403,0.00041202416334117266,Very boring class. she seems like she doesn\'t really come off clear a lot of times.
11717,332,1.0,0.61,0.0002936054188436,0.000674030189488895,0.00041115841558822595,(online) Her directions are clear as mud. She counts off for seemingly random things with no explanation or prior warning. Does not respond to questions and is very rude if she responds to anything. This course was insanely writing intensive (2 essays a week) and the tests were over unimportant details or not in the book at all. Avoid at all costs!
19756,240,3.0,0.54,0.000217668756805,0.000761343960740125,0.0004111257387996675,"She is a terrible lecturer, but an easy grader. Read the textbook and do the practice problems she gives you before the exams. She is very understanding and will move dates around if you really need her to. She is a really nice lady and is always willing to help."
13451,658,4.0,0.54,0.0005249794046816,0.000761138898683115,0.0004110150052888821,He is a good prof. but BIG on APA format. You will have journal entries but can email him to look over b4 handing in. Overall interesting class.
8312,872,5.0,0.73,0.0002526349086922,0.0005623678300579846,0.00041052851594232875,Take a class with McHugh at Merrimack if at all possible. She makes the class interesting and is very clear. She is sooo nice and really wants everyone to succeed. Very highly recommended
1320,1306,5.0,0.58,0.0004591730572353,0.00070712641175533,0.00041013331881809136,Incourages students to learn technology. Could do journalism with his eyes closed.
236,52,5.0,0.83,0.0002434075643916,0.000493362342380945,0.0004094907441761843,She is the best. not so easy not so hard. give a lot of respect. she is veryyyyyyy kind. I loved her. take her. you will learn a lot
9019,222,5.0,0.8,0.0002507463140484,0.0005098649934035589,0.00040789199472284713,Good teacher. wonderful person. i always had his drug class.
12700,1309,4.5,0.85,0.0001412983932224,0.0004794075042611523,0.00040749637862197945,"Doc is a fantastic professor. It\'s obvious how much he loves jazz. He plays favorites for sure, but if you prove yourself to him as a musician, he\'ll have more faith in you."
12212,1170,1.0,0.67,0.0004359605343237,0.00060818411944358,0.00040748336002719863,Good luck passing this class if you are male. Also: keep your head down; keep your opinions to yourself; go every day and endure the indoctrination. This is the professor ratemyprofessor.com was made to expose. Take someone else if you can.
12146,862,1.5,0.83,0.0003436646193377,0.0004906455060796482,0.000407235770046108,Paradigm. BlahblahblahRhetoricalQuestionRhetoricalQuestionBlahblahblah\r Paradigm. Paradigm. Paradigm. Google Me and you get 4 returns for No breach excuse and they\'re all linked to ME!!!! Paradigm Paradigm Paradigm Rhetorical Question 64 issues in a 3 hour test.
469,935,5.0,0.51,0.0003486325663032,0.00079811968981565,0.00040704104180598155,"She is nice and easy going. Actually she does not trick you with the midterm/exam and its pretty obvious on what you will be tested on. She is a fair marker though, so she isn\'t hard but she isn\'t exactly easy either."
6802,347,3.0,0.56,0.0003022179394759,0.00072570542020471,0.00040639503531463765,"I wasn\'t impressed with this professor at all. He is a very nice person, but as a prof, I was unhappy with the unreasonable workload and how he plays favorites. This is the most useless class in the COE, but everyone must take it. He\'s not horrible but definitely get in on his good side and you\'ll do well."
5133,577,5.0,0.67,0.0001371199318123,0.0006061388806429,0.000406113050030743,"I think Mr. Jones is a great teacher, and he was very willing to work around my schedule and help me whenever i had questions :)"
13721,13,1.0,0.67,0.0002696691737793,0.000604406538078835,0.0004049523805128195,"Definitely avoid at all costs. I had heard all the terrible things about him and wanted to give him the benefit of the doubt, but it\'s all true. You won\'t pass if you don\'t give him PRECISELY what he wants to see."
19767,240,1.0,0.68,0.000430202674544,0.000595413060247851,0.0004048808809685387,"she missed half of the semester and expected us to continue on like nothing happened. no one, not even our subs knew what was going on and when you ask questions she tells you to ""check blackboard"" even if the question you cant be answered over the computer, its probably because she cant explain it to you. her blackboard is soooooooooo unorganized."
1160,1276,2.0,0.5,0.0004764279223485,0.0008097214179531349,0.00040486070897656745,Take it for the diversity credit and just get out with an A.
1977,64,5.0,0.86,0.0002433190755153,0.00046744516921628495,0.00040200284552600505,"Everything Professor Zoccolillo says is admirable. One of my favorites is, ""It\'s about living in a world where our lives and our assumptions about each other intersect, and yes, crash, and how we live and love and hurt and hate each other--and ourselves."""
19658,1332,2.5,0.53,0.000393200477377,0.000756899053556445,0.00040115649838491586,i understand his spanish better than his english. very easy. not a lot of hw.
11245,815,1.0,0.67,0.000377294094855,0.00059795842613248,0.0004006321455087616,Terrible professor. Useless for help. Not a straight shooter. Contradicts himself all of the time.
10913,572,1.0,0.59,0.0002699755158774,0.0006763563014311049,0.0003990502178443519,This class may seem easy at first. But He makes it so much harder than it has to be. He pauses all of the time and never gets to his point. Be careful...and the readings never correspond with class lectures!
12401,812,5.0,0.53,0.0003156243627062,0.0007515597907770149,0.0003983266891118179,All I can say is she is the best. I will recommend everyone to take her class.
10035,1153,3.0,0.67,0.0001554161212247,0.000593727927808915,0.0003977977116319731,He was very mean to me... I worked very hard but he gave me an C.
15813,121,3.5,0.75,0.0003426876532746,0.000530208407660795,0.00039765630574559624,Bob has a fantastic understanding of calculus. Sometimes he doesn\'t notice if you need him to slow down or go over something again. Be assertive and he\'ll help.
6881,991,5.0,0.53,0.0004086206116798,0.0007454998262782232,0.0003951149079274583,Great professor! He was my favorite chemistry teacher. He is very clear and helpful. I would def take him again if I needed to take organic as I had him also for General Chemistry. I got an A
13446,658,3.5,0.63,0.0003745755567652,0.000626407353098615,0.0003946366324521274,"I\'ve read a lot of reviews about how Dr. Caspi is ""emotionless"" but he does try to notice and get to know your personality but you have to be open! I\'d have my off days and he\'d always notice and he genuinely cared. In regards to the class, he likes messing with your head but its a good learning tool for this specific class. I found it interesting."
19309,1370,5.0,0.51,0.000421802935034,0.00077169461421823,0.00039356425325129727,"Its true that Dr. Gordon is always. It is also true that he quite possibly one of the most unorganized professors I have ever had. He probably will never give your paper back, or any feedback BUT, having said that he is probably the best professor I have ever had. He doesn\'t even try and I have learned so much in his classes."
19646,665,1.0,0.82,0.0003446126902684,0.000479466067740385,0.00039316217554711565,"OMG- Do not take his class, he is a horrible teacher. If you trip over the cord to his projector, he will whine and cry. then he will send you up for disciplinary sanctans and have you put on probationary standards. He will piss and moan about the most rediculus stuff. Stay away from him, he will ruin your college career."
15060,378,1.0,0.5,0.0005551802707176,0.0007846652807457799,0.0003923326403728899,Worthless class and teacher. Should pick another profession.
6128,983,1.0,0.56,0.0004231582041258,0.000700423162640265,0.00039223697107854843,"she\'s a sweet woman, but man...her lectures were based on opinion. and the actual work was online. its not fair because if we wanted an online course we would have taken one...but oh well. overall, dont take her unless you want to be FORCED into hearing her VERY BIASED opinion, watching boring films from the 80\'s and doing EVERYTHING online."
502,958,5.0,0.53,0.0002372831464721,0.0007389785263522946,0.0003916586189667162,"She\'s one of the best teachers I\'ve had at LaSalle. She\'s willing to devote any of her free time to you, if you ask for it. I\'ve enjoyed her classes."
14965,744,4.5,0.8,0.0002406257786817,0.000488243285065565,0.000390594628052452,"She\'s very intimidating/scary in class. But she\'s super helpful and a lot nicer in office hours. If she makes you feel stupid, get over it, that\'s just her style."
17757,562,4.0,0.59,0.0004238581137873,0.00066086224327462,0.00038990872353202575,You can tell by the way the person above spelled extremely.. They just may not be that smart her class was fine. You just need to go
472,935,5.0,0.59,0.0003548847040826,0.0006577446669800986,0.0003880693535182581,She knows what she is talking about. She is very clear. This is exactly how a history class is supposed to be. Her tests are very easy.
6700,755,3.0,0.59,0.0004528385302847,0.0006576990190543001,0.00038804242124203703,"Wouldn\'t recommend him, but its not impossible to pass his class. I dropped it and am taking Frank and Farrar. Take those two guys if you can."
2612,942,1.0,0.5,0.0003586992480672,0.000776025549354805,0.0003880127746774025,"Morna is a very nice woman but she doesnt like your first design for pretty much all projects even when you do exactly what the handout says. Also, she doesnt give much feedback during the process but when it come to the crit, she is full of negative things to say about your work."
5104,436,3.5,0.67,0.0003244927524334,0.0005775820234223799,0.00038697995569299455,"One thing about Mr. Pouncy, he talks about his gun alot. He has alot of stories, but generally not a bad teacher. Even though it was back in Fall 2007, it wasn\'t bad."
13723,13,1.0,0.56,0.0003574775289757,0.0006899598289840799,0.0003863775042310848,"Do not take this man if you have the chance. Avoid at all costs. If you get stuck with him be prepared to lose a third of your project grades based on his opinion of your design. Design it exactly as he has written it or you get no credit no matter how functional. Says he is available outside of class. However, he is mostly unhelpful and curt."
9558,782,5.0,0.54,0.0002460784040023,0.0007147613251958199,0.0003859711156057428,if you cant appreciate his genius it\'s a reflection on you. Extremely serious abt poetry and demands the same of you. Am repulsed by the whiny ratings of others. He\'s the best and most caring prof. I\'ve ever had.
9733,134,1.5,0.81,0.0002666398195984,0.00047610123187007635,0.00038564199781476185,"Brandy Zito Frost has no business being a college professor. Her class is a joke, and a retarded monkey could teach it. She also needs to take the word ""absolutely"" out of her vocabulary! Seriously, she never returned phone calls OR e-mails, and (after months of this) when I went to her office (she obviously could not communicate), she made me w"
4499,941,2.0,0.81,0.0002802647670868,0.00047593908868899103,0.00038551066183808275,"Notes and text contradict one another, takes her forever to get through one slide, don\'t even bother trying to understand her, notes online which is helpful"
10263,940,1.0,0.58,0.0003617957289057,0.0006640824584467915,0.000385167825899139,Too many formal papers not a good instituion. If you quailfy to attend UBC make sure you go there
13571,1225,5.0,0.56,0.0004760291769393,0.000686666765192845,0.00038453338850799325,"Super easy class. mid terms can be made up, hw can be late, can earn extra credit for practice problems. He is resourceful and nice. He is kind of old and stutters at times he even takes naps in between breaks and can put you on the spot if you talk but not in a mean way."
9496,766,1.0,0.53,0.0002113789572631,0.0007245902688904048,0.0003840328425119146,"Her online class is horribly confusing! She is totally unhelpful and snaps at you when you ask for help, instead of answering your questions. And the assignments and readings she gives are not easy!"
8129,757,2.5,0.62,0.0003283014123031,0.000618162737732465,0.00038326089739412826,Overall the best I can say is I don\'t hate Dr. Carnes. She liked me which is a good thing because her grading choices are incfluenced by her opinion. She\'s also the current department chair so it is essential to get into her good favor.
8409,1171,5.0,0.75,0.0002116022528155,0.0005105642847881849,0.00038292321359113867,Great teacher. She\'s willing to help you out.
12408,812,5.0,0.86,0.0002354629999199,0.00044517269935900595,0.0003828485214487451,"Mrs.Brown is full of energy every day,She always has a smile and she will help you as much as she can, all you have to do is ask. I like her and I enjoyed her class."
3329,328,4.5,0.5,0.0004813681046264,0.00076433271304584,0.00038216635652292,get past the rough exterior and a great prof shines through
2950,561,5.0,0.53,0.0001867664508893,0.0007182178894216951,0.0003806554813934984,Professor Sawyer was a great and enthusiastic teacher. Very helpful in guiding you in the right direction.
14312,315,5.0,0.57,0.0002140523055419,0.0006675799488355,0.00038052057083623497,"I have read with utter disappointment the shallow, misguided, ignorant rants against one of the best teachers I ever had (and I studied with some big names). He prepared me for a successful career, earns the respect of seasoned professionals, and his shows are among the best, and he has help shape some of the best-they come back to work with him!"
9138,92,4.0,0.61,0.0003501439914121,0.00062367178671806,0.00038043978989801656,"thumbs down on the group project, but she wants to help. Her lectures are a bit all over the place, but we always had great class discussions. I;d reccommend her, just know you have to get used to her style"
8713,1051,3.0,0.75,0.0002251171670274,0.00050660504231598,0.00037995378173698497,"It was an ok class. The clicker quizzes are useless, and she puts everything online, so you don\'t have to show up. You can tell she tries to be non-biased, but she doesn\'t succeed. She averages one attack on the Bush administration per week. Overall, it\'s an ok class, just incredibly boring."
79,1371,1.0,0.85,0.0001249995586944,0.000446822831116265,0.0003797994064488252,"Should\'ve listened to everyone on here. Not sure how this guy still has a job. Unreal requirements that would not apply in the real world. All based on what HE wants to see, not what is logical. Even if you\'re work is correct, it has to be done in his ridiculously specific manner in order, and you will STILL lose points. Avoid at all costs!"
19398,1326,4.0,0.75,0.0002470766484333,0.00050582616256904,0.00037936962192678,"he is as easy as they come. if u can\'t pass his class, u should go back to kidergarten. and for the ones who can\'t understand him, open up to the world. not everybody in in the world(or america for this matter) talk with a country accent."
6478,988,3.0,0.87,0.0002306257773267,0.0004356102650208348,0.0003789809305681263,"Love Dr. Jackson, if you need to take 301, take it with her! GREAT TEACHER!"
4584,359,4.0,0.63,0.0003903599147366,0.0006004373065840399,0.00037827550314794515,"She is definitely moody for sure. Her class isn\'t really that difficult. She\'s just very strict, like no food and phones on the table. No talking/ whispering when she\'s talking. Attendance is mandatory. Don\'t be late. The classwork and assignments is pretty easy."
16966,201,1.5,0.8,0.0003110758647751,0.0004714854251047916,0.0003771883400838333,"Very Theologically Liberal narrow minded. Don\'t let him know if you disagree with his opinions, he will explode. Not a great teacher either. EXPLOSIVE TEMPER"
3057,761,3.5,0.53,0.0003958988044785,0.0007111092157164299,0.00037688788432970784,"Dr. Hardy is NOT for the faint-at-heart, immature or lazy. He expects you to catch on quickly, and is not going to baby anyone. If you do the work, you should pass. Also, he\'s not very helpful, so be ready to spend time in the tutoring lab"
6220,858,1.0,0.74,0.0003408210595976,0.0005085201274084,0.000376304894282216,"HORRIBLE, worst class I have ever taken and she is no help at all! Online for a reason and expects you to come to her office hours for help when you email and show exactly the problem is and just need a better clarification of it all and nothing no help! NOT RECOMMENDED"
1838,260,5.0,0.64,0.000398500733983,0.000587774062504885,0.0003761754000031264,I posted the last comment- Daniel is the only VA full time professor who isn\'t conceited. There are at least two excellent and grounded sessionals.
14537,1312,1.0,0.53,0.000442337115598,0.00070676201249899,0.00037458386662446474,"He will eventually be a great teacher, but for now he needs a little nore experience"
4796,841,5.0,0.82,0.0001916643961104,0.00045664650224155163,0.00037445013183807233,"she\'s so intelligent, and also a really nice person. great prof."
2069,498,3.0,0.52,0.0004865766583862,0.00071975199519032,0.0003742710374989664,"Irv has worked at Bentley since the 70\'s, and it shows. Classes aren\'t so bad, but his exams are. Don\'t take this class unless you\'re a CIS major, and even then consider waiting until Irv retires. He states he\'d rather be working at MIT and how dull [Bentley] students are these days."
12030,1146,3.0,0.79,0.0003030608901009,0.00047339400512901,0.00037398126405191793,"Very Liberal, so she talks about her politics all the time. Your wrong shes right. Alot of class discussion."
19643,1230,5.0,0.73,0.0002345593156154,0.0005114156321318432,0.0003733334114562455,"He was really nice in general. Yes, he did wear the same short shorts over and over again but he has a wife and kids so he isn\'t that fruity. Get to know him he is very nice. He let me take the final two weeks late when I had the flu."
4938,582,5.0,0.56,0.0003742881098283,0.0006639563559405601,0.0003718155593267137,"great teacher. her specialty is nutrition and saftey and sanitation. show up, do your work, and interact in class and you will do great. she doesnt sugar coat anything so dont get your feelings hurt. RECOMMENDED."
4597,359,4.5,0.69,0.0002914072320954,0.0005357369501491799,0.0003696584956029341,Very sweet lady but beware her exams are kinda hard. You can\'t put things into your own words it has to be exactly what she says or she will count it wrong.
2043,304,3.5,0.62,0.0002925537691939,0.00059595704177235,0.00036949336589885704,She is a very nice teacher. most classmates likes her. she give the people good mark!!
18375,382,3.5,0.69,0.0002137042139865,0.0005354511170913294,0.00036946127079301726,Take her if you want an easy A and HAVE to take a language course. However if you are interested in learning french truley still take her because you want an easy A anyway you can get it right? But seriously if you want to learn french in her class you must really practice and persue it on your own because she is just a little too light for a true
4655,12,5.0,0.65,0.0002262871754747,0.000568017437025295,0.0003692113340664417,Intelligent and able to relay the materials. Not to mention he is one hell of a nice guy as well.
7336,434,4.0,0.7,0.0002811331506798,0.000526864910934575,0.0003688054376542025,"he\'s a nice guy, very interesting class, tough but do-able"
7197,955,1.0,0.71,0.0003132381208913,0.00051942155640217,0.0003687893050455407,"worst teacher i have ever had. if you get her for a placement, you better look out. words cant describe her..."
3583,628,5.0,0.75,0.000190473799644,0.0004915894725950342,0.0003686921044462757,awesome professor. best that i have had yet.
7597,588,5.0,0.78,0.0002237534896945,0.00047127366108005124,0.00036759345564244,Awesome professor! Take him if you can - he\'s great
17252,370,1.5,0.67,0.0002985908361845,0.0005486444511397051,0.00036759178226360243,"She will not help you with any questions you have. She will only tell you to re-read the instructions and do nothing else. She treats you like you are still in middle school and always talks down to you. She tells you that you ""Can\'t"" have items like laptops even though it is allowed in the CSCC school policy."
1889,820,1.0,0.85,0.0001545255954226,0.00043237936202669507,0.0003675224577226908,"Why is this women a teacher? My guesss is for the paycheck because she clearly has no interest whatsoever in helping anyone. After she stumbles in late, you will sit there for the most confusing 1hr 45min of your life."
18489,360,5.0,0.58,0.0003548284415656,0.0006329603916574809,0.00036711702716133885,She is hard but not that hard don\'t get scared she may give a lot of homework but it is easy to talk to her . She helped me a lot and I would take her again if I have the chance.Remember if u need help with english take her and any way step by her office with any english problem I can guaranty u will come out with no problem.
6153,192,4.0,0.52,0.0003560331831958,0.00070424835899484,0.0003662091466773168,I liked the way she taught we got written and oral credit. It was a lot of worl but it was all well worth it.
2659,616,5.0,0.76,0.0002026655794614,0.00048180049111417076,0.0003661683732467698,seriously in love with this man..he is so helpful and caring. best professor I\'ve ever had. I highly recommend him.
7201,955,5.0,0.78,0.0001997460107416,0.0004684927443298261,0.0003654243405772644,"Awesome teacher, very willing to help, but has her favorites"
786,1274,2.0,0.54,0.0003773567437208,0.000675029762179885,0.00036451607157713794,"cool teacher, easy class, and hardly any work. i had him once a week for a night class. we never stayed the 2&1/2 hours, usually held us for 1&1/2 hrs. went through the readings with us in class so we knew what the material was. only knock on him is hes a tough grader. 1 midterm & final paper"
16843,1191,5.0,0.86,6.984154713824343e-05,0.00042383839224623967,0.0003645010173317661,she is super sweet and is very willing to work with you! great class!
2608,942,2.5,0.8,0.0001900278696085,0.0004543048526234358,0.00036344388209874867,"She is the worst teacher ever. Shes old a senile and not very helpful. Shes a photographer of Architecture not an architect, therefore she doesnt know much about actual architecture."
3130,337,4.0,0.5,0.000390825805596,0.0007266056330040098,0.0003633028165020049,"All her test are online, don\'t stress. They can be taken more than once."
14275,1149,1.5,0.52,0.0004166620424259,0.00069792527995467,0.0003629211455764284,"Nice guy, but not sure what he adds to his class. He uses the power points that the book gives to him, and then just reads off it. Sometimes he will use a transparency that he has written on, but his hand writing is completely not legible. His TA grades everything. His mid-term covered 4 of the biggest regions, and he broke it down to 12 questions."
6455,299,3.5,0.52,0.0004017290670708,0.0006975221865436501,0.00036271153700269805,"I really enjoyed the assignments and the semester\'s structure. Deb\'s very spacey; while her feedback was decent I got a lot more techniques and whatnot from my peers. So your experience with her may depend on your section. Also find and befriend Shane, he will help you. (every freshman should do this)"
15672,72,3.0,0.76,0.0002875827279765,0.00047654780329382503,0.00036217633050330704,his lectures are either really intriguing or extremely boring!!!!!!!!! he doesn\'t find that medium or balance and he almost seems biased most of the time...i\'d be careful about taking him... but he does his job
15790,853,3.0,0.58,0.0003285784661557,0.00062119749055041,0.00036029454451923774,"Very good instructor and specific about his expectations. Would take another class from him any time. If you don\'t like to follow directions, don\'t expect to do well (""artistic license"" comes in upper division class, not foundation ones)."
1951,1108,5.0,0.52,0.0003530402131164,0.0006908823301136401,0.00035925881165909285,This professor is TOUGH. This is no easy ride and you should be thankful for that. You go to school to LEARN and not to just receive a degree. We pay more for our degrees than Rutgers students so we should expect to work for it. You work for it in this class. Love this professor.
14918,934,3.0,0.83,0.0002104157881026,0.000428666791899285,0.0003557934372764065,Hard marker on long answer. Exams are tough. Apparently she is a feminist...but never really found that
763,1025,1.0,0.72,0.0003063142974862,0.00049363048574942,0.00035541394973958234,Keep looking. Not helpful and a terrible teacher. She is not flexible at all (even if you want to work ahead for one week). I took her online course and I DO NOT recommend it to even an enemy!
460,935,1.0,0.5,0.0003917855114453,0.0007102000965862349,0.00035510004829311746,This was prove that history is useless and should be spent studying on while leisure
18839,335,1.0,0.78,0.0002325138364899,0.00045517143960886,0.0003550337228949108,This class was TERRIBLE!!! She doesn\'t explain anything. She would be a great politician because every time anyone asks a question about what to do the answer has nothing to do with the question asked. Dont take her for any class!! not even underwater basket weaving!!
7048,462,5.0,0.79,0.000273706599402,0.0004481286211175465,0.00035402161068286175,Mr. E rocks. He will do anything for you if you ask...except let you bring a drink (even if it is closed) into the studio. We had a blast in his class.
2531,30,1.5,0.8,0.0002614814002186,0.0004420404323737551,0.0003536323458990041,"She is hostile, defensive, patronizing, inflexible, unsympathetic and mean. She seems to actively dislike students. If she doesn\'t know the answer, she\'ll ignore your question or pretend that she does."
1064,5,4.0,0.54,0.0002305361343893,0.0006532597492376251,0.00035276026458831754,"the class is HARD, you have to work for your grade. but he\'s hands down the best stats professor at Brooklyn college, take him !"
16835,1191,5.0,0.81,0.0002405153430699,0.00043544879601782,0.0003527135247744342,"Took her online. Very easy class and as long as you participate you are golden. The only problem I really had was the discussion boards because it seemed that she just gave you whatever she felt she wanted to at the time. It worked out for me though. She usually quick to respond if I had a question. Overall, I say definitely take her."
19961,1186,5.0,0.67,0.0001862558289569,0.0005257173725977453,0.00035223063964048937,"Extremely nice, extremely smart, has an accent but its not too bad, I probly would of done things to this lady like 5 years ago shes kinda hot. Test and quizzes are easy, one presentation to the class with a group. EASY I RECOMMEND IT"
8474,1287,1.0,0.54,0.000271770091885,0.0006522224892520549,0.0003522001441961097,All I learned was that he was obsessed with very small dinosaur anatomy. Certain parts really fascinated him which made the class pretty amusing.
13738,13,3.5,0.67,0.000374033671468,0.00052442131725501,0.0003513622825608567,"Do not expect to coast through his class. Do not expect him to give you answers. Go to him with problems and he will lead you to solutions. He wont give you the solution, he will lead you to it and leave you to figure out how to drink. If you want to learn you will learn a lot from him."
3026,1188,2.0,0.69,0.0002264273929541,0.00050876254761624,0.00035104615785520556,"There is a slight communication barrier with her speech which is manageable but, her email etiquette is not very good. She doesn\'t read your questions fully and answers only half of your questions IF she even responds. Her lectures can be confusing because she gets lost. Her syllabus was very unorganized including the calendar."
10765,374,2.5,0.72,0.0002362010505504,0.00048675608379004004,0.0003504643803288288,had her for historical methods. Not clear about what she wants from you. Gives busy work and is completely obsessed with slavery. I cant really stand the class but i heard shes the easiest of the historical methods teachers. She completely shut down my research topic idea and barely helped me find a new one. take someone else if you can.
12499,286,5.0,0.82,0.0001623182877951,0.000427373430639255,0.00035044621312418906,"His books were definetly not mediocre-- Story of a Million Years is breathtaking and The Wolf Girl is really bizzare and fascinating, and plenty of literary critics agreed. I didn\'t love UVM and transferred out, but just talking to him made school more palatable for me while I was there. I\'d take another class with him if I was still there..."
19427,600,3.0,0.82,0.0002730361496085,0.0004265021776053399,0.0003497317856363787,Good teacher but personally I like Ms Muroski at Hazleton better.
3881,747,3.5,0.76,0.0002810159459375,0.00046000179158054,0.0003496013616012104,"It was a fun class and she is okay. She just thinks she is a little better in some sports than she really is. Keep it cool Doc, you are not going to win all the time."
10405,1263,3.5,0.68,0.0003044642680573,0.000513164507675535,0.0003489518652193638,"Excellent class and excellent professor. Some of the material covered is very tough, but Dr. Bonca explained it well. I will never love The Romantics, but she made them understandable. Great passion for her subject. Student-friendly."
19975,730,1.0,0.65,0.0003223014322331,0.0005362413666443249,0.0003485568883188112,"The worst experience I have ever encountered with a professor. He NEVER answered my emails, or questions. He waited until the last possible minute to upload or grade anything, meanwhile his folders were stocked with files that dated back to 2012. Most unorganized class ever, and so unhelpful."
2610,942,1.0,0.78,0.0002477306311394,0.0004466565728226428,0.0003483921268016614,"nice woman, most of the time, but sucks as a teacher, do not take, she is very feminist too"
5728,87,5.0,0.74,0.0002500137327778,0.0004696934914540902,0.00034757318367602675,He is super helpful and super nice guy. I would refer him to anyone. He was an excellent teacher.
17055,442,3.0,0.5,0.0004153722504356,0.0006899645496195949,0.00034498227480979745,"horrible teacher, run run run. doesn\'t have all his marbles"
2398,831,1.0,0.66,0.000325405657656,0.0005225015585825,0.00034485102866445,She was a TERRIBLE teacher! She had a VERY biased outlook on psychology and all she taught was attachment theory. She doesn\'t teach about the PROVEN methods of mental disorder reasons and treatments. Do not take her unless you want to learn incorrect information and want to be bored out of your mind.
9824,994,5.0,0.8,0.0001788914462084,0.0004308862877826374,0.00034470903022610993,Fabulous professor. I highly recommend her! She is the best!
7827,722,3.0,0.65,0.000280004479659,0.00053024160965631,0.00034465704627660153,"If you are a Republican/Christian beware to hear some controversial things. She\'s pretty straight forward on what she wants from you. Your grade is based on book quizzes and film quizzes. She\'s a nice and caring person, but can sometimes inject her opinion too much. Everything is basically online except the midterm and final."
19807,1256,5.0,0.57,0.000203427146577,0.000602488267276325,0.0003434183123475052,easy to understand and always willing to help
14916,934,2.5,0.82,0.0002481482520067,0.0004175295400736,0.000342374222860352,"well, she is alright, but she mutters and dosent know what she is talking about unless she has her notes, otherwise its almost impossible to take notes, she also jumps from topic to topic, not my fav prf by any means"
19835,632,2.5,0.5,0.0002249667735457,0.0006830346628417801,0.00034151733142089003,Funny guy but his class is boring. He even confuses his self at time but he is very approachable and always willing to go out of his way to help you. He wants everybody to do well in his class which is a genuine quality in a professor
11151,922,4.0,0.87,0.0001318586498977,0.00039000118879504,0.0003393010342516848,"Knows what he\'s talking about. Everything is explained on the syllabus. You have to read the instructions and follow them. If you don\'t follow instructions, you lose points -- no duh. Not confusing if you know how to read. If you ask questions via email, he responds."
19212,225,5.0,0.69,0.0002132765466892,0.0004917215710668651,0.0003392878840361369,"Yeah you have to ork, but she\'s very helpful. She knows her stuff."
3538,699,4.0,0.58,0.0002568075937519,0.0005845584092850371,0.0003390438773853215,Very invested in her students. Will do anything to help them succeed!
15660,646,4.5,0.75,0.000217420491259,0.00045114172007078,0.000338356290053085,"Tudor is a nice man...if you need help, go to him for help. He appreciates that effort. Gives online help sessions before every exam. (He\'s not hot)."
5475,919,5.0,0.67,0.0003464995356668,0.000503051293363035,0.00033704436655323345,"He does expect you to work. If social psych is your thing he is your proff. Not for the feint of heart, know that if your a loafer you will be spoted. Take other psych classes if you want to coast. But if your intending to go into this feild he goes the extra mile for you."
3718,317,4.5,0.5,0.0003181593579201,0.000673912075289275,0.0003369560376446375,I found Dr. Eberts to a very helpful. Although at first he may seem hard to approach once you talk to him he is fine. His Second and Third year classes are much better than the first year ones as he is more interested in the subject he is teaching.
19561,529,5.0,0.56,0.0003154416799098,0.0006005387727687399,0.00033630171275049437,Prof Muckell is an amazing professor. Those who say his is a hypocrite or his life is a lie need to see the real world and get their bubble popped. His work is challenging but you will learn if you do the work.
6013,712,5.0,0.6,0.0002885008832843,0.0005592657435550451,0.00033555944613302704,"She is an awesome teacher!!! There is nothing bad to say about Mrs. Johnson. If you speak up and say you need help, she will go above and beyond to help! She truly cares and wants her students to succeed. She is an exceptional teacher and person. TAKE HER IF AT ALL POSSIBLE!"
9639,1226,5.0,0.65,0.0003719645427392,0.0005155212667231466,0.0003350888233700453,"Do not take this class if you just want to learn regular guitar, not just nylon string. This class is classical style only. You need to take 83A instead, there you can play acoustic or nylon string and you\'ll cover several styles. In Jones class, you have to play exactly how he tells you, so if you can\'t change your playing way, you won\'t be happy."
7600,588,4.0,0.83,0.0002444030582301,0.0004014442387729542,0.000333198718181552,"really fun teacher! Takes things a lot more seriously than you\'d guess, but it\'s only because he cares."
14572,1373,2.0,0.56,0.0003747006581677,0.0005943108689310501,0.0003328140866013881,He is a subjective marker. Likes you higher grade.
12971,224,1.0,0.8,0.000227682847445,0.00041566755753580376,0.000332534046028643,"This professor is extremely difficult. The material is not covered well. All I can say to anyone who takes her is: ""Good luck to you!"""
11306,1019,2.0,0.5,0.0002257696330043,0.0006647652212339,0.00033238261061695,this prof is teriable i will never ever take him again. sucks at teaching anything. however he will give you extra credit.
16474,676,4.0,0.53,0.0003700381266988,0.000626790629080425,0.0003321990334126253,"took her for sociology. she\'s not hard at all but she will get off topic, A LOT. Read the book to pass because she speaks of things in the book prob. 40% of the class."
13310,1288,1.5,0.78,0.000215703670446,0.000424773497999965,0.0003313233284399727,"I took him both for 118C and 111, if you thought 111 was bad you haven\'t seen nothing yet. It is the same exact format but more intense. Not recommended, take another elective if you can!!"
12904,1389,1.0,0.9,0.0001985413224951,0.0003667598578643661,0.0003300838720779295,"the most horrible teacher ever.you never know when she will lose her temper and start screaming at you for any dumb reason.is rarely available for appointments, if she is then she is either late or wants you to get the hell out of her office ASAP."
233,52,5.0,0.56,0.0002908578861653,0.0005874495941434444,0.00032897177272032886,This is the easiest class! Ms. Lewald really cares about her students. She is always willing to help if you need it. Take her if you can.
284,621,1.0,0.85,0.0001331552033657,0.00038632029924815496,0.0003283722543609317,So confusing because he says he wants you to be creative but then shoots down your ideas. He tells you exactly how he wants it done even though its your art. No real free will in the class. You basically are only learning his style of art.
18387,1333,1.0,0.5,0.0004790551967306,0.000655671942253475,0.0003278359711267375,She\'s a gpa killer in ISP. You should try to avoid her.
7579,11,2.5,0.65,0.0002241295919215,0.000504302673960635,0.0003277967380744128,"Well, he\'s not lining the bottom of the barrel, as some film profs are--(cough)Hendricks. However, he\'s tempermental and terribly unclear about what he wants. No effort is really required, so I\'d recommend his class to 4:20- types."
4132,1117,3.0,0.7,0.0003037429872587,0.00046807864807436,0.000327655053652052,"Panzeralla is focused on his own text books that he has compiled. He has no time for students, nor helping them. I have no idea why he is teaching at all when he has no interest in helping students at all. He does not respond to e-mails and if you want a response it is best you CC the Dean or Chairperson! Don?t take him!"
9572,782,3.5,0.92,0.0001879390678549,0.00035587824405373264,0.00032740798452943404,"Tests very difficult. Knows his poetry. Hope you like Patty Ann Rogers, ""rolling naked in the dew."" And loves R. Frost. Leave class if he begins the ""food stamp"" story. Expect one of his own poems on the final."
16790,595,4.0,0.91,9.878371532680028e-05,0.00035957536655809524,0.0003272135835678667,"Good teacher. Might not be around very long though, I hear she\'s going to be murdered by the ghost of President Nixon."
8527,421,1.0,0.66,0.0003123631544676,0.000495122338609285,0.0003267807434821281,Worst prof ever. Class was a lab it had little to do with actual physics. If you followed his instructions perfectly he would still tell you it is wrong and walk away without explaining a bit. Don\'t take him if you can help it!
10244,741,4.5,0.8,0.0001374217764295,0.0004084329815853262,0.000326746385268261,He is a great professor. He loves to sit down and meet with you one on one and is willing to help at any time.
15211,817,4.0,0.66,0.0002947848234217,0.0004949932101532991,0.0003266955187011774,"She is a hard marker, but if you ask her what she wants you will see an improvement in your mark. I would take another class from her, there were no surprises."
16825,999,1.0,0.52,0.0003727460131302,0.000625096961195855,0.0003250504198218446,"Dr. Renick has a strict attendance policy, but misses classes regularly herself. In addition, she is never in her office during her scheduled office hours."
11408,476,1.0,0.82,0.0002076943399251,0.00039628182787629997,0.00032495109885856595,"The worst teacher I have ever had. DO NOT TAKE HIM!!! He failed me, he has no mercy. Good Luck if you do, I am going all the way to Ambler, so I don\'t have to take him."
10620,40,5.0,0.56,0.0003440731458477,0.000579158505883325,0.00032432876329466204,"Great Prof, very passionate about what he teaches... and as a bonous, he is nice on the eyes."
8524,421,3.5,0.53,0.0002202765796442,0.000608030782053425,0.00032225631448831526,"I think he\'s well past his prime, mentally speaking. But he is a really nice guy and made sure to help us in any way possible. In office ours, going over hmwk in class, giving extra-credit. Open note exams, with questions often coming straight from lecture or Homework."
12467,1318,2.5,0.89,8.652942781137179e-05,0.00036175635491200676,0.00032196315587168604,It is Super hard to understand what she wants from you. She is a nice woman though. Very tough
16431,310,3.0,0.79,0.0002249417694293,0.000407492702736665,0.00032191923516196536,"Pretty condescending and likes to be a dictator, which she\'ll tell you from the beginning. If you don\'t do every little thing her way, you\'re not going to do well, no matter if a different way works better for you or not. Good as a person but wouldn\'t recommend her as a professor."
13129,870,1.0,0.74,0.0001450930841993,0.00043458685050402505,0.00032159426937297854,i took this class online. she never told you how you are doing or if you were doing anything correctly. she is very unorganized and always has an excuse for everything. don\'t take her class.
16555,1179,1.0,0.56,0.0004029918863223,0.0005724447507420725,0.00032056906041556067,"To all my fellow school mates, for the sake of your sanity DO NOT TAKE 1301 philosophy with this man. He is the most egotistical professor that does not know how to lecture, teach, or comprehend"
802,753,1.0,0.81,0.0002251737866616,0.0003953018621161557,0.0003201945083140861,"He is a very immature guy. He believes he is always right even when he is not. I\'ve had to schedule with him, but believes it is my fault even though I gave him at least two weeks notice. He treats students as kids and not as adults."
9058,266,4.5,0.64,0.0002652685529262,0.00049675077839369,0.0003179204981719616,"A great guy and a good teacher. You do not have to buy a book ($100) and he is always ready to help you out. BUT, turn your work in on time, He might deduct 20% A DAY from late work, but he will give you a break once in a while, just do not count on it. Learned alot and had fun as well"
18753,905,5.0,0.7,0.0001755424687304,0.000452806490014405,0.0003169645430100835,"Honestly, my favorite professor at MDC. He\'s tough but he\'s also so sweet- don\'t let his biker exterior fool you."
8018,1197,5.0,0.5,0.0002375721259521,0.00062974260816435,0.000314871304082175,"She\'s a wonderful professor. Intimidating at first, but very kind. She provides clarity on all her assignments. I would highly recommend her!"
10362,569,4.0,0.85,0.0001173710037886,0.0003701177105289112,0.0003146000539495745,"Nice guy, if you have questions just ask. He is someone you really want to put in your network...for the future. So behave in class."
9433,1242,5.0,0.57,0.0002683923761253,0.0005514064630451751,0.00031430168393574973,Great professor! You can tell that she was once the #1 teacher in Texas. She has a true passion for helping our at-risk students! She is also bilingual.
69,1371,1.0,0.53,0.0004055603119215,0.000592200104943885,0.0003138660556202591,"He does not do a very good job of actually instructing. If you can\'t meet with him during his ""How to schedule ""face-to-face"" meeting"" hours then you\'re screwed as far as learning more. Good luck actually learning how to do anything from him."
5385,1187,4.5,0.57,0.000294450276055,0.00055033552648482,0.0003136912500963474,this class is hard. If I can get through it anyone can. He only takes attendance for the first two weeks. He is very helpful outside of the classroom though.
725,196,2.0,0.68,0.0002366697701317,0.00045905675667836504,0.00031215859454128826,"He will not look over any rough drafts for papers you may have. The electronic Journals are the biggest nuisances you will ever get. His tests are very random and rely on very small facts from the books you have read. Do NOT be late, DO show up to every class, DO your Electronic journals and you should be fine."
18837,335,4.5,0.7,0.0001532935138024,0.00044457083383136006,0.000311199583681952,"I honestly loved this class. If you\'re interested in learning english, I recommend her. If your taking it just to get it over with, I still recommend her because she is there to help you if you need it and the work is more than manageable."
4743,1272,5.0,0.75,0.0001586416416406,0.00041389478778919503,0.00031042109084189625,Tough grader but very fair. She knows her stuff for sure and will help you out if you seek it.
3509,1107,2.5,0.56,0.000307149939594,0.00055263977104147,0.0003094782717832232,"class is more like a book club, class was huge (about 100+ people). he\'ll call you out for talking or leaving early so dont do it (he\'ll actually stop class until you contribute). you learn a lot from the cultural events you attend. its hard to get into the grove of writing 2-4 pages a week in blogs because he wants them done a VERY CERTAIN WAY"
770,1025,5.0,0.66,0.0002244409589694,0.00046511188562519003,0.00030697384451262546,"She doesnt like getting up early thats for sure but ive never met anyone with as much energy as her in the morning. Hilarious teacher, a must have for your morning wake up computer class."
3413,1016,2.5,0.81,0.0002269540812558,0.0003769047081341995,0.00030529281358870165,"Paul picks favorites. Paul has his own agenda. Paul has his own agenda for what you should do with yourself. Be careful, especially if you end up being a favorite. Some say he lives vicariously through the work of his students. All I\'m gonna say is that he has an agenda - for you and for your work."
12235,207,5.0,0.57,0.0003226938201522,0.0005344722878893096,0.00030464920409690647,"He wants things done his way, which translates to the real world. The assignments take a lot of time to do."
6461,299,2.5,0.62,0.0002367194886945,0.00049047909152895,0.000304097036747949,"She gives you a grade based on your effort. Craftsmanship is first, then design, and materials play some part too, which is bad for you because the cost of materials link to the ""quality"". She buys some supplies so if you\'re frugal you can get away with spending < $50. She tries to help and talks a lot, with demos, but it ends up boring students."
4455,1123,1.5,0.67,0.0002611341872514,0.000453734170839385,0.0003040018944623879,"If this class had been for law students, and a full year it would have been fine. But important sections of business law (commericial paper, life and death of a corporation) were ignored in favor of Consitutional law and current events. If you take him be sure to read the whole book."
18674,168,5.0,0.61,0.0002616409433936,0.000490807872609365,0.0002993928022917126,"Wonderful professor. He expects you to work hard, and he works even harder trying to you to see the value in that. He\'s a Harvard experience in a Community College. Take his classes!"
4724,818,3.5,0.6,0.0002359629949835,0.0004981440159337728,0.0002988864095602637,"Chef Mattie is mean, likes to make fun of students. Also has favorites and if you not one of them can make your life miserable"
12908,1389,1.0,0.59,0.0002975572799873,0.0005062850794014301,0.00029870819684684374,"Very difficult to follow, inconssistent and unclear. She is not very openminded wich contradicts what she ""represents""."
9339,210,5.0,0.62,0.0003445222196927,0.0004814808058213141,0.0002985180996092147,"Chris is an awesome teacher, one of the best hands down. He\'d give you the shirt off his back, and he\'d know the best way to do it too."
822,500,3.5,0.59,0.0002588842639733,0.00050588416199548,0.0002984716555773332,Kerstein is a nice old man with impeccable hebrew pronunciation. He\'s old-fashioned but (usually) in a charming way and will not teach you \'current\' hebrew. The textbook is fantastic (ha\'yesod) even though he jumps around in it. worth taking if you\'re interested in hebrew - he\'s not the best but he ain\'t too bad either.
4155,309,2.0,0.82,0.0002120837410601,0.000362949181423755,0.00029761832876747904,"Don\'t argue with him, just ""believe"" what he tells you and write about it. You\'ll do fine."
829,500,4.0,0.82,0.0002209492728608,0.0003620114307888422,0.00029684937324685054,"no choice if you want hebrew. He is the only hebrew language professor. Anything you don\'t know on the tests, just ask. He will tell you straight out. one time i asked an answer straight, he told me the answer, the 2 before, and the 2 after without my asking."
17621,552,4.0,0.78,0.0001644982334672,0.0003783914052217023,0.0002951452960729278,he\'s a great teacher and he\'s willing to help if you ast... word to the wise.. dont get behind
6436,369,5.0,0.72,0.0001949607689236,0.0004063087520997507,0.0002925423015118205,Elizabeth one of the best professors on this campus. I highly reccomend her freshman seminar course! Acting with her will teach you a lot about yourself. she knows lots about you from the first moment you walk in... stay on top of all of your work if you don\'t it will bite you in the butt later.
16397,433,1.5,0.5,0.0002400647730833,0.000581492311225095,0.0002907461556125475,"For someone who is all about being professional and being on time, he sure is late EVERY day. His class is rather pointless and very boring. He needs to teach at a college level, not kindergarden."
8534,421,2.0,0.75,0.0002997976412279,0.0003868418184874818,0.00029013136386561137,Awful teacher. He doesn\'t teach the concepts associated with physics. When you go to his office hours for help he\'ll make you sit and wait while he takes personal calls then he talks down to you. He will mark correct answers wrong if he doesnt think in his opinion you knew how to do it. Take any other physics teacher.
16272,474,2.0,0.89,7.103177340780082e-05,0.0003255322177093537,0.0002897236737613248,"Awful teacher! Not very helpful, rude and inconsiderate, makes things a lot harder than they need to be"
10383,249,5.0,0.87,8.390332881650554e-05,0.00033290170805934664,0.0002896244860116316,"This teacher was excellent. He knows his stuff but dont take advantage. I had him a while back, you will learn a lot. Besides he\'s Italian how could he go wrong!"
19231,1182,4.5,0.84,0.0001851740340213,0.0003446741339571839,0.00028952627252403445,"Very caring professor and class is usually a debate. Be careful though if your views differ from the majority and especially his. If you think differently be careful with your arguments; he is very sensitive and doesn\'t appreciate a true discussion/ debate, especially if you are very strong and on the opposite side of his views/ beliefs."
768,1025,5.0,0.5,0.0002887156073115,0.0005783487537596945,0.00028917437687984727,She is very understanding and helpful! I would reccomend her to anyone!
18329,637,5.0,0.51,0.0002935301509281,0.0005645110977188651,0.0002879006598366212,"Prof. Kneski is what study abroad should be all about. He has little patience for children, but all the time in the world for those that are serious. Best teacher I ever had at FIU."
827,500,4.5,0.74,0.000227125467893,0.00038863788803792526,0.00028759203714806466,"If you know a little hebrew than you wont have a problam. If you dont know anything its not terribly hard, but youll have to work. Overall he is a very nice guy. You have no choice if you take hebrew because hes the only teacher (which is not such a bad thing)"
11780,1058,5.0,0.87,0.0001603886049422,0.0003298702058309855,0.0002869870790729574,Great class!! Radhika is fantastic. She has great energy and is brilliant ...but not condescending
1365,173,5.0,0.63,0.0001092973685916,0.00045460018750688403,0.0002863981181293369,Great Teacher!! Very direct and tells you up front what he likes and dislikes. Learned a lot in class.
19169,798,5.0,0.68,0.0001880327402357,0.00041747328864311,0.0002838818362773148,She makes you work but it is worth it. You will get the grade you deserve. everyone is treated fairly and equally.
11836,772,1.0,0.87,0.0001415657440576,0.00032527960908917996,0.00028299325990758655,"Dr. Perdue has her good moments but I would avoid her if you have the chance! She is super opinionated and shoots down others opinions before they even try to share. Very intimidating, does not like to answer many questions and rarely answers emails. She does allow for make up exams. The study guides she gives don\'t help much. Read the book!"
14661,1112,1.0,0.57,0.0002130791102013,0.000495334970497385,0.0002823409331835094,"Ebert is the worst professor I have ever had. Simply put, his ideas are outdated and his conservative ideals come through a little too frequently. Lectures are painful."
3258,79,1.0,0.79,0.0002902158901297,0.0003569969431402353,0.00028202758508078586,"Most boring class ever. If the material wasn\'t coma enducing enough, her monotonous voice should just about do it."
8384,1014,1.0,0.73,0.0002456064653897,0.00038394908904026265,0.0002802828349993917,Worst teacher at UA! We pay too much for him to be a professor here.
14293,1175,4.5,0.65,0.0002325352035247,0.00042585869013474095,0.0002768081485875816,"go ahead and take this guy...all you do is take notes, so you better be there. He talks fast but the tests are pretty easy"
647,692,3.5,0.5,0.0002391964679994,0.0005535618189953,0.00027678090949765,"This professor is incredible. People may hate her because she has you read some books you probably never would but its because she does that that she really expands your world and thinking. If you enjoy reading and thinking outside the box take her, she\'s a great first English class to take if your an English major especially."
3966,585,4.0,0.62,0.000293115647285,0.00044551587545426974,0.0002762198427816472,Best teacher ever. Take him if you can.
8929,341,2.5,0.62,0.000275783234376,0.0004447731123121407,0.0002757593296335272,"Homework, labs and other work not handed back very quickly. can be a a*# some days, and always thinks everything he does is the right way."
9941,629,2.5,0.56,0.0002162862595161,0.00049135671144983,0.0002751597584119048,Not a fair grader. Shows a lot of bias.
3986,314,1.5,0.72,0.0002057421173555,0.00038202136703290225,0.0002750553842636896,i cannot recommend strongly enough against taking this class. mcauliffe makes no effort to analyze works objectively or put them in a historical context--feels more like a 6th grade religion class.
19670,253,4.0,0.71,0.0001987304085421,0.0003851910998554739,0.00027348568089738645,"Dan Levine is a super nice guy. He is very liberal, but always fosters debate. He is available if you go look for him. I can not understand certain students personal criticism of him."
597,47,4.5,0.7,0.0001367690362478,0.00038978384540723585,0.00027284869178506506,"Have taken many classes with Gel. She\'s highly recommended. If you want to learn how to dance, go to her."
13110,283,3.5,0.67,0.0002236972209908,0.000405805838739695,0.00027188991195559566,Really knows his stuff. Seems like he\'s just putting in time though.
7405,926,5.0,0.85,0.0002100206142599,0.00031879884661674944,0.000270979019624237,Great teacher.Out going person. you will never be bord in her class.
10335,875,4.0,0.82,0.0001136180147032,0.00033027362331716623,0.0002708243711200763,"Prof. Phillips was one of my favorite professors I\'ve had so far! I took her blended Biology class, so I only saw her for a Lab once a week. The weekly workload was very clearly lined out and I knew what was due and when. She was pretty lenient on due dates if you asked her, and was always willing to help. I would highly recommend!"
16507,428,5.0,0.68,0.0002074676927424,0.00039681132634972183,0.0002698317019178109,"Mrs Bruce was a GOOD teacher ever, she is easy. Even though I was a esl student in learning suport but it did not bother her, she always worked with me."
15600,1329,1.0,0.71,0.000119130556776,0.00037605309638168155,0.0002669976984309939,He is well-prepared. His notes are very clear and understandable. The fact that he is well-natured helps also. I highly recommend him.
3797,563,3.5,0.71,0.0002098989735527,0.00037601394992731,0.0002669699044483901,"She is an ok teacher, but I think she should act more professional and keep her personal life personal"
19815,1140,1.0,0.56,0.0003296723553428,0.0004763051899227313,0.00026673090635672954,Useless professor actually liked marketing until this class. Try and avoid unless you like being bored to death.
12783,954,5.0,0.79,0.0001813292691433,0.0003373928402798913,0.0002665403438211141,"I had her as an undergrad and a grad student. She is very knowledgeable and very helpful. Haven\'t seen her for a few years, but she was sure nice on the eyes too!"
17613,657,4.0,0.54,0.0001915492826969,0.00049199456961117,0.00026567706759003185,"he is really helpful in labs, kinda hard to understand in lecture,his voice can be kinda overbearing study your notes and color in your coloring book and you will do fine, very easy and useful information"
9088,1118,4.5,0.61,0.0002487978845273,0.00043226412638144504,0.00026368111709268146,"He is open to hearing any point of view, but if there is what he feels is a right one he will push you towards it. He has a story or the like to go with every topic, which is good and makes it easier to learn. And is not homophobic or pushes christiany."
10583,212,3.5,0.56,0.0002333881300554,0.0004652965846325749,0.00026056608739424196,"He will work with you, but be ready to work"
14074,1249,1.0,0.9,0.0001322355281627,0.0002864523896968748,0.00025780715072718733,hard marker. you can write a whole page but she will only mark some. Biased. favours many. Once tried to talk to her and she stood there looking back and forth around the room while I was talking to her and frankly didn\'t give a cow. Lectures are all over the place. Can\'t sleep because she will catch you and make you watch.
3911,48,5.0,0.89,0.0001261146648169,0.0002877923553500104,0.00025613519626150927,Great professor. Knows her stuff - has open office hours. Very nice - brings in candy and stuff. Definitely recommended!
16537,71,5.0,0.83,0.0001682990695512,0.00030773032732697025,0.0002554161716813853,"Professor Chapman is awesome. The stuff flows as if he made history. A little effort will land you at ""A"". Don\'t miss him."
5973,464,5.0,0.5,0.0001676404260995,0.000510090589541095,0.0002550452947705475,Cares about the students. I highly recommend him.
18938,68,4.5,0.61,0.0001534578587237,0.0004170368704289483,0.00025439249096165847,She is a wonderful teacher and tells funny stories. She will do what she can to make sure you understand what she wants.
3945,364,4.0,0.57,0.0002133882121342,0.00044569128180016,0.00025404403062609116,"many people dislike her, but I think she is helpful once you know what she looks for. The class is annoying, but she is as helpful as she can be."
5504,65,5.0,0.84,0.0001368622883938,0.00030207813666433014,0.0002537456347980373,"I had Dr. A for Collegiate Chorale (a non-audition choir) and he was so kind and encouraging to us, and helped us feel great, and as a result, sing well too"
16311,331,4.5,0.61,0.0002898762169726,0.0004144161953568375,0.00025279387916767086,don\'t use white-out or pencil... if you follow that policy and the dress code than you\'ll be fine
12647,146,4.0,0.85,0.0001419677732487,0.00029681179272199245,0.0002522900238136936,"looks like Lance Armstrong, lives like lance armstrong.......good role model, good class"
388,1294,4.0,0.86,8.170810692463765e-05,0.00029091781603641896,0.0002501893217913203,Very helpful. Was the key to success for MA240. Would have failed without her.
9743,1039,3.0,0.79,0.0001160779224274,0.0003086854396722362,0.00024386149734106658,"I took his online Intro to Statistics class. He didn\'t leave feedback on problems I\'d miss, in order to tell me what I was doing wrong, so I\'d have to commute to college to talk to him in person."
2306,597,1.0,0.71,0.0001976557024714,0.0003421565253283036,0.00024293113298309556,Worst prof ! Avoid her at all costs !!
19979,730,1.5,0.84,0.0001336265126333,0.0002888597432979326,0.00024264218437026339,"Horrible professor, took his class online. He never replies in 5 weeks i sent 4 emails he replied to 1 with a rhetorical question of one line i don\'t understand the material and he does not care."
4993,591,5.0,0.75,0.0001555633706618,0.00032351372587534506,0.0002426352944065088,"Everyone is entitled to their opinion. Jim won\'t ever criticize any artwork, but will give his opinion to improve on it meaning take it home and touch up on it for the final portfolio. You can\'t be lazy in his class or you will get the grade you deserve. He will give you his undivided attention as long as you need."
7668,731,2.0,0.86,0.0001907475656434,0.0002815448879455102,0.00024212860363313876,THIS GUY CANT TEACH. ALL HE DOES IS READ FROM POWERPOINT AND TALK BS ABOUT ALL THESE HIGH POSITION JOBS HE HAD MAKING MILLIONS OF $ IN SALES.
7219,2,1.0,0.55,0.0003176327717598,0.0004360244847345953,0.00023981346660402743,He is so picky about the papers and his grading scale makes no sense. He is always changing something around and he pretty much murders any work you turn into him.
1933,1145,1.0,0.93,0.0001220247380424,0.000257695312530585,0.00023965664065344407,"me very hard working student & I take things very serious. She is 2 cold and her way is right way. Her thread discussion is plain useless & WASTE of time 4 every1. I would NOT recommend anyone 2 take her. If I ever have her again in my wildest dream, I swear 2 god me going 2 drop out of her class 4 I breath with the same air as she is. I hate her"
5042,109,4.0,0.85,0.00016489101693,0.00028017965272219354,0.00023815270481386452,"What Allison is to baking, he is to cooking. Offers good advice. He\'s been there, done that. Listen to him."
16538,71,5.0,0.52,0.000274221863429,0.000452910985317224,0.0002355137123649565,"""PROFESSARIO"" IS AN EXCELLENT,HIGHLY EDUCATED MAN. YOU CAN BUY THE TEXT BOOK USED ONLINE LATE EDITION BUT THE BOOK ISNT NECESSARY AS HE IS A WALKING HISTORY TIME BOOK AND INFO IS GIVING BOTH ACCURATELY AND FROM HIS PERSPECTIVE.HE GIVES A REVIEW BEFORE THE TWO EXAMS AND WITH A RECORDER ITS A NO BRAINER. THE PRESENTATION IS EASY YOU PICK THE TOPIC."
14065,1249,4.5,0.9,0.0001182833243159,0.0002581982545285515,0.00023237842907569638,Love Susan. She is so friendly and so energetic. If she\'s hard on you it is because she has your best interest at heart. She is very approachable if you have any issue with her or her marking. Such a wonderful teacher.
7710,256,4.0,0.81,0.000183422764745,0.00028679915329878357,0.0002323073141720147,"Danny Fon is a great teacher. If you go see him in office hours, he will give you the answers to the homework. Final is not cumulative. I would recommend taking him."
16768,850,1.0,0.57,0.0001780119500402,0.00040579462298329,0.00023130293510047529,commented more about the materials i was using than my ability or the piece i was working on. an elitest who places too much importance upon the more trivial parts of artwork (i.e. stretcher bar width or acrylics vs. oils) and not enough on the actual artwork itself. not a very encouraging professor.
13281,743,4.5,0.72,0.0001589901984267,0.00031982236584355005,0.00023027210340735604,She is a wonderful instructor for yoga. I enjoyed the class and she worked with me on doing other positions if I could not do what others could because of an injury/surgery. She is very mindful of that.
14971,744,2.0,0.9,0.0001556484281819,0.00025459863013122625,0.00022913876711810365,Uninteresting and doesn\xe2\x80\x99t bring the material to life
2728,1290,1.0,0.5,0.0002915074144456,0.0004573735571454982,0.0002286867785727491,Not a good teacher. He definitely tried though.
3599,166,1.5,0.83,0.0001637381817532,0.00027144901748404123,0.0002253026845117542,Wolfe\'s an excellent professor. He\'s extremely strict and the majority of his testes are extremely challenging. Take him only if you\'re serious about Biology!!!
9534,1213,4.5,0.55,0.0001502982833305,0.00040371098085286003,0.00022204103946907303,"Dr. Rorke,inspired be to declare WHP as a major and I graduated last spring. Encouraged grad school, MS in Health Ed, I highly recommend him and the WHP program for an undergrad."
14385,153,4.5,0.94,0.0001379380592623,0.00023422066832175706,0.00022016742822245162,Dr. Roter is extremely intelligent and has an intense grasp of the musical world backed up with a great passion for music. He also has a good sense of humor (although nerdy at times) and sets a high standard that encouraged me to do my best. Very interesting classes.
15169,617,4.5,0.83,0.0001517778265835,0.0002621204469749654,0.00021755997098922127,"His classes are AMAZING...I highly reccommend him...Difficult to get in touch with, though. Sometimes doesn\'t keep appointments/respond to e-mails."
10958,254,2.0,0.67,0.0001895848786964,0.0003234781755681751,0.00021673037763067735,Dishonourable treatment of students. There should be punitive measures for his behaviour.
19450,937,4.0,0.74,0.0001033372950167,0.0002860975730556398,0.00021171220406117344,"Go to lecture - take notes - study - you\'ll be fine. Unlike many professors, she has a heart, so talk to her if things aren\'t workin out so hot for you and she\'ll work with you."
11297,385,4.5,0.54,0.0002193817433863,0.0003909816010759034,0.00021113006458098785,He does a good job teaching Photoshop and will give input when asked. He does take role and you must attend the lab to turn in your photos.
17119,279,5.0,0.67,0.000138347282185,0.00031465368506618,0.00021081796899434063,"He\'s an excellent instructor. No matter what skill level you are physically, he will never make you feel out of place. All around great teacher who obviously loves his job. Very highly recommend for Personal Defense and Tai Chi."
1137,732,5.0,0.54,0.0002090465716728,0.00038833062866660504,0.00020969853947996675,"Extraordinarily smart, and knows his material. He\'s the department chair and rightfully so."
4802,841,4.5,0.9,8.895130852828108e-05,0.0002316484322374188,0.00020848358901367692,"An amazing professor. Very soft-spoken, genteel woman... well-read, open, able to talk intelligently and knowledgably about everything. On top of all of that, she\'s a wonderful person, too!"
4844,45,5.0,0.87,0.0001436807449776,0.0002385809560579945,0.00020756543177045521,"Not a fan of American Literature, however, now a fan of Professor Mills. Excellent teacher."
14881,1176,1.0,0.75,0.0001083926838357,0.00027667319944675996,0.00020750489958506997,She\'s very hard and she uses only the slides which are not helpful at all. The exams are dam hard.
4729,818,5.0,0.88,0.0001423687610706,0.00023225728641331695,0.00020438641204371892,"Best Teacher Ever! My Fav. she\'s always watching out for me, and always there for me. She\'s always in my heart and on my mind"
12818,1046,4.0,0.77,0.0001382774675378,0.00026485458528792785,0.00020393803067170446,"Very hard, but a good teacher. Accent, but not too bad-- says ""right"" too much. Sometimes absent during his office hours, but otherwise these were useful."
18393,1333,5.0,0.9,8.243088615977957e-05,0.00022644295731718937,0.00020379866158547045,"Very good professor. Pretty tough on writing errors, but she helped me when I got behind in the work due to personal issues. Very kind, good and sweet person."
4917,1132,5.0,0.64,0.0001000566328744,0.0003172981456542193,0.00020307081321870035,Very Helpful Teacher! Learn alot in class. Give great tips in everything you want to know - from starting your own business to stocks. Enjoyable class.
3472,1273,2.5,0.73,0.0001717315707598,0.0002780738250171622,0.0002029938922625284,"Exteremly biased against Israel. Even though she claims to keep an open mind, she presented one side of the struggle in the middle east, and provided little voice for the other side to make its case. This class does not present a fair academic look at this complicated situation."
19029,1223,3.5,0.83,0.0001194816708684,0.00023949721917178256,0.0001987826919125795,Took Steve multiple times during my masters. You get from him as much as you want. If you are on the lazy side-don\'t take him. If you want to be pushed and are open to new ideas-he\'s your guy.
4283,75,4.5,0.82,0.0001031134694175,0.00024225801737753284,0.00019865157424957692,"He\'s pretty tough, but it\'s not all his fault. STUDY, PEOPLE!"
12182,992,1.0,0.88,0.0001364535386206,0.00022438968927795112,0.000197462926564597,"Not helpful and usually rude. Acts like she HATES her job. Never gives you the time of day and always acts to busy to help you, which i thought was her JOB!! She needs to find something where you dont deal with people."
15194,534,5.0,0.84,9.405959893188755e-05,0.00021522292776620584,0.0001807872593236129,"Great professor and hilarious. I\'d recommend taking him in the fall though. Taking him in the summer, four days a week is tougher to manage."
15704,493,2.5,0.94,7.95806546276846e-05,0.00018745230089578085,0.000176205162842034,She\'s not very helpful. Ask her a specific question and you may or may not get an answer. Tough grader. She can also be rude. At least she likes what she does.
7171,1301,5.0,0.82,9.128265633179354e-05,0.00020314025913858595,0.00016657501249364048,Awesome teacher! He does whatever it takes to help you succeed.
1936,1145,2.5,0.91,0.0001089048865166,0.00018137338357692936,0.0001650497790550057,Strict teacher. Very Picky. Must be exaclty her way. You can not have an opinion. It is wrong if she doesn\'t agree.
11502,976,2.0,0.73,0.0001322085625914,0.0002197391382241667,0.0001604095709036417,I stopped liking Chemistry because of this professor. He would not hear comments and will try by all means to not give points back even if it was his mistake.
14756,453,5.0,0.95,9.509177422283808e-05,0.0001634448708463724,0.00015527262730405375,"Detweiler is genuinely nice and means well with everything that he does. That being said, he will not let you bs your way through choir. He\'s a professional and expects you to begin viewing music as your future profession as well. Bring your music. Get your notes. Stop by his office and say hi sometime. Smile and wave in the hall - he\'ll love you."
4275,648,5.0,0.93,9.355024776727309e-05,0.00016178926630441243,0.00015046401766310357,Ew...the not hot factor cause he\'s like older than my dad. Way talented teacher and if you get on his good side he will definately help you when you need it. If you like Basketball and hate marching band you\'ll be his fave:)
2606,942,3.5,0.9,7.41831025442806e-05,0.0001628395016318016,0.00014655555146862146,morna is one of the nicest most interesting ppl in the world. she has good stories but they dont always relate to what youre doing. she doesnt always make it clear what she wants but if you dont give her what she wants she will tell you and help you make it better. do your work and care about it and she will be nice during crits usually.
10782,1038,3.5,0.9,7.629168234521696e-05,0.00016087674347515523,0.00014478906912763971,"tons of busy work but it pays off. who cares what these other people are saying, the degree looks damn good on the resume. he knows nothing about sports..just learn on your own. good guy always willing to help."
778,311,4.5,0.62,0.0001127420474979,0.00022790404475303599,0.00014130050774688232,My favorite professor. I recommend him without reservations.
12016,69,4.5,0.93,4.8008029453495176e-05,0.00014037955023203736,0.00013055298171579476,"Arlan is an all around good guy and if you put in a bit of time and effort, he will reward you well for it. great class."
11090,46,1.5,0.9,6.980539857676396e-05,0.00014160858660486946,0.00012744772794438252,Please don\'t take this unless you really have to. She goes way too fast to understand new concepts and assumes you know a lot of economic shortcuts. Very unorganized lectures.
403,361,4.5,0.94,3.632305047225515e-05,8.395123567463722e-05,7.891416153415898e-05,"Great Professor! Yes, everything is about race, but that is just where she focuses her interest. She has her opinions, but is willing to listen to yours as long as they are backed up well."
8893,987,5.0,1.0,0.0,0.0,0.0,She\'s just great. Gotta love those old school women who were hippies and burned their bra\'s for us ladies of today.
8871,611,5.0,1.0,0.0,0.0,0.0,I worked hard but learned a lot.. Hes a very nice man.
8867,611,1.0,1.0,0.0,0.0,0.0,"He\'s the absolute worse. Would not recommend taking. I know I won\'t think twice about taking him. He\'s very ignorant, rude and the worse. If you have the option to take him, DON\'T"
8862,20,1.5,1.0,0.0,0.0,0.0,"He assumes a position of intelligence, but lacks the acting skills to see it through...tragically, he is not aware of this."
8825,1260,1.5,1.0,0.0,0.0,0.0,Worst handwriting ever looks like a child scribbled on the board. No very helpful. Major Bi...
8802,565,4.0,1.0,0.0,0.0,0.0,she is really laid back and really hot. very trust worthy and she is hott
8801,565,3.5,1.0,0.0,0.0,0.0,she is very very hot and every once in a while i have to tell fred to calm down if you know what i mean!!!
12246,207,4.5,1.0,0.0,0.0,0.0,Chris is the mother freaking best! Especially when he lets you make a storyboard that includes Menuedo and Haggis and Sloths!
12245,207,5.0,1.0,0.0,0.0,0.0,He\'s so cool! Whenever I feel like giving up he inspires me to keep going.
12240,207,4.5,1.0,0.0,0.0,0.0,I also had him for Perspective. He\'s awesome and will help you if you go to him
12206,1089,4.0,1.0,0.0,0.0,0.0,Was a very nice and intelligent guy. I would definitely take him again.
14849,296,5.0,1.0,0.0,0.0,0.0,Great take him if you can take the heat
14768,453,4.0,1.0,0.0,0.0,0.0,Dr. Detweiler has a great way of getting a group to come together and blend for a truly beautiful sound.
14765,453,4.5,1.0,0.0,0.0,0.0,Love Dr. D. OH HOW I LOVE TO SING!!!
14752,453,5.0,1.0,0.0,0.0,0.0,"I\'m not a major, but I\'ve always loved music, and Dr. D reawakened my love for choir. He really cares about his singers, just be ready for quartets, and remember it\'s not the end of the world if you have to go in for re-sings."
3598,628,4.5,1.0,0.0,0.0,0.0,"like sitting in on family vacation slides, but his vacations insted of relatives"
15039,53,1.0,1.0,0.0,0.0,0.0,AVOID HER!!!!!!!!! I couldn\'t stand her!!! She thinks she is funny but she isn\'t!!! I wish she is dead!!!!
15019,849,5.0,1.0,0.0,0.0,0.0,mark is great. his only real flaws are that he can be a bit too smart for his own good and his clothes are all too tight.
14987,1150,3.5,1.0,0.0,0.0,0.0,"He\'s good stuff....a little odd, but alright in general (can be purdy funny at times as well)."
14966,744,1.5,1.0,0.0,0.0,0.0,She is not direct and it takes her an hour to say a sentence.
12350,1385,2.0,1.0,0.0,0.0,0.0,He wasn\'t all that great but not terrible.
12330,535,3.5,1.0,0.0,0.0,0.0,So far he seems like a good guy. Very animated
12256,980,5.0,1.0,0.0,0.0,0.0,"Rest in Peace Owen, you will not be forgotten."
10419,1180,5.0,1.0,0.0,0.0,0.0,"Ah, the zoo trip, need I say more?"
12066,840,5.0,1.0,0.0,0.0,0.0,This woman is the reason I finish college!!!! Wish they were all like her.
15124,290,5.0,1.0,0.0,0.0,0.0,"Civil Procedure is boring as hell, but since you have to take it, pick McNevin...he\'s funny and will make the material interesting"
15091,218,5.0,1.0,0.0,0.0,0.0,Christian is great! Take anything you can with him!!!!!!!!!!!!!!!!!!!!!!!!!
8097,355,1.0,1.0,0.0,0.0,0.0,"I am miserable! He doesn\'t have any idea about what is going on, so we definitely don\'t. He has worn the same outfit every class. He will bore you and confuse you. DO NOT WASTE YOUR TIME!!!!! P.S. Everybody faied the midterm."
8319,872,5.0,1.0,0.0,0.0,0.0,I love naming the top 5 presidents for her
8719,1051,4.0,1.0,0.0,0.0,0.0,looks like Dianne from Cheers and has about the same personality
8715,1051,1.0,1.0,0.0,0.0,0.0,"Rona Donahoe is flawless. She has two Fendi purses and a silver Lexus. I hear her hair\'s insured for $10,000. I hear she does car commercials.\r In Japan. Her favorite movie is Varsity Blues. One time, she met John Stamos on a plane. And he told her she was pretty. One time, she punched me in the face. It was awesome. No, really though, she sucks :/"
15074,965,5.0,1.0,0.0,0.0,0.0,"Nina is a great choir director, and an amazing woman!"
15073,965,3.0,1.0,0.0,0.0,0.0,"Personally, I think she puts to much time into other choirs and not Concert Choir. Choir was horrible because of this, and not to mention we sang all the same songs the whole year."
15063,965,5.0,1.0,0.0,0.0,0.0,I miss Dr. Nina so much. I am so honored to have sung under her.
3716,317,1.5,1.0,0.0,0.0,0.0,Unbelievable. Left class for a dentist appointment and expected us to sit around and wait for over an hour for him to get back.
3697,63,5.0,1.0,0.0,0.0,0.0,Anthony is one mean (shut your mouth!). I\'m talkin\' about Anthony (and we can dig it!)
8626,1250,1.0,1.0,0.0,0.0,0.0,"I heard she was gone, I hope so. She is not to be trusted. She\'ll be nice until you screw up and then you\'ll wish you never knew her. I have not been the same since she screwed with my life."
12149,862,3.0,1.0,0.0,0.0,0.0,"There is no offer or preliminary negotiation here, Marty stinks straight up and is rather arrogant to boot"
15239,536,4.5,1.0,0.0,0.0,0.0,"Really great as a individual...will say hi on the street and know your name. Some times very monotone, but you wont be able to hold it against him cause you like him so much."
15668,72,4.0,1.0,0.0,0.0,0.0,"I can\'t believe all these people didn\'t like him, were we in the same class? Droge totally had a point to everything he said. A lot of fun, very entertaining, hecka weird. Sorta offensive, don\'t take it personally. Really appreciated him a quarter lat"
8621,1250,1.0,1.0,0.0,0.0,0.0,"It\'s either her way or the highway. If it\'s her way you\'re fine and can be in her club. If you have a different oppinion, you\'d better invest in body armor because you will be attacked. But in her defense, I don\'t think she\'s aware that she does it. Doesn\'t change the fact that she does."
8558,138,3.0,1.0,0.0,0.0,0.0,PAs are impossible unless you are a C wizard.
15050,378,1.5,1.0,0.0,0.0,0.0,"Wants everyone to do things his way, Unfortunately the wrong way"
15401,142,4.0,1.0,0.0,0.0,0.0,"Nice person, but very odd. Knows what he is talkin\' about but he is probably the only one. I am not too sure if Dr. Lakey\'s thoughts ""generalize"" to others\' thoughts."
15399,142,5.0,1.0,0.0,0.0,0.0,Brilliant and Sexy; a combination that usually is orthogonal.
15332,916,4.5,1.0,0.0,0.0,0.0,easy to disagree with and argue ponits of disagreement
15329,678,5.0,1.0,0.0,0.0,0.0,"Julia Rocks, she is so much fun top talk to! Love the Simpson quotes!"
15317,678,5.0,1.0,0.0,0.0,0.0,Julia is absolutely wonderful person.She has the greatest big smile. She reminds me of the actress Gina Davis. She is so inspiring!
10393,249,1.0,1.0,0.0,0.0,0.0,"Runs the Chem Department like an even shorter Napoleon. The whole C Building is toxic, and he\'s been inhaling the fumes."
2524,30,1.5,1.0,0.0,0.0,0.0,She is completely rude and difficult to understand. She is not helpful nor gracious.
12181,992,1.5,1.0,0.0,0.0,0.0,You\'ll get better answers talking to a wall
12179,992,1.0,1.0,0.0,0.0,0.0,"The most unfreiendly, unhelpful person I have encountered. Why this women still maintains her employment is beyond me."
12175,992,1.0,1.0,0.0,0.0,0.0,"Just a very rude person. Why Mrs. Greig doesn\'t fire her and find a better representation of the nursing program, is beyond me. I\'m sure she\'s good at what she does, but there are many people out there that could do just as well, with a better attitude."
7898,925,5.0,1.0,0.0,0.0,0.0,this guy was so cool it makes me wanna be an asian
7866,235,5.0,1.0,0.0,0.0,0.0,I learned so much about Canada and Courtney made me feel not so worried in a new country.
15641,1041,1.0,1.0,0.0,0.0,0.0,She is not very friendly. Phyllis seems to be unhappy all the time but I was never sure what the problem was. I would NEVER take another course with this lady.
15637,1041,3.0,1.0,0.0,0.0,0.0,The most unhappiest women I have ever seen ! She does not know to smile !
15583,1006,1.0,1.0,0.0,0.0,0.0,even he doesnt know what he\'s talking about...
15581,1006,5.0,1.0,0.0,0.0,0.0,Bush is cool...but can get kinda boring at times. Overall - good guy
15498,1342,3.5,1.0,0.0,0.0,0.0,I dunno what this first guy is saying. She was the first proff to actually make me love bio. If you are interested in genetics then don\'t hesitate. If you get her style then it\'s a piece of cake. Participate even if you don\'t know.
15464,1115,5.0,1.0,0.0,0.0,0.0,Funny Guy. He loves his job. He cares
7859,235,5.0,1.0,0.0,0.0,0.0,"At the beginning its like she is hard but she\'s really, really nice."
3654,889,5.0,1.0,0.0,0.0,0.0,Dr. Neal is so awesome! He seems a little cold at first but after a while you warm up to him! he is so awesome! just sit in the front row and joke around with him! he is very personal.
8180,104,3.0,1.0,0.0,0.0,0.0,"After the first few weeks, there really wasn\'t any point in having the book."
8120,396,4.0,1.0,0.0,0.0,0.0,"a lot of work, but very good. take him!"
8119,396,5.0,1.0,0.0,0.0,0.0,I think he knows too much. You have to work hard for him.
8117,396,5.0,1.0,0.0,0.0,0.0,I think he\'s forgotten more than I\'ll ever learn in political theory. Where does he get his memory?
7559,1327,3.0,1.0,0.0,0.0,0.0,"Sure, hes hot, but also fast paced. If you dont get it the first time youre screwed. He doesnt understand that everyone isnt as brilliant as him."
7837,722,1.5,1.0,0.0,0.0,0.0,"Marxist, feminest, arrogant... Her classes are more about her political agenda than the science of archaeology. Too bad she is the only archaeologist on the faculty at EKU."
7808,202,1.5,1.0,0.0,0.0,0.0,"i once even saw his assistant/ta fall asleep and then wake up at the end drooling, he puts everyone asleep"
7794,202,3.0,1.0,0.0,0.0,0.0,Mixed feeling. He is really nice. But his voice is just too quiet and I cannot follow from time to time because of that!
15456,1115,4.0,1.0,0.0,0.0,0.0,"R. Gay was the man, what up big dog"
1282,549,3.0,1.0,0.0,0.0,0.0,Totally fake and inhuman. She kills the subject.
7968,137,4.5,1.0,0.0,0.0,0.0,DAMN HER EYE BALL SCARES ME! GOOD TECAHER.I RECOMMEND HER MEAN SELF.
7937,267,5.0,1.0,0.0,0.0,0.0,"Dr. Huntley is a doll,with a smile that dont quit.She is always fair,that is to pick on everyone. She\'s a hottie"
7935,267,5.0,1.0,0.0,0.0,0.0,Dr. Huntley is Awesome. She is extremely easy too
10835,1073,5.0,1.0,0.0,0.0,0.0,Take a class with her. It will blow your mind.
10823,1073,3.5,1.0,0.0,0.0,0.0,"She is so lucid, gentle and playful. One feels as though one were accompanying her on a joyous and novel journey through the ecstatic maze of the Phenomenology."
10816,855,5.0,1.0,0.0,0.0,0.0,Do your work and you will love her.
10784,1038,4.5,1.0,0.0,0.0,0.0,"These comments are clearly from people who don\'t want to put in the work. If you really want to major in EM and it\'s the right place for you, you will enjoy Dr R and his courses. Loves what he does and definitely gives a lot of work but it all has a purpose and I\'m better for it all."
15953,413,2.0,1.0,0.0,0.0,0.0,This guy could care less if u write a thing all u have to do is show up and say a few things and if u don\'t liek your gread jsut ask hell change it def take him its cake
15949,413,2.0,1.0,0.0,0.0,0.0,likes controversy...nothing gets done though...great personality but... nothing gets done
15941,413,5.0,1.0,0.0,0.0,0.0,"Great guy, always willing to help, would love to have him again"
15917,358,4.0,1.0,0.0,0.0,0.0,"Incredibly Smart, wayyyyyyyy left wing.. soo disillusioned with the U.S"
16285,474,5.0,1.0,0.0,0.0,0.0,"at first i didnt like her, but once you get to know her and get comfortable around her then you will be fine!"
7863,235,5.0,1.0,0.0,0.0,0.0,Wow! What surprise that Canada is very interesting.
15866,322,1.0,1.0,0.0,0.0,0.0,this guy was horrible...point blank...i would ask him a question..he would answer a different question..WACK!!!!!!!
15845,874,3.5,1.0,0.0,0.0,0.0,"A little scatter brained. Says ""Ummmm"" every sentence. NOT FOR SLACKERS! She expects the very best from EVERYONE"
15834,189,3.5,1.0,0.0,0.0,0.0,"She\'s a feminist, but not in an idiotic way. She\'s good once you get used to her style - nice."
15833,189,4.5,1.0,0.0,0.0,0.0,"I lover her. She\'s very interested in what she\'s going, and when we have group discussions she sometimes sits with us and just talks to us like regular people. I really recommend her, she\'s a great person."
15821,121,1.0,1.0,0.0,0.0,0.0,"I didnt like him. I think is was very boring. Grented it was math, but still."
3813,563,5.0,1.0,0.0,0.0,0.0,Love Mrs. Austin!! She\'s the best and she\'s very easy to talk to about anything!!! I highly recommend her to anyone
7748,467,4.5,1.0,0.0,0.0,0.0,I loved Dr. Blythe! After taking 211 with him i just had to take 212 because i loved him so much. Very nice guy.
7704,844,4.0,1.0,0.0,0.0,0.0,one of the best denison has to offer. and cute!
915,470,1.0,1.0,0.0,0.0,0.0,"Does not speak comprehensible English, you will not understand him he calls ""n"" yen and ""s"" yes and says yes after every word so when you need ""s"" he says yes yes making it impossible to understand. There are many other butcheries of the English language. He thinks himself hilarious and will laugh at his own jokes and no one understands what said."
16048,448,1.5,1.0,0.0,0.0,0.0,"Be advised, he will yell at you for shaking your leg, for looking out a window, for chewing gum, almost anything. He\'s very old and has seriously lost it. DO NOT TAKE."
10576,927,5.0,1.0,0.0,0.0,0.0,Dr. Burnham has an excellent grasp of the beauty and complexity of the romantic age of american lit.
10553,1030,5.0,1.0,0.0,0.0,0.0,good easy going guy... realy boreing tho you will fall asleep!! A++
10436,1341,3.0,1.0,0.0,0.0,0.0,Talks about her sexual actions and sex WAY too much.
2576,564,4.0,1.0,0.0,0.0,0.0,"Took a while to email back, but overall loved it!"
2533,30,1.5,1.0,0.0,0.0,0.0,"She is the devil! If you don\'t agree with her, you are wrong and will suffer the consequences."
2532,30,1.0,1.0,0.0,0.0,0.0,she was the worst professor I have ever had in my four years in college.
16422,310,4.0,1.0,0.0,0.0,0.0,Slightly crazier then a can of dried peaches.
16315,653,4.0,1.0,0.0,0.0,0.0,"Honestly, I just go to class to look at him."
16312,331,3.5,1.0,0.0,0.0,0.0,"Maybe a little scary at times, but he really is helpful and a nice guy when it comes down to it."
16298,331,4.0,1.0,0.0,0.0,0.0,"He is actually a nice guy, even though he appears to be tough."
16281,474,5.0,1.0,0.0,0.0,0.0,"I had her for aerobic walking...she\'s awesome, she would let us play basketball, tennis, anything if the weather was nice. Besides how hard can aerobic walking be?"
16278,474,5.0,1.0,0.0,0.0,0.0,HOT HOT HOT HOT (kinda short) HOT HOT HOT doesn\'t care if you\'re there or not
19707,487,1.0,1.0,0.0,0.0,0.0,"You get yelled at if you don\'t follow his order. He\'s suppose to help you, not make you feel little. It\'s self defense not a military class. All I can say is don\'t take it with him."
1186,923,5.0,1.0,0.0,0.0,0.0,very knowledgable in topics other than rocks... no bush 2004
1183,923,5.0,1.0,0.0,0.0,0.0,scanlin is the man it doesnt get cooler than him
19681,902,1.0,1.0,0.0,0.0,0.0,She is mainly interested in male students and seems to flirt and make advances at men.
293,621,3.5,1.0,0.0,0.0,0.0,Didn\'t he discover how the pyramids were built or something?
1109,1040,3.0,1.0,0.0,0.0,0.0,"HIS FAVORITE WORD IS ""CRAP"" WHICH IS KOOL"
283,621,5.0,1.0,0.0,0.0,0.0,"His enthusiasm was contagious, and I even appreciated his quirks. I still display those brass and copper mobiles in my living room. Judging from the other ratings, I was very lucky to get on his good side."
10885,329,3.5,1.0,0.0,0.0,0.0,Loved him! He totally reminded me of the father off of My Big Fat Greek Wedding! He was a little random at some points but you just had to pay really close attention.
2455,816,1.0,1.0,0.0,0.0,0.0,Not interesting very rude at times. Will not take again.
4439,298,3.0,1.0,0.0,0.0,0.0,"Okay so most people take this just for the credits, and thats all. He goes too hard"
12014,69,5.0,1.0,0.0,0.0,0.0,"Never forget to pay attention to the ""A""ness of the piece and when in doubt squish. (EWW, no... don\'t do that, did I say that?)"
11938,406,4.5,1.0,0.0,0.0,0.0,"Frank is a good man, I highly recommend him to you."
16459,969,5.0,1.0,0.0,0.0,0.0,Dr. NoJo is a genius who allows you to discover an incredible amount about yourself and the art of acting.
16456,969,3.5,1.0,0.0,0.0,0.0,"Norm is a great guy, but he plays favorites. Also, I don\'t seem to agree with his opinions on ""good theater."""
16454,969,4.0,1.0,0.0,0.0,0.0,"I LOVE NORM. He makes you find the magic for yourself, which can be frusrating, but in the end, it makes you so much more fulfilled."
16799,445,1.0,1.0,0.0,0.0,0.0,"I would not recommend her. She rambles incoherently, is unprofessional, disorganized, and condescending on top of all that. She is not motivating or inspiring..she is depressing. Definitely not worth the time or money."
7656,731,1.0,1.0,0.0,0.0,0.0,"Nobody can\'t understand and has interests what he saying. In class, Always He talks all and leave. I don\'t know why he is doing this job in Seneca."
7612,275,4.5,1.0,0.0,0.0,0.0,He is a very nice guy...I think I can live with him for the rest of the semester..
7603,588,5.0,1.0,0.0,0.0,0.0,"very nice, easy going....nice class... is he married?"
4451,1123,1.0,1.0,0.0,0.0,0.0,"Wow, what a jerk. He treats you like an idiot online and is not helpful. He makes you feel like he is way to busy to bother with you."
232,52,1.0,1.0,0.0,0.0,0.0,she is not very hot at all and she likes black boots
43,1122,2.0,1.0,0.0,0.0,0.0,he likes to talk about his cat and diareha.
16866,783,5.0,1.0,0.0,0.0,0.0,"sweetest man ever!! take him if at all possible, one of the best people ever"
3892,1310,3.0,1.0,0.0,0.0,0.0,"Sometimes you can\'t understand very well, but she makes up for it with her hotness."
11342,174,3.0,1.0,0.0,0.0,0.0,He is extremely anal about how you do things. He is also extremely cocky.
3831,236,5.0,1.0,0.0,0.0,0.0,"He is a great guy and wonderful with Glee. However, his conducting leaves more to be desired!"
16297,331,5.0,1.0,0.0,0.0,0.0,"Many know that the world was created in six days and on the 7th day God rested. What is unknown is that on the 8th day God looked down on his kingdom and was displeased, so he created Don Hood."
16296,331,1.0,1.0,0.0,0.0,0.0,"Many know that the world was created in six days and on the seventh day the Flying Spaghetti Monster rested. What is unknown is that on the eighth day the Flying Spaghetti Monster realized that all of humankind understood the concept of significant figures, so He created Donald Linn Hood."
16504,1247,1.0,1.0,0.0,0.0,0.0,what ever the person below said was absolutly right.DO NOT RECOMMEND HER EVER
19641,1230,5.0,1.0,0.0,0.0,0.0,I like him. I think he is really nice and very passionate about theatre. He derserves a little more respect than that.
16464,969,3.0,1.0,0.0,0.0,0.0,"I don\'t even HAVE NoJo for a class--he is the coordinator of the Acting program, and almost everyone seems to love him... they say he\'s a genius, so that\'s good--but they also say that if you love Norm, you hate Greg Bostwick, which is SO inconceivable."
19624,251,3.5,1.0,0.0,0.0,0.0,"if she likes you, it is a good thing, if she doesnt you are in for it.. i have learned alot from her but she is very intimidating"
41,1122,1.5,1.0,0.0,0.0,0.0,This guy is a quack! You never understand what he is saying!
10751,570,3.0,1.0,0.0,0.0,0.0,"i don\'t care what all these people say, he may be hard, but i liked him, he\'s funny in a geeky way. you just have to work hard, get on his good side, and your in like flint."
10695,513,5.0,1.0,0.0,0.0,0.0,"Dr. Rogers is extrememly helpful and if you go to him he will help you in anyway. I went to him so many times and he was so nice to me. If you show him you care, then he will help, and if you\'re not willing to talk to him then don\'t complain!"
2756,284,5.0,1.0,0.0,0.0,0.0,"Dr. G has gotten HOT over the years! And the clicking of the pen is even HOTTER! He\'s great, you won\'t regret it! Good luck!"
10961,254,4.0,1.0,0.0,0.0,0.0,VERY monotone however as others have said he is incredibly helpful and labs are really easy marks!
42,1122,2.5,1.0,0.0,0.0,0.0,Warden\'s mind is sort of like a lottery ball machine... every now and then a ball will come firing out with a small piece of information but never in a sequential order. Nice guy though.
7364,327,2.5,1.0,0.0,0.0,0.0,She is extremely nice. She just needs to work on a louder speaking voice when she gives her prayers.
16877,783,5.0,1.0,0.0,0.0,0.0,I LOVE SALVO! He\'s so nice! And a good director.
19938,261,5.0,1.0,0.0,0.0,0.0,Funny man. Tought me a lot. Good guy. Easy to talk to and work with.
16787,595,4.5,1.0,0.0,0.0,0.0,"She is fun, clear, and makes spanish fun. If you need help she is always there for you. What a sweet woman. I hope she doenst get murdered by the ghost of Prez Nixon..boo!"
19906,144,5.0,1.0,0.0,0.0,0.0,He is very funny. I would take him again.
16727,38,1.5,1.0,0.0,0.0,0.0,He is very opinionated and arrogant. His ego is through the roof.
16706,520,2.0,1.0,0.0,0.0,0.0,Tests don\'t utilize formulas or reflect the homework at all.
16653,293,5.0,1.0,0.0,0.0,0.0,"Awesome dude! Yes, he will drop the ""I really like what the author did here"" joke 100 times. No, it does not get old."
9894,425,4.5,1.0,0.0,0.0,0.0,THE MAN.. coolest guy ever. such a nice person and very helpful.
9773,274,5.0,1.0,0.0,0.0,0.0,AWESOME GUY AND EASY TO GET ALONG WITH
9768,274,4.5,1.0,0.0,0.0,0.0,"He is a generally a nice guy, and I think he really does have intentions of truly helping you."
16529,71,4.5,1.0,0.0,0.0,0.0,THE BEST!!!! its the easiest A ever!!!! I love this man!!!!
9740,134,5.0,1.0,0.0,0.0,0.0,She is awesome. I would recommend her to everyone.
12867,1101,2.0,1.0,0.0,0.0,0.0,"She has an obsession with being awkward, but I guess she is ok."
10047,909,5.0,1.0,0.0,0.0,0.0,chaney is amazing!! had him for an 8am on a monday and he made it totally bearable! he is hilarious and gives you a lot of creative freedom! take him !!
16867,783,5.0,1.0,0.0,0.0,0.0,"Mr. Salvo is the coolest! He makes the hour and a half of community go by fast with his funny jokes and silly remarks. Take him if you can, he\'s a sweet old man!"
7289,897,5.0,1.0,0.0,0.0,0.0,"I think with Wang the engine is running, but nobody is behind the wheel.."
7286,897,5.0,1.0,0.0,0.0,0.0,she is crazy- thats what is cool about her!
7259,674,2.0,1.0,0.0,0.0,0.0,Not very enjoyable. Judy is always late. Easy A though.
16865,783,5.0,1.0,0.0,0.0,0.0,"Mr. Salvo is the best. If you haven\'t taken him, do it! He\'s great!"
16864,783,5.0,1.0,0.0,0.0,0.0,"Salvo is the best, if you played band in high school, you really need to in college. Band with him is so fun!"
16851,1191,1.5,1.0,0.0,0.0,0.0,"I didn\'t think she was a good professor at ALL. She didn\'t help you out what so ever..and she says ""ummm"" WAYYY too much, which makes you not be able to stand her for too long. DONT TAKE HER."
12788,139,4.5,1.0,0.0,0.0,0.0,The most incredible man. He is an inspiration.
12704,1309,5.0,1.0,0.0,0.0,0.0,"Doc is awesome. The man seems so bland on the surface, but every once in a while, he\'ll say something that\'ll just shock you (i.e. ""eat the elephant in small bites"")"
3327,328,2.0,1.0,0.0,0.0,0.0,"There is no help here when needed, he\'s cocky and you are never right...."
16808,445,2.5,1.0,0.0,0.0,0.0,Runs around like a chicken w/its head cut off.
16806,445,1.0,1.0,0.0,0.0,0.0,"I will never take her again. In addition to the previous commenter\'s accurate complaints, she picks favorites, and if she doesn\'t like you - good luck!"
7187,686,2.0,1.0,0.0,0.0,0.0,she is so nice but so scattered brained
3803,563,5.0,1.0,0.0,0.0,0.0,she\'s really nica and will always work with you if you need help
3326,328,3.0,1.0,0.0,0.0,0.0,"Chauvinistic, favoritism can be a problem. A good guy once he gets to know you."
7485,42,3.5,1.0,0.0,0.0,0.0,Why does Dr. Andy not have a chili pepper? THE BEARD!
12689,1258,4.0,1.0,0.0,0.0,0.0,"Quotes:""COME ON, IT\'S EASY"" ""PLUG THIS GUY, THIS GUY IN !!"""
16932,863,1.0,1.0,0.0,0.0,0.0,"He\'s boring, condescending, and all he ever does is talk about black history and how horrible Southerners are. He has no concept of Southern history. You cannot argue with him at all. He is right. Period."
16892,541,4.0,1.0,0.0,0.0,0.0,"She was really hard, but she tried to help as much as she could."
16884,541,2.0,1.0,0.0,0.0,0.0,She\'s Hard! Dont take her unless your really good in Biology! She is a very nice lady though!
12649,146,2.0,1.0,0.0,0.0,0.0,"he tells you one thing asks you to do it and then totally changes his mind. He isnt helpful in the least, im not a fan of him."
16875,783,5.0,1.0,0.0,0.0,0.0,I was always treated as an insider even though I wasn\'t a music major...I still get hugs when I go back after 10 years!!!
16874,783,5.0,1.0,0.0,0.0,0.0,I love salvo he is the best... a lot better than scott garlock
16872,783,5.0,1.0,0.0,0.0,0.0,Mr. Salvo is a genuinely kind-heart and all around nice guy. He like having your Grandpa for a band director.
16869,783,5.0,1.0,0.0,0.0,0.0,Mr. Salvo rocks! He is very sweet and understanding. Also he will take time out of his schedule to help you if you need it. Highly recommended!
16868,783,5.0,1.0,0.0,0.0,0.0,Had Mr. Salvo for AU Community Band and he rocks! He\'s so funny and really makes the hour and a half go by fast. I encourage everyone to take Salvo if possible! He\'s a hoot!
837,23,5.0,1.0,0.0,0.0,0.0,Alvin is incredible! Please take him anytime you can!
2044,304,4.0,1.0,0.0,0.0,0.0,"She is really good. If you show your effort, she will pay for you."
13253,910,5.0,1.0,0.0,0.0,0.0,Critelli is out of this WORLD. He\'ll make you laugh so hard you can\'t breathe. Critelli will go over the material over and over but in different hilarious ways. I use to pretend I didn\'t understand the reading so that he would explain it again and again because he made it so fun. I would definitly take him again.
3947,364,3.0,1.0,0.0,0.0,0.0,"This lady lost my last paper, which I turned in on time. And then gave me a zero on it."
3946,364,1.0,1.0,0.0,0.0,0.0,"Yeah this (expletive deleted) is evil. SHe tried to get a friend of mine thrown out of school because of a ""mis-cited"" quote. If I were any of you underclassmen contemplating taking her, steer faaaaaaaaaaaaaarrrrrrrrrrr away."
13252,910,5.0,1.0,0.0,0.0,0.0,LOVE THIS MAN. HE\'S A LUNATIC AND ITS AWESOME. I STOP BY AND SIT IN HIS CLASS JUST FOR FUN. YOU THE MAN CRITELLI.
7293,897,3.0,1.0,0.0,0.0,0.0,"Ahhh... everything is ""wonderful"" for her.. very funny but I have no idea what she\'s talking about (0_0)"
13237,921,1.0,1.0,0.0,0.0,0.0,"Pratt should never, ever have become a professor."
7045,462,4.5,1.0,0.0,0.0,0.0,Very cool guy Mr E. is the man...
12905,1389,1.0,1.0,0.0,0.0,0.0,"If she likes you, you\'ve got it made. If not, you\'re in for it. Don\'t get too close or she\'ll make you do something for her. I\'ve never known someone to delegate all of their resposibilities as much as her. She doesn\'t do anything. Learn how to say """
3985,314,1.0,1.0,0.0,0.0,0.0,absolutely awful. how does this man still have a job here?
3978,314,1.0,1.0,0.0,0.0,0.0,"let me just say, i took his class last semester, not only was it one of the worst experiences of my life, but even now, one semester later, i still run and hide when i see him on campus. please don\'t waste your time or your sanity."
3969,585,2.5,1.0,0.0,0.0,0.0,Randomly spouts off about how sexy he is. Sometimes people just don\'t understand.
9547,1213,4.5,1.0,0.0,0.0,0.0,His door is always open. He will like you if he knows that you are trying.
9916,1003,4.0,1.0,0.0,0.0,0.0,He got carried away talking about Mullis so many times. Nice guy though.
7200,955,5.0,1.0,0.0,0.0,0.0,Nancy is awesome! She knows everything about children and will help you.
7198,955,1.0,1.0,0.0,0.0,0.0,shes aweful and has no priblem trying to embarasse you or make you feel stupid
12866,1101,2.0,1.0,0.0,0.0,0.0,if you white she wont\' help you...and what college prof marx 4 attendance?
13106,283,4.0,1.0,0.0,0.0,0.0,Just stand up to him guys!!! The reasons why he makes us do everything very thoroughly is because when you get into the real world that\'s how its gotta be!!!!! You\'ll thank him later!
2209,859,1.0,1.0,0.0,0.0,0.0,Horrible. I wonder if she even went to law school
17015,1207,2.0,1.0,0.0,0.0,0.0,He\'s the Devil incarnate. Right now I can already tell you he hates you. Evil! Avoid at all times.
17014,1207,2.0,1.0,0.0,0.0,0.0,"I was an exercise science major with the life-long dream of attending medical school, and eventually becoming the first MD in my family. Well, I went by his office several times about what I could do outside of my academia to improve my chances of entry, and to my surprise he told a different answer each visit. Reminds of a indescisive woman"
2166,473,1.0,1.0,0.0,0.0,0.0,Never responded to emails and never explained himself. Was never available or helpful.
2082,498,1.0,1.0,0.0,0.0,0.0,RUN FOR YOUR LIFE. DO NOT TAKE HIM! EVER!
6476,988,1.0,1.0,0.0,0.0,0.0,Dr. Jackson had an extremely arrogant attitude and when asked questions would snap. She was not helpful at all and would make snide remarks that made you think twice before even asking a question. Do whatever you can to avoid this lady.
12981,224,1.0,1.0,0.0,0.0,0.0,She is not helpful at all. She is not easy to understand either.
12945,1012,4.0,1.0,0.0,0.0,0.0,he is one of the most amazing people ever
7004,754,3.0,1.0,0.0,0.0,0.0,"Mr. Lyn is nice, but he is soooooooo liberal. It is very annoying. He is a democrat and wants to convert you into one. Just read his crazy bulletin board outside of his office. His office has the sti ""Always question Authority"". Watch out keep your head on and don\'t be converted into a person that is so open minded your brains fall comepletely out."
6971,86,2.5,1.0,0.0,0.0,0.0,"Great guy! If you aren\'t a smart ass, you\'ll get along with him just fine!"
6935,586,5.0,1.0,0.0,0.0,0.0,Jim Curtis is a teaching God and his son is very sexy.
17226,1155,4.5,1.0,0.0,0.0,0.0,"Ryan is the man. He\'ll demand the best from you, push you prod, you... but it\'s all worth in the end."
17209,800,1.5,1.0,0.0,0.0,0.0,has her favorites and is a tuff grader if you stand up to her or ask questions that she does not like and ay to stuck on napoleon i mean hello there is more to history!!
17127,118,1.5,1.0,0.0,0.0,0.0,He slaps overheads up and talks for hours on end. Too fast to write down.
17124,118,2.5,1.0,0.0,0.0,0.0,"All he does is put up overheads and babble on for hours about things we don\'t know about, and not in a way for us to learn. Then there\'s the random stories he just goes off on."
12937,1012,2.5,1.0,0.0,0.0,0.0,"Paul rocks. I cannot believe that none of the other raters have commented on the hotness factor. If you\'re reading translations from the ancient Chinese, it makes a big difference. Also very nice elucidation of the implicit tension between Confucianist ritualism and Hegelian dialectics. Thank you Paul."
17093,130,1.0,1.0,0.0,0.0,0.0,"does not tell you but takes marks off for wrong answers. Better to not answer than attempt. Going in for extra help will not help you, sucking up and whining will."
10198,700,3.0,1.0,0.0,0.0,0.0,"easy, that is all I have to say. he is a really nice guy"
9514,1355,2.5,1.0,0.0,0.0,0.0,"He comes in, sits down, and talks. for 2.5 hours straight. nevermind if you dont\' understand, he\'s off on some random tanget by the time you get a notebook out."
7162,1301,5.0,1.0,0.0,0.0,0.0,"Mr. McDonald puts the ""fun"" in maFUNmatics! I highly recommend!!!! :D"
17609,657,3.5,1.0,0.0,0.0,0.0,he is so not hot. i dont know what you\'re thinking. haha.. and he\'s so monotone! i sleep almost every day. hahaha
17564,1001,5.0,1.0,0.0,0.0,0.0,Most Brilliant mind I have ever met. Went from meeting you at 0 or any other place and took you to 100
17468,51,1.0,1.0,0.0,0.0,0.0,nice lady but bad advisor. she cancelled my advisment appointment and never returned my emails.
9475,1086,5.0,1.0,0.0,0.0,0.0,Gendron is awesome. He\'s so helpful and nice!
6792,347,5.0,1.0,0.0,0.0,0.0,He will do everything to help you with anything. He is a super nice and funny guy.
6722,419,4.5,1.0,0.0,0.0,0.0,"Great and very helpful. Dry sense of humor, but when he gets down to business he demands respect when talking."
9458,578,4.0,1.0,0.0,0.0,0.0,I don\'t know why this guy doesn\'t have a yellow smiley face by his name. As someone else said... he is the man.
6541,1033,1.0,1.0,0.0,0.0,0.0,take someone else. if possible. hes confused. ididnt gt him. hard to understand
6537,1033,1.0,1.0,0.0,0.0,0.0,All he does is talk about how much he hates the administration
6482,988,1.0,1.0,0.0,0.0,0.0,Dr. Jackson had an extremely arrogant attitude and when asked questions would snap. She was not helpful at all and would make snide remarks that made you think twice before even asking a question. Do whatever you can to avoid this lady.
13144,528,5.0,1.0,0.0,0.0,0.0,The other reviewers are mistaken. We only solved one kind of ODE: u\'\' + a u = b. Basic results from ODEs and Vector Calc (dot-products and integrals) are used to study physics.
13137,870,2.0,1.0,0.0,0.0,0.0,Controlling woman who is in dire need of some fun.
13114,283,3.0,1.0,0.0,0.0,0.0,Just be a smartass right back to him and you\'ll get along fine.
9343,1303,2.0,1.0,0.0,0.0,0.0,He is not nearly as helpful as he thinks he is. He is also not someone you want in your corner as he is two faced.
9675,206,5.0,1.0,0.0,0.0,0.0,"Great guy, very enthusiastic, always cracking jokes, as previously noted very nice. Would take him if you can!"
9656,1226,4.5,1.0,0.0,0.0,0.0,Started playing guitar when he was 4 yrs old! He\'s amazing.
2948,561,1.0,1.0,0.0,0.0,0.0,"would contemplate slitting my wrists during his class, just for entertainment to keep me awake...so boring"
11890,542,4.5,1.0,0.0,0.0,0.0,"Not a hand-holder for sure, but if Nodine causes you to have a mental breakdown, you probably need to reconsider your ambition to be an artist in a highly competitive and ambiguous field. She\'s tough but fair and does not cater to slackers or those who think they are special snowflakes. She ALWAYS helps those who work hard and have the guts to ask."
9651,1226,5.0,1.0,0.0,0.0,0.0,"this is the guy you go to when you want to kick ass. if your not ready, STAY AWAY, he will tear you up!"
11833,772,1.0,1.0,0.0,0.0,0.0,Worst professor at CCSU. Avoid her if you can.
11832,772,1.0,1.0,0.0,0.0,0.0,Worst professor at CCSU. Avoid her if you can because you won\'t learn.
11816,4,4.5,1.0,0.0,0.0,0.0,This man is a genius. Plain and simple.
9646,1226,5.0,1.0,0.0,0.0,0.0,Extremely Nice and Gentle~ Always smiles~ Really good at teaching classical guitar!You will Love it!!
6382,1269,4.0,1.0,0.0,0.0,0.0,Nice Guy. Hard to Hear. Will help if you need it.
10269,940,1.0,1.0,0.0,0.0,0.0,"Very rude. Is not empathetic at all, does she have human emotions? no one knows."
1877,820,2.5,1.0,0.0,0.0,0.0,"As all the others say she was lazy and didn\'t know very much (including the OSI model!) As of Summer 05 she has been ""laid-off"" with a bunch of other staff. Devry is going down hill fast..."
4128,1117,1.0,1.0,0.0,0.0,0.0,I am so glad I dont have to take him again.
4115,264,2.0,1.0,0.0,0.0,0.0,Obviously in the PSC department because it is a system of control.
17625,552,1.0,1.0,0.0,0.0,0.0,"started out invested, but then started acting like he really didn\'t care. he\'s dried up all ready!"
1875,820,1.5,1.0,0.0,0.0,0.0,I felt like I was in a sequel to the Twilight Zone.
17620,552,5.0,1.0,0.0,0.0,0.0,"If I could marry one Slippery Rock professor, it would be Dr. Lynn!!!"
9077,55,1.0,1.0,0.0,0.0,0.0,shes horrible I would never take her again
17761,1214,4.5,1.0,0.0,0.0,0.0,I am his students in China. He is very very cool!! Strongly recommend him!
9300,105,5.0,1.0,0.0,0.0,0.0,"I like her, she forgave me and accepted that a piece of scratch paper really could just be a joke."
17698,110,5.0,1.0,0.0,0.0,0.0,he is the SWEETEST old man..he will do anything to help you out. fair and very nice!
13420,956,4.0,1.0,0.0,0.0,0.0,"knows her stuff and can really make it interesting BUT, don\'t cross her..keep up with the reading \'cause she can figure out who is not reading"
6467,299,1.0,1.0,0.0,0.0,0.0,"I try not to think about her...I yelled at her a couple of times and she wrote that I have anger-managment issues. People that know me know it isn\'t true, but in her class.."
13380,1138,4.0,1.0,0.0,0.0,0.0,THE BEST!!!!!!! He will soon start teaching A&P :)
13297,743,5.0,1.0,0.0,0.0,0.0,"great workout, and she makes it really fun- if incredibly challenging."
6442,1363,2.5,1.0,0.0,0.0,0.0,"The good news: Wendy is smart and witty. The bad news: She knows it. At first you laugh along with her, and then you realize how condescending she\'s being. She has no respect for RISD and insults it all the time."
3416,1016,4.5,1.0,0.0,0.0,0.0,"Overall good guy and fun to talk to. However, his art knowledge is primarily based in the late 70\'s/80\'s and says all art is cyclical and therefor has no need to go to see any new art because he has already seen something like it 20 years ago. He claims to retire every year for the last 10 yrs and it shows so get it over with and hire FRESH."
11926,803,1.0,1.0,0.0,0.0,0.0,"evil woman, only gives you an A if you pretend you agree with her feminist/biblical agenda"
11899,542,1.0,1.0,0.0,0.0,0.0,Thinks she is the queen and we should all bow to her. I think she needs to retire or get a personality
11897,542,3.5,1.0,0.0,0.0,0.0,"The made me feel bad about myself 3 times in one year, but i think that just taught me to be more confident in myself. So she helped me out in that manner. I think she has one mind set. Its her way or the high way. I dont let her bother me, but I can\'t say i like her, actaully i dislike her a lot."
11895,542,2.0,1.0,0.0,0.0,0.0,"I would tell you to avoid her at all costs, but if your major is art thats impossible. Just keep your contact down because she is a person who will treat you bad and then make you start to believe you can\'t do something."
10965,254,1.0,1.0,0.0,0.0,0.0,"boring, couldn\'t be more monotone, SO NOT FUNNY"
10963,254,4.0,1.0,0.0,0.0,0.0,i knew him when he was still in GEOGRAPHY. back then his labs were the booster for my GPA. rock on.
13503,914,5.0,1.0,0.0,0.0,0.0,"On the one hand (men), Greek grammer is extrememly boring, especially the Machen text, on the other hand he is a super cool guy. MMelghh. Uhhhh... okay."
13471,1082,1.0,1.0,0.0,0.0,0.0,"""Dr"" Davis my hiney! He\'s just a Marxist raving lunatic."
13468,1082,5.0,1.0,0.0,0.0,0.0,dont believe ppl who say hes 2 hard he doesn\'t care he drinks the blood of babies blah blah blah hes cool n stuff
6133,983,2.0,1.0,0.0,0.0,0.0,She liked to single minorities out and ask them things about their culture. I would have felt uncomfortable it were me...
3201,96,4.5,1.0,0.0,0.0,0.0,"Wonderful! She talks fast, but you can always ask her questions. Very easy to talk to. She is cute and a sweet heart. You won\'t forget her. Take her if you are interested in art."
17642,414,4.5,1.0,0.0,0.0,0.0,It\'s very true. He\'s one of the best.
18060,150,1.0,1.0,0.0,0.0,0.0,never have I met such a cold hearted man... merry Christmas to you too bruce.
18050,150,1.0,1.0,0.0,0.0,0.0,Why were most of the recent bad reviews deleted? Bruce is probs reporting all these lol
17895,1000,5.0,1.0,0.0,0.0,0.0,WONDERFUL! very practical....she gives it to you like it is....
17837,968,1.5,1.0,0.0,0.0,0.0,i dont understand him nor do i understand his accent... did not enjoy the winter and missed hall like crazy...
3145,337,5.0,1.0,0.0,0.0,0.0,Doc is the best campbell has to offer. So down to earth an easy. Take her. You want regret it.
4070,1390,5.0,1.0,0.0,0.0,0.0,"SHE ROCKS MY WORLD!! She\'s very friendly, intelligent, and really cares about you."
4036,702,3.0,1.0,0.0,0.0,0.0,"Hi, I\'m Katherine Jones... Let me push my book in your face. It\'s fantastic."
4033,702,5.0,1.0,0.0,0.0,0.0,SO ATTRACTIVE SO SMART AND SOOOOO BRITTISH WHAT MORE COULD YA ASK FOR!!!
6259,289,1.0,1.0,0.0,0.0,0.0,I\'ll keep this review simple. DONT TAKE HIMMMM !
17780,1210,1.0,1.0,0.0,0.0,0.0,not very good he can hardly speak english or understand anything
17766,1214,5.0,1.0,0.0,0.0,0.0,"i love stan so much you have no idea. he\'s the best, especially compared to a witch like prof. cruise. never take her. never."
11515,976,1.0,1.0,0.0,0.0,0.0,"He is very selfish and arrogant. On one occasion he threatened to put a curse on everyone (NOT KIDDING). In my opinion, he puts a black mark on capital. I would strongly advise anyone considering capital summer school to avoid Arrey."
11514,976,1.5,1.0,0.0,0.0,0.0,So hard and you can\'t understand him with his accent
12599,1233,1.0,1.0,0.0,0.0,0.0,go to his clsss equal to learn by yourself....
11501,976,1.5,1.0,0.0,0.0,0.0,"Very hard to understand what he wants. The material is very difficult, but if you get on his good side he can be an enjoyable guy."
12591,1233,1.0,1.0,0.0,0.0,0.0,should avoid no help at help never get a chance to ask question
12584,1206,1.0,1.0,0.0,0.0,0.0,"Incredibly mean and heartless, constantly swears in class (""G-dammit"", ""this f-in thing here"", and more...). Just rude, crude and crass."
5926,61,5.0,1.0,0.0,0.0,0.0,Took ethics with him. He\'s basically Yoda. I would kill anyone for Roda. He\'s awesome
5876,1139,5.0,1.0,0.0,0.0,0.0,He is Gneiss as schist. We love you Mr. Coleman!! You know who this is from!
17782,1210,1.0,1.0,0.0,0.0,0.0,the guy was an a hole not only was he my prof he was my advisr the guy would sidtrak al the time in class n flirt wit grls in the clas he was corny didnt xplain nuting as an advisr evn wors my fresman yr. i went to him not nowin nutin n insted of helpin me pik clases n telin me bout them he jus circled clases n tol me to take them w/o xplainin them
12527,1026,4.0,1.0,0.0,0.0,0.0,"i love this man, he\'s one of the kindest people i\'ve ever met."
614,47,4.5,1.0,0.0,0.0,0.0,LOVE HER! you actually get a nice workout... its great :) love you gel!!
609,47,2.0,1.0,0.0,0.0,0.0,"She is very rude. If she feels comfortable with you she has no problem calling you out in front of the entire class, making you look stupid. Unless you are one of her favorites, she could care less about you, or how she makes you feel. You do get a good work out, but it\'s not worth the humiliation or the frustration."
9087,1118,2.0,1.0,0.0,0.0,0.0,"Likes to tell people they are ""Misguided"" because they disagree with his view."
592,113,1.0,1.0,0.0,0.0,0.0,Seems to get flustered on opening basic programs such as powerpoint
587,113,3.0,1.0,0.0,0.0,0.0,"very nice man, though his ego was quite apparent...rushed CSS too much"
5731,87,5.0,1.0,0.0,0.0,0.0,"still the best. take him if you must take accounting, i urge you."
18616,1243,5.0,1.0,0.0,0.0,0.0,"soooooo niceeeee, take her during the summer she is a garenteed A"
6053,149,2.5,1.0,0.0,0.0,0.0,This guy is full of himself. Don\'t bother doing the reading because it won\'t help.
9082,1118,1.5,1.0,0.0,0.0,0.0,he went against UNH handbook guidelines by giving out personal information of students to non students
18317,971,3.5,1.0,0.0,0.0,0.0,You will never forget her as your profeesor.
18304,880,5.0,1.0,0.0,0.0,0.0,if you are aiminfg for an easy A she is perfect for that...
18296,880,2.5,1.0,0.0,0.0,0.0,"Hated her at first, I thought she won the teachers lotto and thats why she was allowed to teach, *BUT* she is a sweetheart! and will go out of her way to help you...just be patient!!"
18251,546,5.0,1.0,0.0,0.0,0.0,"Jason is the best!!! Seriously, value every second you have with him. Hes wonderful."
18241,287,4.5,1.0,0.0,0.0,0.0,"Genius!!! Sorry, David Is a hottie .... to bad I will never have a class with him again"
10610,454,3.5,1.0,0.0,0.0,0.0,"Heb is attrative, but still the wild child of the business dept. He is hilarious."
2789,735,4.5,1.0,0.0,0.0,0.0,He can come off a bit arrogant but he is always willing to go the extra mile and help you. As long as you\'re respectful he\'ll work with you.
9248,1350,2.0,1.0,0.0,0.0,0.0,He was a really sweet and nice guy. Homework is really tough.
11241,815,1.0,1.0,0.0,0.0,0.0,On a power trip.Maybe they run the computer labs like he does in redChina. \'Communism comes to the Capstone\'.Disgrace to his profession.
11225,1362,3.0,1.0,0.0,0.0,0.0,"if you\'re a favorite, expect a free ride, otherwise watch out."
3471,1273,5.0,1.0,0.0,0.0,0.0,"People say she is biased towards Palestinians, but are you kidding me? Thank goodness, cause I don\'t see a lot of folks pulling for Palestine in the U.S.\r In other regards she\'s a valient professor who keeps and open mind towards other views."
3423,1016,5.0,1.0,0.0,0.0,0.0,Paul is old-school Evergreen and close to retirement. Take his class before he\'s gone! He\'s practical and no-nonsense and has a great sense of humor. He also happens to know many of the prominent American photographers from the last 50 years.
11546,291,4.5,1.0,0.0,0.0,0.0,"This man is so brilliant that he can barely explain the law to you, as he focuses too much on its inherent problems. Still, figure it out and you\'re learning from the best.."
4273,648,5.0,1.0,0.0,0.0,0.0,"Dr.Wiggity is an awesome small ensable director. Great ideas and very helpful, those of you that think he is hot need help"
4272,648,5.0,1.0,0.0,0.0,0.0,I was in his studio a few years back and I love him.
5790,977,1.0,1.0,0.0,0.0,0.0,"Contrary to popular belief, Odette does NOT rock."
5739,87,5.0,1.0,0.0,0.0,0.0,super nice guy. really explains the matterial well. I just couldn\'t wrap my head around it.
18127,1394,4.5,1.0,0.0,0.0,0.0,She\'s really fun to listen to and a good gader very lienient
13731,13,1.0,1.0,0.0,0.0,0.0,"Gives you a zero on your project if you are missing a newline or have entered an extra newline, even if the project is 99% functional. Is unwilling to help you, even if you meet him in person. I met him in person and asked what I could do differently, so he asked me what I could do differently. Wtf."
18485,360,2.5,1.0,0.0,0.0,0.0,She is nice and professional. I would recommend her
18463,786,1.5,1.0,0.0,0.0,0.0,I dont know why the comments on him got reset.. He is terrible period avopiod him at all costs..
18429,277,1.5,1.0,0.0,0.0,0.0,I had him for an internship advisor....he made me not want to do ANYTHING in psychology. He shoots down your dreams
13708,566,2.5,1.0,0.0,0.0,0.0,"Prof. Shaw was average in most areas. However, she wouldn\'t respond to my e-mails, and she doesn\'t seem particularly enthused about helping a brotha out. It is unlikely that she will make much of an impression on you, either positive or negative."
13639,647,5.0,1.0,0.0,0.0,0.0,Yeay! Best sarcasm EVER. Ask him to do the face thing.
9350,1303,4.0,1.0,0.0,0.0,0.0,"For an old man, he is fairly good looking."
18372,382,1.0,1.0,0.0,0.0,0.0,shes getting paid for this? better yet... you want me to pay for this?!
18366,382,4.0,1.0,0.0,0.0,0.0,I took her class in 1975 or 1976 just because she was so hot! Back then she had a great attitude and was great to look at.
18670,168,5.0,1.0,0.0,0.0,0.0,"I had him several years ago but what he says still haunts me to this day as I pursue a career in film: ""How bad to you want it?"""
18619,1243,5.0,1.0,0.0,0.0,0.0,She is really mean and messed uppp wen shes on her period!! but shes is great person... Her swimming class was great!!!!!!!
18698,479,1.0,1.0,0.0,0.0,0.0,"Has no people skills whatsoever. She is rude and impolite. Acts as if she gets mad when someone doesn\'t understand, and asks for her to reapeat a step."
4213,14,3.0,1.0,0.0,0.0,0.0,he was hard and picked favorites. DO NOT GET ON HIS BAD SIDE!
4200,1284,2.5,1.0,0.0,0.0,0.0,I wouldn\'t recommend Thompson. She moves extremely fast and is hard to follow along with. (Even after having 3 years of high school spanish). She randomly calls on people and often makes you look dumb if you don\'t know the answer. She\'s comes off as being a cold person for the most part.
4191,1284,2.5,1.0,0.0,0.0,0.0,She frequently calls on you out of nowhere and often makes you feel stupid when you don\'t know the answer.
5536,1388,5.0,1.0,0.0,0.0,0.0,"yasmin is sooooo sweet. she actually cares to help AND a day i was sick, i asked a classmate to inform her i couldnt make it, and she actually took time out to email me to say she hopes i get better!! you couldn\'t ask for a nicer woman."
13287,743,5.0,1.0,0.0,0.0,0.0,Kim is excellent and makes Zumba lots of fun. But it would be good if she would turn the volume down. Loud music is bad for our hearing and hers!!
18614,1243,3.0,1.0,0.0,0.0,0.0,"she doesnt get in the water, she tells u what to do and u do! Dont talk to her unless its necessary."
18602,1243,1.0,1.0,0.0,0.0,0.0,"Professor Larkin is one of the rudest professors at John Jay! Very sarcastic, rude and mean in her comments on work submitted! Avoid her at all costs"
18534,1081,5.0,1.0,0.0,0.0,0.0,Snapple face 120: you can\'t get better then Ric
18527,1081,5.0,1.0,0.0,0.0,0.0,"hes really funny and cool, I would love to take him again"
5496,65,3.0,1.0,0.0,0.0,0.0,Amazing conductor! He truly loves what he does and is so inspiring to everyone in the choir. He truly cares about each and everyone of us.
5703,791,3.0,1.0,0.0,0.0,0.0,She is definitely a feminist but an all around nice woman.
5627,1259,5.0,1.0,0.0,0.0,0.0,"She is very nice with everybody. I like her, she is understendable."
4281,75,1.0,1.0,0.0,0.0,0.0,wow he so hard!! and makes you feel stupid if you don\'t have to take him don\'t!!!!
14017,200,1.0,1.0,0.0,0.0,0.0,"Makes almost no sense, does not even come up for a breathe to allow you to ask questions. unfortunately there is no avoiding him..."
4274,648,5.0,1.0,0.0,0.0,0.0,I don\'t know what you\'re talkin bout but Dr. Weigand is waaay hot!
13891,1368,4.5,1.0,0.0,0.0,0.0,"He\'s a little insane, in a good way. He is a great friend too."
8793,565,5.0,1.0,0.0,0.0,0.0,"She is hot, funny, and I would love to...."
18784,698,5.0,1.0,0.0,0.0,0.0,She is great it is best to take during the summer 6 weeks section and she only uses 4 weeks
13813,1035,1.0,1.0,0.0,0.0,0.0,"He is really awful professor, and he does not seem like helping student during office hours."
523,589,2.0,1.0,0.0,0.0,0.0,His way or the highway. Get out while you still can.
508,589,1.0,1.0,0.0,0.0,0.0,I would have to agree with the comments below. He is really ineffective and rigid. Not very personable either. I would try to avoid him.
13807,1035,5.0,1.0,0.0,0.0,0.0,PHIL NYE THE CONCEPTS GUY (PHIL PHIL PHIL PHIL...)
487,958,5.0,1.0,0.0,0.0,0.0,"Nancy would ask us to explain some phenomenon, and we would always say ""shielding"" (which was the correct but lazy answer in every case), and she got wise and started requiring us to defend that answer. Since then I\'ve never given an answer I couldn\'t defend, in any medium, on any topic. 4 instead of 5 for defriending me on Facebook."
13755,1061,2.0,1.0,0.0,0.0,0.0,"Simply horrible. If you DON\'T WANT TO LEARN A WORD, TAKE HIM."
5492,65,2.0,1.0,0.0,0.0,0.0,"If you don\'t care about your voice and are okay with being exploited by your colleges PR department, then this choir is perfect for you! But really ... WAY overhyped. The straight-tone, blending, and the schedule are antithetical to a healthy singing technique."
18492,360,5.0,1.0,0.0,0.0,0.0,she is such a sweet old lady....she cares so much that sometimes its smothering...but its for your own good..she does give ALOT of work though.
18491,360,2.0,1.0,0.0,0.0,0.0,It is not for your own good. I was not happy with her.
1852,260,1.0,1.0,0.0,0.0,0.0,"What a dart, can you say pompous idiot? His way or the highway and frankly his way blows! sorry to all the members of daniels fanclub but you went to art school to be creative not to become little dart I mean daniels"
1848,260,4.0,1.0,0.0,0.0,0.0,hes pretty good i dont see anything to hate?? although he is a bit busy at times. but tries to help when he can...
1847,260,2.5,1.0,0.0,0.0,0.0,"i dunno...dart doesnt cross my mind,,but theres definiantly an absence of something...go to the open houses if u need help...lwll help u with info...."
1810,230,5.0,1.0,0.0,0.0,0.0,BIg up to the selektah massive inside! Rinse out Prof. J-Mack propa...gunshots! boh! boh! maximum Reeespect....
11440,250,5.0,1.0,0.0,0.0,0.0,Michaels is super awesome and super hunky. Enough said.
1794,524,1.0,1.0,0.0,0.0,0.0,RUN! RUN AS FAR AWAY AS YOU CAN!!!
2686,426,3.0,1.0,0.0,0.0,0.0,TOTALLY OUT THERE SHES FUNNY SHE SHE WILL CALL YOU STINKY AND RAMBLE IN BUT SHES GREAT
2671,616,4.5,1.0,0.0,0.0,0.0,Do I really need to say anything? Just look at the other comments. Great guy.
9160,778,5.0,1.0,0.0,0.0,0.0,21 Chili Peppers ought to tell you something!
2830,1013,1.0,1.0,0.0,0.0,0.0,He\'s kinda rude if you ask him for help and not sympathetic at all.
18864,737,5.0,1.0,0.0,0.0,0.0,THis strong woman thinks he\'s the very best!!!!
18861,737,5.0,1.0,0.0,0.0,0.0,HEY coach!!!! u rock i love you and u put a smile on my face every day that i see u!!!!
18856,737,5.0,1.0,0.0,0.0,0.0,Hade a fun day with Kerry at my house and hope to hang out with him again
18846,335,5.0,1.0,0.0,0.0,0.0,"I gave you a hot pepper, too. I don\'t know why it didn\'t show up on here...here, have another."
294,621,4.0,1.0,0.0,0.0,0.0,Didn\'t he discover how the pyramids were built or something?
5502,65,4.5,1.0,0.0,0.0,0.0,I am in Dr. A\'s Collegiate Chorale. It really does prepare its\' singers for sophomore year and beyond; hopefully for St. Olaf Choir! I love Dr. A\'s warmups and his choice of repertoire for fall semester. What a wonderful director!
5499,65,5.0,1.0,0.0,0.0,0.0,"He\'s unbelievable. So inspiring and heartfelt. His eyes just light up, and everyone sings their hearts out for him. An amazing experience."
12183,992,1.0,1.0,0.0,0.0,0.0,She is the secretary for the nursing dept. very hard to get along with. Very rude and short with you when asking questions. DOes not call or email you back. Not helpful at all. Acts like she hates her job. You get better answers calling director.
18671,168,1.0,1.0,0.0,0.0,0.0,"he can barely even speak english, hes mad confusing and not helpful at all"
18844,335,1.0,1.0,0.0,0.0,0.0,she sucked.....really bad....i didnt get any Fing help from her at all...
5010,625,1.5,1.0,0.0,0.0,0.0,"Eaaaasssyyyyyyy!!! But talks very fast, gets kind of mad when you ask questions cause you are confused. Anyways would recommend if you need credit/units. Easy A."
12460,890,1.5,1.0,0.0,0.0,0.0,WASTE OF TIME and MONEY!! Make sure your heart rates are divisible by 6 or you\'ll get docked points! What a crock!
5936,61,3.5,1.0,0.0,0.0,0.0,hes not as bad as all these ppl make him sound
5417,851,1.0,1.0,0.0,0.0,0.0,He\'s very rude and only wants to talk about how smart he is. It\'s like being in higschool because you have to show up and he yells if you need to leave early and freaks out if you whisper or your cell phone goes off.
12455,890,1.0,1.0,0.0,0.0,0.0,"It\'s Basketball, all you need to do is just show up, and show off your 3 point skills, and make it rain!!!!"
482,596,5.0,1.0,0.0,0.0,0.0,If you ask her a question she\'ll answer it.
18964,99,4.5,1.0,0.0,0.0,0.0,VERY NICE AND EASY.. I RECOMMEND TO ANYONE!
14257,313,3.0,1.0,0.0,0.0,0.0,watch out for those short shorts of his
18908,636,2.5,1.0,0.0,0.0,0.0,"omg, this guy has no clue what he is talking about, and is boring as hell."
11467,1302,4.0,1.0,0.0,0.0,0.0,Brilliant and has a great sense of humor.
11030,1189,1.0,1.0,0.0,0.0,0.0,Seems totally disorganized. Not helpful in any way. Doesn\'t really know what he\'s talking about. I was totally dissatisfied. Do NOT reccommend.
11015,967,1.0,1.0,0.0,0.0,0.0,I just dont like her. She acts like she is friendly but she is actually not. She choose people to be nice to.
11013,967,2.0,1.0,0.0,0.0,0.0,"Completely agree with one of the previous ratings : ""She acts like she is friendly but she is actually not. She choose people to be nice to."""
14247,949,1.0,1.0,0.0,0.0,0.0,If you dont cheat your an idiot. cause everybody else does.
14542,1312,2.5,1.0,0.0,0.0,0.0,He\'s too by the book and makes very rare exceptions. He\'s arrogant too sometimes.
11446,250,5.0,1.0,0.0,0.0,0.0,god is to creation as michaels is to awesomeness
19504,672,3.5,1.0,0.0,0.0,0.0,"She was nice, but way to bouncy for me. Everything had to be done her way exactly. She should realize there are different styles."
19497,672,2.0,1.0,0.0,0.0,0.0,She screamed at the top of her lungs at my class on a regular basis. It doesn\'t matter if you have a great speech unless you do absolutely everything her way and she has her obvious favorites.
19466,502,3.0,1.0,0.0,0.0,0.0,Crikey! You\'ve got a carrot in a microwave!
9080,55,1.0,1.0,0.0,0.0,0.0,COMMUNICATION BREAKDOWN DONT TAKE HER YOULL BE IN A DAZE
1777,553,1.0,1.0,0.0,0.0,0.0,I warn you - DON\'T get on his bad side...otherwise you\'re ruined.
19149,420,1.5,1.0,0.0,0.0,0.0,He was really bland and drawn out. I wouldn\'t suggest taking him unless you have to
19048,1223,3.5,1.0,0.0,0.0,0.0,He has a thought to offer..You just have to listen closely he talks fast!!!
14225,100,1.0,1.0,0.0,0.0,0.0,jerk.Not helpful at all. Don\'t waste your time & money.
4372,342,1.5,1.0,0.0,0.0,0.0,This guy is a joke. Sooo BORING!! Useless information.
4371,342,1.5,1.0,0.0,0.0,0.0,This guy is a joke. Sooo BORING!! Useless information.
14223,100,1.0,1.0,0.0,0.0,0.0,waste of money.. was not helpful at all
14078,1249,1.0,1.0,0.0,0.0,0.0,Ask her about the time she was in high school and got in a fight and ripped off another girls ear...
5070,1018,1.0,1.0,0.0,0.0,0.0,"We use DataDesk, a program he invented 30 years ago instead of something more modern. His ego is so big we can\'t use a real stat program since it was made by someone else. Makes it very difficult to get help cause no one knows how to use his program"
5061,760,3.0,1.0,0.0,0.0,0.0,He is nice and makes the cleass interesting
5060,760,4.5,1.0,0.0,0.0,0.0,This guy was just plain boring. He\'s a little sensitive too.
13884,1368,4.5,1.0,0.0,0.0,0.0,hes nuts and crazy but GREAT! He is so smart!
4835,45,5.0,1.0,0.0,0.0,0.0,Brilliant. what can I say. brilliant and an inspiration.
13881,1368,4.0,1.0,0.0,0.0,0.0,Amazing. That\'s really all I have to say.
14363,405,1.0,1.0,0.0,0.0,0.0,Just do everyone (including yourself) a favor and retire already.
4437,298,2.5,1.0,0.0,0.0,0.0,"ummm can some give ,e his email address"
4428,298,1.0,1.0,0.0,0.0,0.0,Very rude. If he doesnt like you you\'re better off not asking anything. Good luck with this stand up guy lol
14317,315,2.0,1.0,0.0,0.0,0.0,"Sometimes, I would love to get inside the little man\'s brain to see what goes on, but then I realize that A. it would drive me insane or B. I would get lost and wouldn\'t be able to get back out again and C. it really isn\'t that worth it."
14264,313,4.5,1.0,0.0,0.0,0.0,there is never a dull moment when dennis is around!
10268,940,1.0,1.0,0.0,0.0,0.0,don\'t ever expect Monica to cut you any slack. because its guaranteed she wont
19303,1162,3.0,1.0,0.0,0.0,0.0,has her favorites. dont like her much. can be very snotty and biased. shes got her pets too.
19268,1130,2.0,1.0,0.0,0.0,0.0,seriously save yourself an awful semester and avoid him at all cost. also the book is pointless and I\'m so sick of hearing him repeat himself 4928097 times. im trying to save you don\'t take this.
19237,1182,4.5,1.0,0.0,0.0,0.0,"He is an amazingly cool guy. He is very easy to talk to and even though he does not have a lot of extra time to spare, if you need help he WILL find time for you always."
10248,741,5.0,1.0,0.0,0.0,0.0,"Brilliant man, absolutely one of the best EKU has to offer. Take a class with him if you can, you won\'t regret it."
3135,337,5.0,1.0,0.0,0.0,0.0,Literally made me into the person I am today. Would not be where I am without her.
3066,103,3.5,1.0,0.0,0.0,0.0,shes good. the fredrick douglas and primary documents stuff is whak though
375,924,1.0,1.0,0.0,0.0,0.0,HE IS SO INTIMIDATING AND HE MAKES HIS STUDENTS AFRAID TO PARTICIAPTE IN HIS CLASS. I DIDN\'T LIKE HIM AT ALL AND I WOULD ADVISE ANYONE WHO GETS HIM TO RUN!!!tHERE ARE BETTER ONES OUT THERE!
374,924,1.0,1.0,0.0,0.0,0.0,"This guy sucks. trust me, dont waste your time. If you have any shred of individuality, he will put you down and glorify his stupidity. complete waste of time. He should have been fired a long, long, long time ago. Happy New Year."
19659,1332,2.0,1.0,0.0,0.0,0.0,I swear this man doesnt know any english. He also doesnt answer questions you ask. He also doesnt get back to emails you send him. He is really nice but very confusing. Good Luck if you try taking it with him.
8797,565,5.0,1.0,0.0,0.0,0.0,OMG!!! she is so hot!!!! she can arrest me any day!!!(Frisk them baby)
8794,565,3.5,1.0,0.0,0.0,0.0,If you get past her physical attributes you really learn something. Wow...what a novel concept!
14491,1004,5.0,1.0,0.0,0.0,0.0,"I just wish we would stop talking about Rennie Stennet. Otherwise, he\'s OK and he smells good too."
14489,1004,2.0,1.0,0.0,0.0,0.0,"Two personalities, a friendly face in class and nasty and mean comments through e-mail."
14452,627,3.5,1.0,0.0,0.0,0.0,"Plays favorite so just ask him to the bar or stuff like that. Also, if you\'re a hot girl = easy A."
4558,1295,5.0,1.0,0.0,0.0,0.0,"Get on her good side, she is full of connections"
19565,529,5.0,1.0,0.0,0.0,0.0,MR. Muckell rocks at being a Yank and at all other faacets of life. Anyone who can raise 17 children at once is ok in my book
14393,132,5.0,1.0,0.0,0.0,0.0,"Don\'t drive a Cadillac through the forest and you will be fine... ;) Seems hard at first, but go to class and take GOOD notes."
242,52,4.5,1.0,0.0,0.0,0.0,She a little droopy. But she is fun if you give her a chance. Very Intelligent!!
14384,153,5.0,1.0,0.0,0.0,0.0,"I find Roter strangely sexy, and I don\'t know why! Maybe I am attracted to his intelligence?"
14383,153,4.0,1.0,0.0,0.0,0.0,"I hated him for dictation, but then we got along in theory i would always make comments just to rile him up and now i love him hahah hes just funny and a really smart guy!!"
14382,153,5.0,1.0,0.0,0.0,0.0,I love Dr. Roter. He\'s funny and expects the very best from everyone and is a very active believe in us living up to our full potential.
4649,12,2.5,1.0,0.0,0.0,0.0,Not good. Goes into rages when stressed. Be careful.
4886,915,2.5,1.0,0.0,0.0,0.0,my stomach used to turn every day when i went into his class. good luck
14691,446,3.5,1.0,0.0,0.0,0.0,"He\'s not that bad. He just goes a but fast. I have to agree when he says ""Any questions?"" its kinda pointless top say that cause I\'m totally not following whats going on. Nevertheless he\'s not too bad. He could be worse."
4303,1069,5.0,1.0,0.0,0.0,0.0,He\'s the nicest man in the world!! He makes sure you understand the laws!! He wants you to be a good cop!!! He does everything to help you out!!
14629,1167,3.0,1.0,0.0,0.0,0.0,"If he was half as bright as he thinks he is they\'d call it ""Marcos-sun"""
14626,1167,1.0,1.0,0.0,0.0,0.0,If he dislikes you you\'re screwed. He never responded to my emails.
9030,318,3.5,1.0,0.0,0.0,0.0,"Funny, bit of a smart @$$ though which can make him hard to approach. Worth taking."
4704,356,4.0,1.0,0.0,0.0,0.0,"""I am mad as hell and not going to take it anymore!"""
19350,1093,3.0,1.0,0.0,0.0,0.0,Been out of college for 35+ years and still think about him. Unique and true. Changed my way of thinking about life. Sometimes a loaf of bread is just a loaf of bread.
19615,251,1.0,1.0,0.0,0.0,0.0,"Dale, why so angry? And at who? As someone who would like to engage in a great discussion of these important issues, her negativity and anger keep that from happening."
19567,529,5.0,1.0,0.0,0.0,0.0,Muckell is the absolute best. Nyack should be lucky to have him. He is honestly the only reason i ever even stayed at Nyack. The school has so many problems and is so messed up it needs more people like Muckell.
11291,216,4.5,1.0,0.0,0.0,0.0,"Chris, you rock man! I friggin\' love you!"
11290,216,5.0,1.0,0.0,0.0,0.0,I also took art 208 with chris! He\'s soooo awesome! and very helpful... chris rocks my world! GOSH!
11280,22,5.0,1.0,0.0,0.0,0.0,be patient with him and the good stuff will be there.
11275,22,4.0,1.0,0.0,0.0,0.0,"At first, he may seem a bit confusing, but give him time. He is truely one of the most caring and understanding individuals I\'ve ever met. One of OSU\'s best!"
11270,22,2.0,1.0,0.0,0.0,0.0,"This person is masterful at implying content to what he says and does. I prefer substance. Seems to have a predilection towards the avant garde, and is dismissive of many types of work he feels has been sufficiently represented historically, although his personal work looks like lo-grade 1950\'s Ab-Ex. Go figure."
14748,574,5.0,1.0,0.0,0.0,0.0,hes hot! Take him if given the chance!
14742,574,5.0,1.0,0.0,0.0,0.0,Dr. Giger is awesome he totally loves God and his conducting and teaching show that. I love this man heh.
19765,240,1.0,1.0,0.0,0.0,0.0,"I don\'t recommend her to anyone. She isn\'t helpful at all when you have questions. Plus, she is very hard to understand."
8642,1340,1.5,1.0,0.0,0.0,0.0,Horrible. She was no help and gets confused as she writes on the board.
19867,1239,5.0,1.0,0.0,0.0,0.0,"She is the best, super supportive and sweet and will do anything to help you! I highly recommend her!"
19851,1193,5.0,1.0,0.0,0.0,0.0,One of the best people you\'ll meet at FSU.
19846,632,3.0,1.0,0.0,0.0,0.0,I believe that ball belongs to Mr. Gilmore...
8757,619,4.0,1.0,0.0,0.0,0.0,"I once saw him swallow door handle. He has the strength of nine men, and can rend armies asunder with the boom of his voice. He also knows a thing or two about Charlemagne."
19830,1140,1.0,1.0,0.0,0.0,0.0,This guy is completely incompetent. Do not take any courses with him.
19818,1140,4.5,1.0,0.0,0.0,0.0,HE IS REALLY NICE AND EASY! TAKE HIM IF YOU CAN!
231,52,4.5,1.0,0.0,0.0,0.0,"shes boring and comments on the same thing over and over, like you didn\'t hear it the first 15 times..."
230,52,2.5,1.0,0.0,0.0,0.0,Eh. she\'s not bad I am glad I had intead of Ms. Whitaker.
3611,166,2.0,1.0,0.0,0.0,0.0,yeah he is hot but he is a fresh college grad. and thinks he is the stuff and thinks he knows everything and thinks we are graduate students or something...to hard and to fast
11050,351,3.0,1.0,0.0,0.0,0.0,"He has a unique attitude. You never know how he\'ll react to a situation. But more often than not, it won\'t be to your liking."
1723,73,5.0,1.0,0.0,0.0,0.0,"My favorite UVic prof. I still read ctheory, and I graduated 3 years ago."
1602,1005,2.5,1.0,0.0,0.0,0.0,"hard, but his work does have a purpose, brace yourself that c."
138,876,3.0,1.0,0.0,0.0,0.0,shes too damn liberal. i think shes a communist. she tries to politicize english. thats not the way it should be.
8916,341,3.0,1.0,0.0,0.0,0.0,Very big ego. If you patronize him and stroke his pride you will do well. Make him look good at the ASHRAE competition and he will help you. If you challenge him he will lose his temper and his ears turn red. Smart but totally vain.
5426,59,1.5,1.0,0.0,0.0,0.0,She was just really boring and did not keep my attention at all.
