review_id,prof_ID,rating,misc_d,arousal,style,hook_score,review
1369,173,3.5,0.7,0.2755935219421312,0.020000000000000004,0.16550429249652293,"hate science, he made me love it. very interesting class."
14081,1249,1.0,0.69,0.23302264936648467,0.07333333333333333,0.14826960434936218,not helpful at all.... i wish i can say something nice about her.
12152,302,5.0,0.64,0.26070732549886644,0.06,0.14423415065541964,best professor i've ever had. i want to be her when i grow up.
10220,379,4.0,0.67,0.24424664263443088,0.04000000000000001,0.14162727143167103,he makes class interesting although very challenging. i liked him so much in calc one i took him in calc two.
15816,121,1.0,0.85,0.04501090163427682,0.37875000000000003,0.13915739901799493,"i had this guy last year and let me tell you that after every class i would go to my car and start crying. he made me feel stupid, and pretty much i was board but still tried very hard!!! i was so frustrated!!! again i left almost every class in tears!"
16446,877,5.0,0.67,0.25306272480178277,0.0,0.13878431428622914,"awesome teacher. very enthusiastic, very brilliant. she loves her job, and always has everything planned out so well."
14111,181,5.0,0.62,0.2638161006463253,0.0,0.128791983334376,great teacher. very supportive and helpful. it's very clear how much she loves and respects children.
8745,619,5.0,0.6,0.26765346801031753,0.020000000000000004,0.12764739690984855,love love love best professor at middlesex county college. hated history before i took him. attend class and participate and you will get an a
18146,1104,5.0,0.65,0.22263426389740104,0.04000000000000001,0.12400741779528346,one of the best profs at plu. i graduated 6 years ago and looking back he is still my favorite.
19649,665,3.5,0.6,0.23310486852062723,0.03333333333333333,0.11375952952872143,"nice guy, loves weather... gets very excited about it. not a bad teacher at all."
16572,888,5.0,0.78,0.018910661614752706,0.41666666666666663,0.11348840626851146,"hottie!!! hottie!!! hottie!!! i sat there the entire semester dreaming about him... anyways... stat is easy for me, so that gave me plenty of time to day dream. and i got an a. i'll say it again!!! hottie!!! hottie!!! hottie!!!"
15954,413,5.0,0.7,0.11963047948448462,0.20958333333333334,0.11302377741864399,soooooo funny!!! he just wants to have fun and have a lot of debates with him... oh god! haha.. he is the coolest teacher ever i had!
4723,818,5.0,0.62,0.21194651554833557,0.04000000000000001,0.11030448783705384,i wish she was still at el centro. i miss her and they need her here. she is the best baking pastry instructor they had here.
10244,741,4.5,0.8,0.15082290234334433,0.0,0.1079200839051297,he is a great professor. he loves to sit down and meet with you one on one and is willing to help at any time.
1408,306,3.5,0.64,0.14121052310485804,0.19125000000000003,0.10657178782968732,"well, she's and interesting woman for sure! i took this class at the pinnacle of my first relationship. i came to love women and myself as a woman. i know i became more powerful inside myself, and i learned to love others more fully. my one qualm, the class is a little doomsday end of the world ish. i say take it, but keep in mind, humanity is okay"
19860,1239,5.0,0.64,0.12617343809560166,0.225,0.10492080030494805,"most beautiful professor ever! i guarantee i miss her more than anyone. summer is so smart, down to earth, smokin hot, and really funny too. all of her lectures were great but the one on cmc and wbts were my favorite. i hope i see her again on campus but her modeling career has taken off!!!"
6478,988,3.0,0.87,0.10381502985340431,0.0625,0.10199519399239734,"love doctor jackson, if you need to take 301, take it with her! great teacher!"
15039,53,1.0,1.0,0.0,0.29000000000000004,0.1015,avoid her! profanity i couldn't stand her!!! she thinks she is funny but she isn't!!! i wish she is dead! profanity
11263,1323,4.5,0.71,0.15719175927776327,0.020000000000000004,0.09822880921889841,"i love, love, love doctor snider. he is so slick and neat. he is extremely helpful and makes chemistry so fun and easy to relate to. his take home tests will make you want to die, but other than that you will love your life if you take him."
16075,601,2.5,0.93,0.00615055399645923,0.29375,0.09772455238915556,oh man. i don't know how she got such good ratings. her voice makes you want to... hurt... things. every seen mrs doubtfire? she's like a mix of that and julia child. makes it hard to focus and i think she does it on purpose! i don't mean to be hateful... but you need the facts. don't take her. definitely. i even got a b and i'm sayin this!
14908,934,5.0,0.6,0.17289307323291683,0.10250000000000001,0.09702663250210766,"she's easily my favorite professor, she's understanding and helpful and a relatively easy marker. intro was hard, but past that she eases up and gets to know you quickly! i love all of her jewellery!"
18801,556,5.0,0.64,0.1526046143146886,0.10458333333333333,0.0968748958624539,best teacher and a great friend still today. quite an ex hippy which is fine with me! profanity i love doctor zorn...
10162,365,3.5,0.63,0.1849823731120008,0.020000000000000004,0.09600020930348747,she is good i actually like her she is not that bad and tells you what exactly is on test
16453,969,4.5,0.61,0.17931387039388294,0.06,0.09543458182072934,"hard teacher, but all of his pushing is so you can find the better you. he gave me a really hard time and i thank him for it. love, love, love me some norman and his wrestling boots."
9071,55,1.5,0.68,0.13685427443598655,0.09125,0.09464869880396047,"this woman is awful. i have liked every teacher i have had at neumann, except for her. she is rude and unwilling to help, and she makes no sense whatsoever. the work is hard and she has no desire to help you through the class, i've tried numerous times. bottom line stay away from her classes if you can!"
12758,182,5.0,0.8,0.08476788812933803,0.13375,0.094151261556162,i love carol! she made me laugh. she tells you exactly what she wants from yuo in papers and that's really all she wants! she's very straight forward about grading!
5944,895,1.0,0.62,0.1924414327772364,0.0,0.0939476921323926,"she is horrible, never answer email and horrible at explaining. not a good teacher to take"
6755,465,4.0,0.64,0.15418203979707787,0.0825,0.09372520437610388,"mann, is great! it's a hard class but i love it!"
19427,600,3.0,0.82,0.11861079244347188,0.020000000000000004,0.09327123645274686,good teacher but personally i like ms muroski at hazleton better.
60,155,4.5,0.6,0.16507612003684427,0.1,0.09298697770517927,"he was my teacher for years. he knows alot about deaf culture, history and linguistics. i loved having him and it was a lot of fun. it was very educational for me. if it werent for him, then i wouldn't be able to know a lot of things because i am currente"
1977,64,5.0,0.86,0.1086971040608323,0.020000000000000004,0.092272049152069,"everything professor zoccolillo says is admirable. one of my favorites is, it's about living in a world where our lives and our assumptions about each other intersect, and yes, crash, and how we live and love and hurt and hate each other and ourselves."
1502,1032,5.0,0.74,0.06407031110874156,0.225,0.09091542104642358,"i love peter kuhlman! if i could chemically make a baby with him i would! best professor ever. he's so understanding, and is always there to help. i wish he taught all my classes. ps check out the paint!!"
7181,686,4.5,0.65,0.17099243604222458,0.0,0.08960803100482151,she is very helpful at times. she is also very funny but she can also be dingy.
12021,1146,5.0,0.65,0.11940751353384098,0.14500000000000002,0.08917049257476262,she is the absolute best teacher ever! i love her! she's really funny to! you're the best doctor mirabella! profanity
17888,1000,5.0,0.61,0.15806801596576295,0.0825,0.08906436942143638,"i love mrs yancey. she is so funny! class notes come in handy for the tests, but other than that her class is a lot of discussions. she is from mississippi and makes fun of herself and her family a lot, which is refreshing. take her if you can!"
18070,398,5.0,0.69,0.09765854215809962,0.1625,0.08857198861490913,"i love her! my boyfriend is in the navy, and when i asked for a week off she told me this class is all about relationships, enjoy your week with your boyfriend. my favorite teacher by far! she is amazingly kind hearted, sweet and caring. not to mention interesting, hands on projects, clear instruction and manageble work load."
6508,918,5.0,0.64,0.0950906113692636,0.22083333333333333,0.0882597263543963,he is so awesome!! funny and cute!! explains all the course material!! very interesting...
13408,450,2.5,0.71,0.11137514259406447,0.1,0.08756990009430198,"i really love this teachers enthusiasm, but the subject still bores me. be ready for his long useless talking about nothing, but try to enjoy his sense of humor if you can. study please, i wish i could fix my grade."
4303,1069,5.0,1.0,0.0,0.25,0.0875,he's the nicest man in the world!! he makes sure you understand the laws!! he wants you to be a good cop!!! he does everything to help you out!!
14576,1373,2.0,0.6,0.16614309220751994,0.05333333333333334,0.08589181420035996,his lectures put me to sleep. he needs to be a little bit more exciting...
15165,617,5.0,0.87,0.1046562555445784,0.0,0.08492666521948533,amazing professor. love his tight jeans and boots love his discussion of cows even more.
19883,1028,5.0,0.6,0.15462258114969538,0.08000000000000002,0.08487530585210191,"i took him for a hybrid class and at first i honestly thought that i was going to regret it because he seemed tough. after the first few assignments and in class lectures, i was really liking the class and him as a professor. he is a super cool guy. he loves to focus on music and artists that he likes. the topic papers are different and interesting"
16556,1179,4.0,0.64,0.15159302665409052,0.04000000000000001,0.08478362964689436,"this guy is extremely genius but i came to realize this at the end of the semester. so, just have a positive attitude from the out set and take him with no hesitation. trust me you are going to love logic for the rest of your life."
1878,820,1.0,0.69,0.12650054942760774,0.06,0.08454097927315364,"horrible professor, lazy and doesn't have a clue how to teach. is this the best devry can do. i wish i had of known about her before hand, then i would not never came to devry."
7800,202,1.5,0.69,0.14012323575055943,0.020000000000000004,0.08432471928039699,"he really loves film, but he makes you hate it. he can talk forever and he can really put you to sleep. for anyone who loves to sleep, i recommend this class."
300,621,1.5,0.67,0.12561486570104635,0.08000000000000002,0.08424525507338057,"worst art teacher i have ever had. loved himself. discouraged all creativity. we disagreed on one project and he was unbeleviably rude to me, and because of our disagreement he almost failed me. r dont ever take a class with this teacher. r awful. im and art major, and i have never been so disgusted."
10150,718,5.0,0.64,0.0666081925166917,0.2783333333333333,0.08398072790187948,"oh my, i only have good things to say about her class. i was dreading comp ii, but she made is soooo enjoyable... take her!! i have always hated writing and all that kind of stuff, but she made is relatively fun for me! and i got a good grade!"
8797,565,5.0,1.0,0.0,0.23875000000000002,0.0835625,omg!!! she is so hot! profanity she can arrest me any day!!! frisk them baby
7387,1045,2.0,0.69,0.0761968006796629,0.19625,0.08304145786776408,"horrible, horrible professor! she hardly every smiles and when she does it's very rare because 90 percent of the time she is yelling at her students like they re children! be prepared to feel like an idiot if you don't have the answer she is looking for! she is by far the rudest lady on the planet! i can honestly say i hate her!"
15803,431,4.5,0.8,0.07898398876756232,0.10458333333333333,0.08270815134231929,"no joke, i developed a crush on him because he was so passionate about his work, his students and the environment. awesome guy! wow. i actually miss attending his lectures..."
14506,1143,1.0,0.77,0.0639951798564614,0.165,0.0822598405534365,"i felt so discouraged after this class!! i always thought when things are a myth there is no right or wrong answer, sorry but to him there is only his right!!"
12200,1089,5.0,0.77,0.011783121021200384,0.31416666666666665,0.08225732333513748,doctor sambrook is awesome! you have to take the time to build a relationship with him! he is shy... talk to him and he will talk back! i went the whole summer with him to ecuador and had an absolute blast with him! he wrote me the most touching letter of reference so i could become a teacher! if you are bored... you are boring!
1512,320,3.5,0.71,0.09387118820175995,0.1225,0.08180931425162837,"i took him for an fys and i thought he was really funny! his laugh is hysterical! i'm not an english major, so he might be difficult. he wasn't that hard for the fys."
11558,1178,5.0,0.6,0.1679700443598687,0.020000000000000004,0.08131872814691334,i adore this man. so awesome. such a great professor.
11003,907,5.0,0.67,0.10734625677410387,0.11583333333333333,0.08110449321217893,"this guy is soooo funny! always making us laugh! he's very helpful when you need his help, too. if i had one word to describe him.... quirky"
5553,180,5.0,0.71,0.08774142797329121,0.13375,0.08049778002672164,"awesomely easy to understand, she's good at making you understand. she says things to grab your attention. she's funny, and easy to work with! i would recommend her to anyone!! she my favorite so far.."
16069,601,4.5,0.6,0.1583073625796928,0.04000000000000001,0.0800812254840088,she is a wonderful person and i love her enthusiasm passion. super sweet and willing to help you in any way. the class was fairly easy. my only problem with her is that she is easily distracted and loves to ramble on. she will spend half of the class talking about something completely unrelated to what we are supposed to be learning.
18389,1333,4.5,0.64,0.13683996517649558,0.05333333333333334,0.07961939550369906,she keeps class fun and interesting and thats not easy to do with any lit class... plus i was one of the clowns that was always being stupid in the back of the classroom and she would let us get away with it as long as we were joking about the reading and the ssshhhhhhhhhhing girl in the back. u would understand if u took the class.
10115,1011,5.0,0.61,0.1561408015979257,0.03125,0.07960031830528023,he was a great professor really knows his stuff. he absolutely loves the civil war and is very fond of it. highly reccomended!
11697,295,1.0,0.84,0.04899800654931531,0.15375,0.07915100398783041,"horrible!! run away, now! worst professor and class ever. i thought it would be really interesting but i was wrong. i never thought it was possible to make something so boring."
5919,162,1.0,0.61,0.10945933839943581,0.16000000000000003,0.07882900339070531,"this woman is extremely rude and hateful. the first day i ever attended school at vol state, i was lost and sent to her to ask her where i should go for my art class. i knocked on her door, and she proceeded to rip the door open and tell me off in front of her class for interupting her lecture. i was mortified. she ruined my first day of college."
4040,219,5.0,0.62,0.1470497928615413,0.04000000000000001,0.07862265490018434,"very flamboyant, fun, and direct personality, which i loved. she is very serious about you taking the time to learn, but learning a language is hard and she is preparing you to talk, write, and even sing in spanish. attendance is extremely important and i would also recommend doing the extra credit which will help you towards the end to get an a."
19532,687,2.0,0.71,0.1012681088262076,0.08458333333333333,0.07829520700661428,"she acts like questions take up her time why are you teaching?. she'll say something along the lines of well, i'm right in the middle of something, but if it's fast... then laugh like you misunderstood her standoffishness and shes really"
12661,390,1.0,0.62,0.10471341062896897,0.15625,0.07781768957586359,absolutely aweful!!! uncooperative and unwilling to help students! set in her ways and overdue for retirement!
16468,676,1.0,0.68,0.12420330414565872,0.04000000000000001,0.07749644762906031,"by far the worst teacher, i have had. wish i paid more attention to her reviews. majority are 100 percent accurate, save yourself the headache."
5322,430,5.0,0.7,0.12524984583090057,0.020000000000000004,0.07745371166540606,"great professor. loved her so much i am taking her again for lit 204. easy grader, wonderful personality. highly recommended."
18097,618,4.0,0.69,0.09923269827245638,0.09125,0.07518112343608402,"i loved charelsworth. he is really funny and his topics are intresting, they are easy to follow if you pay attention. he had a few fun feild trips where we got to go and look at the sky and you could get extra credit just by watching a space video! i loved the class. plus the book is really cheap because he made it, i think it was dollars 15.00"
13291,743,5.0,0.65,0.02657427033110132,0.33208333333333334,0.07483567756722972,"i took zumba with her... now like 3 times. it is my favorite class ever!!! i haven't taken many other zumba instructors but as far as i know, she is one of the best. super energetic, always fun, puts you in a good mood, and makes you sweat like crazy!!! you get a tough but super fun workout each time. take it! you don't have to know how to move danc"
13255,910,5.0,0.79,0.051622597320927846,0.15375,0.07403308382836274,"i would take his class a hundred times!!! the most hilarious man i have ever known. if it came down to hanging out with friends or going to critelli's class, i would not hesitate to cancel plans with friends."
2659,616,5.0,0.76,0.0975265996207673,0.04000000000000001,0.07389224294407425,seriously in love with this man.. he is so helpful and caring. best professor i've ever had. i highly recommend him.
8531,421,3.5,0.63,0.10756408570271714,0.11375,0.07369521922536232,"i love doctor phelps! if you take the time to go to his office hours, he will help you with anything you need! he helps a lot with homework and even exam questions. he does tend not to teach much during class but he makes up for it during office hours!"
19343,281,5.0,0.65,0.13295689788971365,0.020000000000000004,0.07334395798854625,you either loved him or hated him for the most part. i loved him as a prof
13499,914,5.0,0.64,0.1108735119013186,0.09125,0.07311923809347512,"i'm pretty sure i took every class this man taught. he's a great professor and a very nice man. he will answer any question you think to ask. and definitely go to greece with him, it was one of the best experiences of my life! love, from a member of the animal group."
10401,1263,5.0,0.62,0.12828272003881844,0.06,0.07287810540845253,"i really liked her. i had her twice, and she made me think. she does play favorites however, but if you participate she will like you. she is more about the thought behind things than the technicality of the work you do."
16875,783,5.0,1.0,0.0,0.20708333333333334,0.07247916666666666,i was always treated as an insider even though i wasn't a music major... i still get hugs when i go back after 10 years!!!
12733,35,1.5,0.65,0.12410031194642773,0.04000000000000001,0.0723710201521147,"terrible. just god awful. i have always understood math but this man just ruined it for me. quizzes are huge and don't even go along with the homework.. no matter what, avoid this teacher. he's extremely rude and talks down to his students. overall just a mean guy"
18465,1298,3.0,0.65,0.1379608845309787,0.0,0.07229795366768031,"he's a little man with a gigantic ego. loves to hear himself talk. definitely knows his stuff, but a poor teacher. very poor."
11563,1178,5.0,0.61,0.07407958116869144,0.21625,0.07135281612671472,"this man cracks me up! i absolutely love going to his class everyday! he is an awesome teacher! i think everyone needs to take a lit class with him! yah, go discussion board!"
18238,287,4.5,0.72,0.10895930681800403,0.020000000000000004,0.07084420893449461,"loved him. he rocks, so nice. he's kind of awkward but the best type of awkward. saw him downtown oly so that's cool. he is opinionated but doesn't force his ideas on you. i liked him."
19203,225,1.0,0.69,0.12338640992287968,0.0,0.07071979029473768,"easy class but she is rude, not helpful at all, tells you your answer is wrong and let's that be that. the lectures can be a bit confusing but the math is not hard to comprehend. take her if you feel comfortable with the subject must take it, but she is kind of awful."
8762,619,5.0,0.68,0.08285139868730634,0.1225,0.07050011815341431,"he is the greatest teacher he has such a passion for teaching! cumberland county stinks for not hiring him, i am taking my dads money else where! ps he has a nice arse. i wanna touch it"
11897,542,3.5,1.0,0.0,0.2,0.06999999999999999,"the made me feel bad about myself 3 times in one year, but i think that just taught me to be more confident in myself. so she helped me out in that manner. i think she has one mind set. its her way or the high way. i dont let her bother me, but i can't say i like her, actaully i dislike her a lot."
2102,484,3.5,0.87,0.006407154565652779,0.2275,0.0698135429257359,"mr quereshi is awesome!!! he was easy. i never understood what he was saying, but i'm also from an area in which people only speak english. he really tries to make you understand. he is pretty funny and has a great personality!! he never responds to emails, though. if you can, take him! profanity"
7359,327,3.0,0.88,0.012432475326358508,0.20500000000000002,0.06949374237901901,"she is horrible, worst spanish teacher ever!! i am a native speaker and she made me hate taking spanish. she has favorites too which is stupid, and because i spoke spanish well she automatically assumed we would be buddies. i don't think so!! just put this weird lady in her place and you will have no problems. just take phil."
11290,216,5.0,1.0,0.0,0.19833333333333333,0.06941666666666667,i also took art 208 with chris! he's soooo awesome! and very helpful... chris rocks my world! gosh!
2043,304,3.5,0.62,0.12002038294725681,0.0625,0.06927169248198253,she is a very nice teacher. most classmates likes her. she give the people good mark!!
1001,259,5.0,0.91,0.051789702901155525,0.08000000000000002,0.06926421817480953,"i thought he was weird at first, but i grew to love his weirdness. i love his sarcasm. i only pay attention to catch the few sarcastic jokes he throws out. good guy. teaches clearly. he also makes funny faces without noticing. he's super interesting haha"
12438,451,5.0,0.69,0.09038810363975806,0.08458333333333333,0.06877441525662138,"i thought she was fantastic. organized, thorough and fascinating. she was very punctual, always let you out early and was very clear on expectations. if you are one of those idiots who can't follow concise directions, or can't leave your phone alone for 45 minutes... do us all a favor and don't take her. if you can, you will love her!"
14031,1387,5.0,0.67,0.09255815471277487,0.09375,0.06875560341633327,"she is hard, but a lot of fun! definatly do the reading!!"
20000,316,5.0,0.76,0.09640200299504002,0.020000000000000004,0.06850927000549058,"extremely easy lab teacher, quizzes are a little difficult though. hes always there to help you and he is also very entertaining and loves his profession, which is hard to find, so the labs aren't bad, i would take him again."
19035,1223,3.5,0.72,0.08698446020370527,0.07125000000000001,0.0683776313485035,mentally the best professor i have ever had. he pushed my mind to new creative levels. love him! if you open your mind to him you can only gain.
12252,980,5.0,0.8,0.06716873313270803,0.08000000000000002,0.06809720211752696,"owen has been my favorite teacher at missouri state. upon writing this, i've discovered what has happened, and i am deeply saddened. owen was an outstanding person, and it is a great loss to missouri state and the world alike. i'll miss you, owen."
4350,1021,5.0,0.61,0.10288459067869432,0.11375,0.06798449427979178,she is the so great! very helpfull and a loving personality! i'm even taking her 122 class for spring. its hard to get in her class b c it get filled quikly so hurry if you want her strongly recommend her!
15071,965,4.5,0.78,0.06276280531717804,0.10250000000000001,0.06794934969737598,nina is the coolest person ever! i loved taking her class and i loved the music we got to sing. it was great!
11462,1302,5.0,0.67,0.09323020691109231,0.08458333333333333,0.06736465957647701,charismatic... can make jokes at himself and others. one of the best guys i've ever met. he infuses a love of cinema in you!
12650,146,3.5,0.64,0.12412304686618532,0.020000000000000004,0.06713499999548687,i can't believe he does not have a hot pepper cuz this instructor is hot stuff. he can teach too. fun class and funny guy.
14414,532,1.0,0.61,0.08717866492268314,0.15333333333333332,0.06710226952931976,i had the worse experience with this professor out of all of my communication professors. he doesn't explain his material and is very unclear on every subject... i wish i had known about this site before i took him because he is the worse. and to add insult to injury he has the nerve to make us writ in apa style and he doesn't even know what it is. i
11243,815,1.0,0.63,0.11624017647376733,0.051250000000000004,0.06709514429130731,omg! hard 2 understand. he seems knowledgeable just kind of unreasonable as a teacher. i would not take another class with this joker ever again. terrible overall.
1810,230,5.0,1.0,0.0,0.19166666666666665,0.06708333333333333,big up to the selektah massive inside! rinse out professor j mack propa... gunshots! boh! boh! maximum reeespect....
9698,1029,1.0,0.63,0.10805619072170138,0.07125000000000001,0.06650309577055916,"arrogant arrogant arrogant! this man is possibly the most arrogant assh i've ever met in my entire life and has zero people skills and basically doesn't admit when he makes a mistake. absolutely no help, arrives late to class, yet has expectations that you are on time and professional when he clearly is not. he should be fired immediately."
11594,836,4.5,0.62,0.08509686880295575,0.14500000000000002,0.06631887750608803,i love her!!! we get along great she is a wonderful teacher! profanity
10047,909,5.0,1.0,0.0,0.1875,0.06562499999999999,chaney is amazing!! had him for an 8am on a monday and he made it totally bearable! he is hilarious and gives you a lot of creative freedom! take him!!
5203,258,3.5,0.62,0.13431034396516284,0.0,0.06556876376846146,"knudsen's class was pretty cool. he's a nice guy and pretty funny, too."
1933,1145,1.0,0.93,0.009209079162361715,0.18000000000000002,0.06476140013296805,"me very hard working student and i take things very serious. she is 2 cold and her way is right way. her thread discussion is plain useless and waste of time 4 every1. i would not recommend anyone 2 take her. if i ever have her again in my wildest dream, i swear 2 god me going 2 drop out of her class 4 i breath with the same air as she is. i hate her"
762,1025,5.0,0.6,0.08985787346640475,0.13999999999999999,0.06453530777101947,i took this class online. i loved the program it was in snap. i knew exactly what was expected of me every week. i do not like the fact that the weeks are locked until current. sometimes i want to work ahead and cannot. she is totally responsive and very encouraging. she grades fast and is fair. i recommend this class for sure.
14857,296,5.0,0.68,0.09220482203052648,0.0625,0.06396938921375943,"this is the best professor ever! if you don't love him, you are a lazy incompetent waste of space!"
298,621,2.5,0.64,0.12411449177098274,0.0,0.06354661978674317,"do not be fooled by his seemingly nice appearance, he is an evil, self absorbed, tyrant. professor galt is much better and more open minded."
4729,818,5.0,0.88,0.031023970821001463,0.13125,0.06353270803229087,"best teacher ever! my fav. she's always watching out for me, and always there for me. she's always in my heart and on my mind"
7497,42,4.5,0.69,0.0769038862930806,0.09583333333333333,0.06330264693803468,"andy's one freaking awesome english teacher! 191 is designed to allow you to use and experiment with different kinds of media and andy asks you to do all of these... butt crazy things that you don't really understand why you're doing it, but at least it was fun and unpredictable! workload is kinda heavy, but if you keep up with it, you'll do well."
13257,910,4.5,0.62,0.0649103150988222,0.185,0.06329867320616867,i took his class becasue of the comments on this website. i couln't be more glad. love his sense of humor. very considerate of the working adults. didn't get to talk to him personally but i could tell he's a great person who cares. class challenging but great! would take him again in a heartbeat!!!
18882,839,3.0,0.67,0.08715238615420152,0.08000000000000002,0.06315171451406637,"i'm surprised to see that people had a positive experience with doctor fressola. she is disrespectful and condescending towards students. as someone whose original background is in teaching, her behavior is appalling. my dislike for her and her contempt for us did, however, motivate me to refuse to ever fail her exam. i passed out of spite emoji"
1846,260,1.0,0.68,0.052348484075270846,0.17125,0.06296350827615195,only had one class with him... he basically mentioned that you couldn't use clay.... he didn't feel like it was sculpture... too bad for you... too bad for uvic.. you lost a sculpture student... but i will continue with my clay.. phew on you!
12443,890,4.5,0.68,0.07930236635424226,0.09333333333333332,0.06278578039231317,"this guy has the easiest job i have ever seen... but he is a cool guy though so i would take this course with him. all you have to do is walk laps the whole time and you will get an a. he sweats alot, and ive never seen him work out, i find it funny"
12353,1385,5.0,0.94,0.017299239035135566,0.14666666666666667,0.06254924286305949,this man is amazing. sheer wisdom. love at first sight... that's all i have to say. i wish i could take chinese for the rest of my life. oh... and he tells the absolutely best jokes.
7514,172,1.0,0.61,0.09727661409234119,0.09375,0.06197773613190019,"worst. professor. ever!!! he was so boring, he didn't listen to students, and if anyone talked in class, he put them down. if you went to his office hours, he's always late and he won't respect your point of view he will argue with you and make you think you're wrong."
11894,542,5.0,0.62,0.11238549486703896,0.04000000000000001,0.061699943668124535,"i adore ms nodine. you earn whatever grade you get in her class, and if you are really trying you will be proud of what you create with her. she is always willing to help, don't be afraid to ask. i know she can seem a little intimidating at times, but look past that to one of the best professors and artist in the state."
3813,563,5.0,1.0,0.0,0.17625000000000002,0.0616875,love mrs austin!! she's the best and she's very easy to talk to about anything!!! i highly recommend her to anyone
6275,963,4.0,0.68,0.10952395112897005,0.0,0.06141471938940331,"great guy, always willing to meet and help out. super funny, made class worth going to. wish he was still at lu."
4465,1123,2.5,0.84,0.04694845579035053,0.09375,0.06140578372509967,"ware is rude!! does not follow his schedule, very opininated, if your opinion isn't the same as his, you are wrong and he will make you feel really stupid. likes to brag a lot about anything and everything. tests are hard! lots of busy work"
19531,687,5.0,0.63,0.079967206674564,0.12,0.06098933552659547,i really liked kaci. she taught pretty well and i felt like i got a good grasp of the subject. i really thought she was hot so maybe that had something to do with it. i could not take my attention off her.
18367,382,1.0,0.64,0.03417362366928776,0.24250000000000002,0.06095289531867533,"the worst french teacher ever. my wife, who is a native french national laughed everyday.... because i was literally being tought.... nothing! i learned more at home. i paid for this class?.... aviod this one guys. don't let the other posts fool you. its confusing and ridiculous. not easy either."
15070,965,5.0,0.69,0.05257120974966533,0.15333333333333332,0.06089098747760948,"ok, not the most amazing conducting ive seen, but i was spoiled at my previous college. i dont think she spends enough time with concert and i think she does play faves sometimes... but who doesnt. i like her, and am interested to see how my years at cmu play out"
19116,475,4.5,0.93,0.03178730288351575,0.10250000000000001,0.06068358053846318,"i like her! she does talk very, very fast lol. but she is entertaining and doesn't out me to sleep! very smart, smart woman. funny too, some of the stuff she says is so off the wall and out of nowhere when she does to make a point but it's like lol, that was funny."
12581,1206,2.0,0.71,0.05850270178804995,0.1225,0.06064988262378274,"i did not like him at all! i rather have a hard shenbagh,,, than an easy poemro.. i did not learn anything in class!"
6712,755,2.5,0.84,0.024183530349322385,0.15375,0.06004701578094959,"don't take schibig if you don't have to, take mann. this guy only cares about tennessee chesnut trees? how does that relate to a and p, i don't know. all test came from powere point. and he reads that power point word for word! very boring! ugh, and i liked this subject before i met him."
7655,731,1.0,0.68,0.012079042121669405,0.27,0.05976338414769236,i never ever had a professor like him. he is not a fair marker. he will give marks who will listen his own unuseful story?????????
11408,476,1.0,0.82,0.01950483471957903,0.17375000000000002,0.059638960730667705,"the worst teacher i have ever had. do not take him!!! he failed me, he has no mercy. good luck if you do, i am going all the way to ambler, so i don't have to take him."
19181,798,5.0,0.67,0.08754338088510938,0.06,0.059527212860954595,she has a very strange sense of humor but i found her very funny. she's very kind and always willing to help. i would definitely take her for other classes if i could.
9966,112,5.0,0.83,0.07156700478499332,0.020000000000000004,0.0594096967242975,i loved him so much. hes so great and approachable. fair grader
10486,573,5.0,0.61,0.10596341501446445,0.05333333333333334,0.05937691535855472,"i liked him, but closed minded at times. he came from left field at times and condescending. take him. easy essays, follows book... and will not let you sleep in class.."
7954,137,3.0,0.73,0.07630371036056449,0.05333333333333334,0.05923418976208632,"good teacher.. tough grader...4 essays for mini semester classes. she will tell you straight up in you face whatever you need to do and i loved that about her. just take her and dedicate your time your in college for reason. you will learn,"
7414,926,5.0,0.65,0.036035380546093204,0.21875,0.05900655376685774,"hi katz and kittens! mz. serra is the best teacher period! if other professors followed her exemplary way of teaching more students would love learning. but, alas, mz. serra is a cow! no really! she is a cow and oh so totally hot at the same time!! mz. serra however is not an easy a. she is a fun a!"
17962,519,5.0,0.71,0.0766311291601484,0.06,0.05840847069476927,"he was probably one of the best teachers i've had so far he was clear and enthusiastic. however, i heard from a professor that he had passed away a couple of weeks ago, which i sadly confirmed through an online news article on legacy. com that said he had passed on 10 19 2011. he will be dearly missed."
10337,875,5.0,0.6,0.11438698610971983,0.03125,0.058245557708993714,"theres not really much to say about her besides she is an amazing teacher. she loves what she does and when she starts to get in to it you can see her eyes light up. she is incredibly sweet, and will help you if you fall behind. tests and quizzes are open book, and the semester project is big! but worth it in the end."
375,924,1.0,1.0,0.0,0.165,0.057749999999999996,he is so intimidating and he makes his students afraid to particiapte in his class. i didn't like him at all and i would advise anyone who gets him to run!!! there are better ones out there!
12408,812,5.0,0.86,0.05796142578045211,0.04000000000000001,0.057391481580866426,"mrsbrown is full of energy every day, she always has a smile and she will help you as much as she can, all you have to do is ask. i like her and i enjoyed her class."
7236,1126,5.0,0.69,0.05651279892094729,0.1225,0.05696481729177544,"i loved her. im defintley taking her again. shes incredibly sweet, and has really good advice, and will help you with anything you need. coming into csm from another school was hard so i felt so relieved when she helped answer many of my questions. fair amount of essays, but topics are fun and relatable! research but she walks you through it!"
5536,1388,5.0,1.0,0.0,0.1625,0.056874999999999995,"yasmin is sooooo sweet. she actually cares to help and a day i was sick, i asked a classmate to inform her i couldnt make it, and she actually took time out to email me to say she hopes i get better!! you couldn't ask for a nicer woman."
11976,576,2.0,0.81,0.024207852128663228,0.15333333333333332,0.05677052420179549,"it's been years since i took calc 1 with this professor and i still avoid him on campus never has a professor made me feel so low and stupid, and i don't even think he knew my name. i used to love math front row student now..."
4736,818,2.0,0.74,0.03829046260595402,0.14500000000000002,0.05668067157356282,i can't believe she's the head of the baking department! she is so far behind everyone else! no imagination! no energy! does not challenge her students. shows favorites. take another instructor.
9044,449,5.0,0.8,0.05959300076153563,0.051250000000000004,0.05547631041036573,i love doctor wiliams. shes a great professor. always willing to help you in anyway she can. she's the best!
16945,1090,1.0,0.62,0.1064444426234674,0.020000000000000004,0.05538227093776393,not a good teacher. passive aggressive. very rude. snarky. don't take his class. he's honestly the worst person i've ever met.
12020,1146,5.0,0.75,0.041311064742688586,0.125,0.05524878220509087,doctor mirabella is the best! she is a totally awesome person and really sweet! not to mention funny! she is a really excellent teacher!
5380,1187,1.0,0.78,0.05149892969865155,0.08000000000000002,0.054765011825744954,"are you kidding me, this guy is a prick. he busted me for plagiarism, after i asked him to look over my paper. his class is so boring and a lot of notes. this guys sucks, these people dont know what they are talking about."
13106,283,4.0,1.0,0.0,0.15625,0.0546875,just stand up to him guys!!! the reasons why he makes us do everything very thoroughly is because when you get into the real world that's how its gotta be! profanity you'll thank him later!
16974,201,1.0,0.7,0.05323648587418764,0.11375,0.05449525689332665,"he is an angry, angry, man. but he is smart. he knows everything about the subject, but he just can't teach. he wasn't born to teach. simple as that. he hates being interrupted and will literally yell if he is disturbed. don't be late. but i advise that you take someone anyone else!!!"
18839,335,1.0,0.78,0.002533478971839957,0.21875,0.05448742819785614,this class was terrible!!! she doesn't explain anything. she would be a great politician because every time anyone asks a question about what to do the answer has nothing to do with the question asked. dont take her for any class!! not even underwater basket weaving!!
19403,1326,1.0,0.92,0.0018039507906316631,0.17125,0.054482693663406113,worst teacher.... i counted once and he said right 50 times in a half hour..... i have no idea what he is ever saying... right?
11272,22,4.5,0.6,0.0753721966236992,0.11333333333333334,0.05346523220282625,"alan is awesome. i knew the first time i met him that i wanted him as an advisor. he does digress and this bothers some people, but i find it interesting... he has so much knowledge and so much to add. if you want an inspired and inspiring professor he's for you."
10601,482,2.5,0.69,0.07889839017914375,0.04000000000000001,0.05324536694352372,"mr shorr is a freak. he yells at students who don't raise their hands. i always felt scared to breathe, let alone speak. he has anger management issues and often seemed like he was about to pull a doctor david banner and turn green and rip his shirt off. beware. i got an a, but it was an ordeal."
4747,1272,4.0,0.71,0.08094649030711658,0.020000000000000004,0.05261457125406067,"she may be a little unclear but if you as for help, she will help you. she does lecture a lot and can get a little redundant but i like her. just work hard and she will notice."
19653,1332,1.0,0.7,0.04502347818766007,0.125,0.05199125443120689,only got the job because he's married to sra. budd and it shows!!! doesn't care about the success of his students. total nightmare just like his wife!
308,226,1.0,0.79,0.01585040350978689,0.16458333333333333,0.05157740154492499,i usually don't listen to what people say on this thing... but what they say about him is right! everytime i think about this teacher i get a weird headache and i feel depressed or angry i don't even now. no joke. try your best to switch out.
18296,880,2.5,1.0,0.0,0.14708333333333334,0.051479166666666666,"hated her at first, i thought she won the teachers lotto and thats why she was allowed to teach, but she is a sweetheart! and will go out of her way to help you... just be patient!!"
18241,287,4.5,1.0,0.0,0.14708333333333334,0.051479166666666666,"genius!!! sorry, david is a hottie.... to bad i will never have a class with him again"
18372,382,1.0,1.0,0.0,0.14708333333333334,0.051479166666666666,shes getting paid for this? better yet... you want me to pay for this?!
19607,251,1.5,0.72,0.01404751889004754,0.2,0.0513480129543853,"she falsely accused me of collaborating on my final exam im a good student and would never called me and hung up on me when i told her i spoke with the dean. later she never contacted me, letting me know that i was found innocent. i had to find out when i recieved my grades that i, in fact, had a grade in her class. thank god she is leavin"
13029,598,4.5,0.67,0.061546888717559145,0.09125,0.05126858092117699,"she was an absolutely amazing professor. i really loved her. she just had so much positive energy and such a great attitude. she made me appreciate theatre. if you have any chance to have her, do it! you won't regret it. very easy and fun too, i miss her as a professor."
11901,542,5.0,0.67,0.09219670947062104,0.0,0.05056239362533209,"nodine is was she is. if you are willing to advance yourself she is willing to help you do it. she loves what she does and does what she loves. keep a pocket dictionary as she prides herself on a sophisticated, multifaceted vocabulary. academics, educati"
5336,430,5.0,0.83,0.041865300914180247,0.07125000000000001,0.05051400589224345,"she is a very sweet and kind woman. you can tell that she loves her job, and she makes little jokes at times that are funny but not laugh out loud its 8 00 in the morning i have a hangover funny. but i loved the class and loved the teacher! profanity"
11578,26,1.0,0.65,0.07436825760939376,0.0625,0.05043596670988384,what a clown! we all couldn't stand the class! glad she's gone her book is a joke.
7961,137,5.0,0.82,0.0019946916021474728,0.1875,0.050210432731120774,she was awesome took her online she responed quickly and prompt she gives you a second chance to edit and revise if necessary!!! awesome for an online class!!!
613,47,5.0,0.74,0.05639711143507425,0.0625,0.04982583998080093,gel is incredible. you will learn life lessons as well as everything about dance. other professors should take teaching lessons from her. she is one in a million! love you gel!
19861,1239,5.0,0.61,0.10397322955468846,0.0,0.0495354698283809,"this was a cool easy class. summer always tried to make it fun. sometimes it worked actually, just looking at her is fun. great teacher, nice cool beautiful."
10335,875,4.0,0.82,0.002624227983831342,0.1825,0.04937844190415665,"professor phillips was one of my favorite professors i've had so far! i took her blended biology class, so i only saw her for a lab once a week. the weekly workload was very clearly lined out and i knew what was due and when. she was pretty lenient on due dates if you asked her, and was always willing to help. i would highly recommend!"
13500,914,4.0,0.87,0.060515217216392574,0.0,0.049107008142785076,great professor. it'll take you a couple weeks before you stop finding his voice funny.
11033,1189,3.0,0.61,0.1029924329062177,0.0,0.049068193559324104,"at the beginning of the course, he was a super nice guy, funny. then something rotten must have happened in his personal life, cos half way through he became a miserable old coot."
1847,260,2.5,1.0,0.0,0.14,0.049,"i dunno... dart doesnt cross my mind,, but theres definiantly an absence of something... go to the open houses if u need help... lwll help u with info...."
17014,1207,2.0,1.0,0.0,0.13999999999999999,0.048999999999999995,"i was an exercise science major with the life long dream of attending medical school, and eventually becoming the first md in my family. well, i went by his office several times about what i could do outside of my academia to improve my chances of entry, and to my surprise he told a different answer each visit. reminds of a indescisive woman"
17782,1210,1.0,1.0,0.0,0.13999999999999999,0.048999999999999995,the guy was an a hole not only was he my professor he was my advisr the guy would sidtrak al the time in class and flirt wit grls in the clas he was corny didnt xplain nuting as an advisr evn wors my fresman yr. i went to him not nowin nutin and insted of helpin me pik clases and telin me bout them he jus circled clases and tol me to take them with o xplainin them
7720,108,4.5,0.71,0.041406465664555143,0.11375,0.048589785006952685,"this guy's passion for shakespeare only furthered my own. he's completely fascinated by his subject and teaches with a passion. totally nice guy, tries to do some hands on stuff which usually turns out funny emoji highly recommended!!!"
307,226,1.0,0.7,0.03385208382220668,0.13999999999999999,0.04852331865436362,"because of this professor i am suffering from depression emoji ' please switch as soon as possible.. in the begining of the semester, i came on this site to check his ratings.. i though, hey maybe he is not bad.. i will give him a chance.. god, only if i had dropped the class in the begining, i wouldn't have an f on my transcript emoji '"
15705,493,3.5,0.63,0.08284609568747417,0.04000000000000001,0.04842759939632148,"before i say anything else i liked ida as a human. ida is the nurse that would've administered zyklon b to the jews, but only if the apa formatting was correct. ida is the definition of a bureaucrat. she wastes 1 4 of semester covering syllabus student handbook apa formatting. pon paper is about format, tests are mostly power point."
10423,1180,1.0,0.62,0.07800959666973188,0.06,0.04833534531437255,i was really looking forward to my first psych class and he completely turned me off. it was a horrible experience. he definitely played favorites. he constantly complained about the core and was probably just upset that psychology isn't part of it.
3884,1310,1.0,0.63,0.02920051315917462,0.19125000000000003,0.04807352485385689,"i tried going to her office for help. she asked me questions, then i tried to answer them but got them wrong. she then said i needed to get help. um, that's what i was there for. she has a difficult language barrier. no matter how much i did, i could not pass. who grades homework anymore? that did nothing but have my grade go lower and lower."
16176,767,3.0,0.65,0.035287775259805004,0.16000000000000003,0.04783906227186448,"i did not care for her and i feel that she did not care for me or my ideas. some people like her, but i bet she liked them as well. i never did anything to her to deserve a c in her esy class. i turned in everything and i was nearly always there for class. just don't wast your time."
12456,890,5.0,0.69,0.02810915159742964,0.15625,0.04745548429309568,ha! ha! the class is easy! he doesn't even talk to you every day. it doesn't matter who you take. but your heart rate does go by 6's! show up and fill your log sheet!
12395,812,2.0,0.83,0.027239366818884714,0.1,0.04706329224515008,i love speaking in front of people and crowds but once i got into her class she really tried to discourage me from being who i am. i dont like the way she talks to people. she is very sarcastic and cocky. she likes to talk about herself alot and what she has done. she doesnt care about other people's feelings or what she says to people. very bias
16304,331,3.0,0.61,0.09162881194809992,0.020000000000000004,0.04698925443971506,"i dont understand how someone so arrogant can teach in a university and be an example. when he screams at you, you can see how he thiks he is cool just because of that. really childish person, get away from him.."
6791,347,5.0,0.62,0.08526364363437813,0.03125,0.04696429087289415,the class isn't the most interesting but d is great! he's really funny and nice and loves what he's doing. expect a lot of reading. participation in class and attendance is key. he just wants you to have an opinion and think talk about what we're discussing.
8801,565,3.5,1.0,0.0,0.13375,0.0468125,she is very very hot and every once in a while i have to tell fred to calm down if you know what i mean!!!
10240,741,5.0,0.61,0.08680640146836399,0.03125,0.04656766076067365,"he's a silver fox with a side of awesome sauce! he has a gazillion lines of shakespeare memorized so every class starts with a performance, sometimes with props and costumes. really cool and really fun. and you'll learn tons. just don't let him catch you staring at his eyes or his hair or his everything. you'll blush and it will be awkward."
17504,736,5.0,0.88,0.03139598451353884,0.07125000000000001,0.046504033587980616,"i love professor yager! he's so funny, and i learned so much spanish in one semester. you just have to try hard, because he only ever speaks spanish even at the 100 level."
19160,420,2.5,0.61,0.09757816158538882,0.0,0.04648869809876886,"overall, the class is manageable. if you want him to help you, you'll have to go out of your way to ask for it. exam questions can be worded a bit tricky, but they're all pretty much the same. his voice is funny and he speaks in a drawn out manner."
13491,1075,1.0,0.83,0.06140977044094796,0.0,0.04643597968115869,"simply horrible. pedantic and narrow minded. dull, dull, dull. love phil, and would've majored but for this ludicrous clown. and definitely not hot."
152,1315,2.5,0.69,0.048132001853543493,0.09375,0.04639391161613758,"ugh! ridiculous! francese is a nece person and seems to have a good heart, but does have an attitude problem. her class is very boring, it could be an interesting class but she makes it boring!"
13744,1061,1.0,0.64,0.09059125727917179,0.0,0.04638272372693596,"this guy is useless and arrogant. he converted a regular class into a blended one and kept assigning research papers for students to read, while he himself sits at home. he is never in his office. most hilarious is that if you ask him something he doesn't know, he will tell you a long story about the work he did at morgan stanley 20 yrs ago."
14812,939,4.5,0.62,0.0829105430000138,0.03333333333333333,0.04617150500428549,"super friendly man, very approachable and excellent with explaining things on the lower level... and not too shabby to look at either.. hehe"
15549,1232,5.0,0.6,0.09928732617866265,0.0,0.04614457929353089,hilarious. makes each class hysterical. also a really nice guy.
6864,83,5.0,0.73,0.005138431832154512,0.19625,0.0460461397795104,best teacher ever!!!. god he's so cool. easy a every time and such a down to earth old man. i took all my englishes with him and near amazing. very good teacher and it's so easy!! awesome.
3834,236,5.0,0.65,0.054157682182248465,0.09375,0.045576441636035,"wonderful prof! well, actually he's called coach, but who cares? the class is easy if you work on the music. and we get to go to new york and sing in carnegie hall too!"
5716,1116,5.0,0.86,0.017118707880858047,0.11375,0.0454044140042359,best professor. he is an incredible individual and my favorite at depaul! take him!!
17245,370,1.5,0.77,0.05292323193132116,0.04000000000000001,0.04521817122026254,"feth was the absolute worst professor i have ever come across at cscc. she is boring, rude, and has a dry sense of humor. don't bother asking questions because she refuses to answer anything. her tests are insanely hard. her notes rarely ever help with understanding the material. my advice is drop feth instantly if you see her as your instructor."
9796,1282,1.0,0.61,0.08037297807869385,0.04000000000000001,0.04496166780866133,"there are only 5 actual assignments and then participation points, so if you don't do well on a few things you are really screwed. i never knew what he really wanted from me because his feedback is awful when you submit your rough drafts. he's slow to respond to emails and when he does he doesn't answer half your questions anyways."
12693,1258,1.0,0.76,0.06022106004823785,0.020000000000000004,0.04453749075944813,doctor gao was without a doubt one of the worst professors i've ever had. he is extremely difficult to understand and doesnt seem to care. he also has great difficuly properly answering questions.
7903,925,5.0,0.7,0.04011041097689978,0.10250000000000001,0.04450176917489492,"really nice, prob the nicest professor i've ever had and really informative. if he still shows the movie about the noodle, watch out because you'll have a ton of fun watching it and be quite surprised!. i definitely. reccommend him!"
18619,1243,5.0,1.0,0.0,0.12708333333333333,0.04447916666666666,she is really mean and messed uppp wen shes on her period!! but shes is great person... her swimming class was great! profanity
614,47,4.5,1.0,0.0,0.12708333333333333,0.04447916666666666,love her! you actually get a nice workout... its great emoji love you gel!!
15796,431,1.5,0.71,0.06319042665483224,0.03125,0.04434752387817403,boring monotonous lecturer. he could have made the material so much more exciting. he always talked up the guest speakers to the point where it sounded fake. too much reading! but midterms aren't hard.
3893,1310,1.0,0.75,0.06080879847575258,0.020000000000000004,0.04404310656007594,"she does not teach class. she reads the text book. her suplements are total bs. i wish she could speak, and understood that sometimes we don't understand her. she always plays the piano as lound and hard as she can."
8482,1287,1.0,0.8,0.032615896822443105,0.0825,0.04399930409357076,i did the same experiments in middle school. wow! acid makes the rock sizzle ask him why and he doesn't know! it seems anyone these days can be a doctor. tries to be a t. rex but is really a trilobite.
19124,128,1.5,0.85,0.013260727986310382,0.1225,0.04399139638404456,i made the mistake of ignoring rmp. com prior to taking this teacher. i should have dropped this professor like everyone said. this is potentially one of my least favorite profesors at fit. drop now if you have her!!
18907,636,1.0,0.67,0.08003059723009288,0.0,0.04389027094842055,no clue how to teach. stay away. if you are in bt you are screwed.
2756,284,5.0,1.0,0.0,0.125,0.04375,"doctor g has gotten hot over the years! and the clicking of the pen is even hotter! he's great, you won't regret it! good luck!"
12460,890,1.5,1.0,0.0,0.125,0.04375,waste of time and money!! make sure your heart rates are divisible by 6 or you'll get docked points! what a crock!
3654,889,5.0,1.0,0.0,0.125,0.04375,doctor neal is so awesome! he seems a little cold at first but after a while you warm up to him! he is so awesome! just sit in the front row and joke around with him! he is very personal.
2208,859,1.0,0.82,0.01512327402212162,0.125,0.04371585399029976,awful teacher!!! never take a class with her. a complete ditz!
13497,914,5.0,0.71,0.04081941801635439,0.09125,0.043527308865076594,"there is something kind of tough about his physical appearance. my friend once said, that guy eats glass for breakfast. i don't think it's true, but at least it's funny. i liked his intro to greek class. he's unbelievably patient with beginners!"
18300,880,1.0,0.74,0.06822031809112795,0.0,0.04342714908703364,she is the worse professor ever. you cant understnd what she says and she jumps from on thing to another. she confuses her self and her students
13474,1075,5.0,0.84,0.016511834537579876,0.11375,0.04336256844972785,"ask for what you need and you shall receive. need clarification? want to know what the point is? want diagrams of how all of kant's philosophy fits together? you got it. yes, reg is famous for his tangents. but they'll be interesting, funny, and thought provoking. i highly recommend going to office hours, even if you just need someone to talk to."
11125,41,2.0,0.69,0.0750559524546372,0.0,0.04301884803424763,"he is rude. when you talk to him, he turns your back towards you and starts talking to somebody else. on the final exam, he changed the order of the questions but forgot to change the order of the answers. in addition, the scanner missed some answers. we were shocked when we received the results but he would not believe us that something went wrong"
14383,153,4.0,1.0,0.0,0.1225,0.042874999999999996,"i hated him for dictation, but then we got along in theory i would always make comments just to rile him up and now i love him hahah hes just funny and a really smart guy!!"
18861,737,5.0,1.0,0.0,0.1225,0.042874999999999996,hey coach! profanity u rock i love you and u put a smile on my face every day that i see u! profanity
18951,99,1.0,0.7,0.05498247764130368,0.051250000000000004,0.04270646129976612,the worst proffessor ever profanity i dont understand how he's still a teacher in miami dade college. he makes you buy the book and we never use it! he doesnt tell you your grade until the last day of the semester. stay away
15946,413,5.0,0.63,0.07832572127093351,0.020000000000000004,0.04266687075589969,"he is so easy, funny, and laid back. if you're not into english, i recommend taking him. he's not uptight and has street smarts unlike some professors."
8760,619,5.0,0.61,0.06748665827680747,0.0625,0.042574148618289925,"doctor cos, what the heck happened to all the rest of you. it seems that all the good teachers have dissapeared and left us with brainless and boring professors! for goodness sake john, get on the horn and do something about it! cheers franco"
7760,467,5.0,0.61,0.009579530368790933,0.2275,0.042499288918537534,take this teacher if you can!!! he is awesome awesome awesome!!! i still email him sometimes even though i've been out of his class for a long time. he's a great teacher and a great person.
5227,412,1.5,0.7,0.05138939644485361,0.06,0.04239572004523585,"i dropped this class. doctor ream is super nice and kinda a cute old man. he tries to make jokes but doesn't laugh at them so it just becomes awkward. anyway, he is very hard to follow. im bad at math as it is but i just could not go on in this class. his lectures are all over the place. some classmates seemed to follow but i just did not."
7415,926,5.0,0.91,0.0017845355331708738,0.13375,0.042186341713647005,"ms serra is wonderful, brilliant and hot!!! but she's such a cow. i've never met anyone who can be a cow and a beautiful person at the same time, but she does and she's good at it. thank you, ms serra. i enjoyed your class."
10362,569,4.0,0.85,0.04204206815102683,0.03333333333333333,0.042089455813717765,"nice guy, if you have questions just ask. he is someone you really want to put in your network... for the future. so behave in class."
14415,532,2.0,0.65,0.05224363891408395,0.08000000000000002,0.04205141847313839,"this guy litterally borders on racism. the entire semester, we talked about stereotypes, and i kept leaving class feeling like a lot of what i heard was how evil i am because i'm white. further, he refuses to fully explain his assignments and he really doesn't explain anything very well at all."
18844,335,1.0,1.0,0.0,0.12000000000000001,0.042,she sucked..... really bad.... i didnt get any fing help from her at all...
18666,168,4.5,0.67,0.06245596274903653,0.04000000000000001,0.041929874783138206,"this guy is amazing. he has a thick accent yes, but if you come to class and show that you truly care you are fine. i absolutely love him. i hate that we have to use avid as the main editing software but he will help you. all you need to do is go to him. he is so inspirational. cant wait to take his ap class."
19087,1098,5.0,0.7,0.00592658230554248,0.18708333333333332,0.04181963508084182,"without doctor dukes, i would not be a researcher today. before taking him, i was scared of what he taught... now i do it for a very good living. thank you doctor dukes!!!"
1927,742,3.0,0.61,0.08767477560017276,0.0,0.041770475150702716,pretty good looking but mad moody. one day stupid nice then some days shes just nasty. alot of tests and no cheating. like a hawk. fun class but not the easiest.
617,486,5.0,0.85,0.042305002787632204,0.03125,0.04172408782478982,"amazing! take him for 415, he knows what he is doing. gpa booster"
7233,1126,1.0,0.77,0.03974793046144626,0.0625,0.04163690455893677,"she goes off topic a lot. one time in class, we were discussing about literature, and then all of a sudden we were talking about cinderella!!"
7149,1339,5.0,0.9,0.012854183125239147,0.10250000000000001,0.04160570594270339,love this teacher. he is so awesome and very very very helpful. i know he's reading this right now. i know you are because this is his cp's homepage!! hahahaha..
11054,560,1.0,0.67,0.06876328588400614,0.020000000000000004,0.04154999788182658,"this guy is odd, kinda mean sometimes when you don't see things his way. don't like how he interacts with female students. weird. acts nice, like your good buddy, and then can zap you out of nowhere. material is interesting but he can be off the wall. be careful of him is my best advice."
581,113,1.0,0.65,0.05406286207717754,0.07125000000000001,0.04139988328288251,"he is a horrible professor. his website is as awful as he is. http emoji sandlight. com design patterns are such stuff as dreams are made on is his catch phrase on his website. that doesn't even grammatically make sense, never mind the fact i have no idea what it means. i don't know how he can criticize anyone else's website. he is cocky rude. avoid!"
15828,189,4.5,0.71,0.025441471767363763,0.125,0.041394256993820044,cathy rocks! she cares about her students and whats he's teaching about. she even gives us her cell number in case we need her! how cool is that! she's deffinitly the best at stu!
15866,322,1.0,1.0,0.0,0.11791666666666667,0.04127083333333333,this guy was horrible... point blank... i would ask him a question.. he would answer a different question.. wack! profanity
10231,741,5.0,0.66,0.04882439738352444,0.08000000000000002,0.04119220741394663,"after i read these reviews i didn't want to like this class. but one smile at me the first day and he got me. yeah, he knows he's a campus rock star. but it only adds to his charm. the man just loves his job. never in a bad mood. passionate and brilliant. every class is a show. and you'll learn alot. sit in front for the best view. emoji"
92,769,2.5,0.64,0.05073840762024006,0.08458333333333333,0.04113539803489624,very tough... not funny. but i learned alot! overall not bad.
3040,761,1.0,0.64,0.058944287690888636,0.06,0.04093147529773498,doctor hardy is extremely rude. he will laugh in your face about questions you ask. at one point he told me he wasnt talking to me anymore. also he is not willing to work with you when you have a issue. our online system calculates grades wrong i received a d but if you calculate it it adds up to a b he still wouldn't fix it. saying it wasn't his issue
8291,945,1.0,0.62,0.08366166477992372,0.0,0.04084266164826347,"professor sharif is unintelligible. his accent is atrocious, and he speaks as though he has a mouth full of marbles, and his handwriting is somehow worse. he writes both his v's and r's as you would a gamma, which come up a lot in dynamics. he isn't capable of doing his own problems in class, and made the 2nd test the day after the drop date."
9705,693,1.0,0.6,0.07373591802563825,0.04000000000000001,0.04077596992530193,"this women is a total nut. she is nasty, unclear, and arrogant. she doesnt treat you like an equal, and leaves unprofessional comments in her emails. she is late with grading, and refuses to answer questions without getting mad or making you look stupid. i wouldnt reccomend this professor at all. im an a student, and i think this lady is an airhead"
17388,1372,4.0,0.7,0.017952817972818814,0.14708333333333334,0.040663676277549805,"very interesting, can you hear me in the back? ok! and thank you again for turning off your cell phones! today we will be talking about... he goes pretty quickly but is easy to follow. course is tough for first year and it's to bad he isn't teaching it anymore."
1848,260,4.0,1.0,0.0,0.11583333333333333,0.04054166666666666,hes pretty good i dont see anything to hate?? although he is a bit busy at times. but tries to help when he can...
2377,706,1.0,0.61,0.0848979795854433,0.0,0.04044753947008264,"if you ask questions, she acts as if you are stupid and expects you to know the answer. she's rude. she may need to stick with regular english 101 and not eng 257."
18215,711,3.5,0.78,0.033640195984187056,0.07125000000000001,0.04035284783655787,"kathy is awesome. she's funny in a dorky way. she makes sure you get it. i learned so much from this class. if you are interested in photography, i highly recommend her!"
17257,370,1.0,0.74,0.04918736325074454,0.04000000000000001,0.04022331060727636,she isthe worst teacher i have ever had in college. if you get her drop the class. she says she is married i feel sorry for her husband that he has to wake up to her in the morning.
10588,212,2.5,0.69,0.05610698692238482,0.04000000000000001,0.04018231356634693,i think he get's higher ratings because girls tend to think he's cute. he's an okay teacher definitely not the best in the department but i think he's a bit full of himself and pretty rude.
8858,20,4.0,0.84,0.023296751139980976,0.0825,0.04016560778787672,"some tricky exam questions, and some lies! you don't need to know numbers. first question what is the osmolarity of the tubules of the kidney? knew his stuff, but too fast for someone who doesn't provide overheads. hated the material, but that's me."
3237,797,5.0,0.62,0.08211703650601715,0.0,0.04008859190641145,"linda is so nice and so much fun. this class really prepares you for all of your other college classes. she will help you with anything, and she is way funny too."
8758,619,5.0,0.74,0.006857343282228562,0.16000000000000003,0.04001322911285563,i had no interest in history until i had him. i hear he is teaching at stockton which is where i go now i will go out of my way to take him again even if i dont get credit for it. i dont know who ccc thinks they are for not hiring him as a professor.
16447,877,4.0,0.81,0.03612994458118001,0.05333333333333334,0.039946729599680236,very good professor... my prayers are with her as she just lost her son in iraq.
12499,286,5.0,0.82,0.0071034337534188405,0.13333333333333333,0.039926535394056294,"his books were definetly not mediocre story of a million years is breathtaking and the wolf girl is really bizzare and fascinating, and plenty of literary critics agreed. i didn't love uvm and transferred out, but just talking to him made school more palatable for me while i was there. i'd take another class with him if i was still there..."
7186,686,1.0,0.81,0.036808278189342944,0.051250000000000004,0.03990967230003101,she's terrible! english is my best subject. sh etried to destroy that. she was more concerned about you writing about her view points than your own.
17761,1214,4.5,1.0,0.0,0.11375,0.0398125,i am his students in china. he is very very cool!! strongly recommend him!
16529,71,4.5,1.0,0.0,0.11375,0.0398125,the best! profanity its the easiest a ever! profanity i love this man! profanity
16868,783,5.0,1.0,0.0,0.11375,0.0398125,had mr salvo for au community band and he rocks! he's so funny and really makes the hour and a half go by fast. i encourage everyone to take salvo if possible! he's a hoot!
17620,552,5.0,1.0,0.0,0.11375,0.0398125,"if i could marry one slippery rock professor, it would be doctor lynn!!!"
4171,122,1.5,0.79,0.056645430921659516,0.0,0.03977457262786207,"he is very boring, and he loves to tell jokes that are not funny. it is not helpful at all even if you ask him questions. the class and the tests are hard."
6467,299,1.0,1.0,0.0,0.11333333333333334,0.03966666666666667,"i try not to think about her... i yelled at her a couple of times and she wrote that i have anger managment issues. people that know me know it isn't true, but in her class.."
7294,897,5.0,0.68,0.02473775150898273,0.13125,0.039630607684053645,she is the best teacher in the world...... if u want an easy a.... take her please... b c physio is going to kill u!
6352,551,3.0,0.76,0.05974550604600905,0.0,0.03958454272415827,"very nice guy, but also very awkward. seems almost too smart for his own good. for being big on public speaking and whatnot he's not too good with the whole social skills stuff himself. not too hard though, and can be fairly interesting at time."
8892,987,5.0,0.69,0.01111470919416235,0.165,0.039470293332654845,she was such a sweet instructor! i loved her classes! she was always so happy to see you in class! she brought out better writing skills from me. pam was a good natured woman with a heart of gold!
16971,201,3.5,0.64,0.02223274129060621,0.15625,0.03938316354079038,"avoid this man at all costs!! his tests are essays which he grades according to his opinions and what he thinks is important. no extra credit, and no make ups. cell phones are the devil to him and don't be late!! he will freak out on you!"
18797,556,2.0,0.7,0.06665414436122179,0.0,0.03903680073290614,one of those professors who will either love or despise you. if he loves you ie if you tolerate his odd mannerisms laugh at his jokes to feed his ego you coast. if not he will jokingly single you out in class and start arguments with you that end with you looking like a fool. considers himself brilliant constantly references his own work.
19419,600,3.0,0.88,0.017954330289897846,0.0825,0.038658229071213586,could this class be any more depressing? everyday i go and learn about how horrible the united states is in the world and all the dozens and dozens of things that are wiping out babies everyday. a day doesn't pass that she doesn't warn of world war iii which will be about drinking water. save your aquafina!
12776,954,2.5,0.69,0.0672002109271545,0.0,0.03851627442196344,"has her favorites, her lectures are excellent, she can be a bit condescending"
5931,61,4.5,0.76,0.05764683799079316,0.0,0.03819406466491236,love this guy. you need to grow up and pay attention. ask questions clearly and get a clear response. roda's brilliant but you should try to get in the first row to hear better.
16973,201,2.0,0.77,0.016564386361392798,0.11375,0.038092298097182134,"i agree he is a very angry man! dont have your cellphones on during his class he freaks out dont look at anything else in his class eiter, take notes on what he is saying or just look around! he will freak out about that as well. there is a lot of reading material, but he doesnt like to give tests!"
12228,1170,1.0,0.8,0.03901289007240257,0.04000000000000001,0.0379329362833971,"easily the worst classroom experience i've ever had. she was rude, mean, and i second what the last person said about her hating men. avoid like the plague, like ebola, like a long cross country car ride with the devil himself."
12700,1309,4.5,0.85,0.04825182730647548,0.0,0.03781308869480191,"doc is a fantastic professor. it's obvious how much he loves jazz. he plays favorites for sure, but if you prove yourself to him as a musician, he'll have more faith in you."
7370,411,1.0,0.63,0.05365188677065148,0.0625,0.037766992982180746,"terrible lecturer. disorganized. the physics department is terrible, and he is apart of this mess. you'll never know what you're doing, and their terrible explanations won't help at all. good luck! also, they have no official textbook so good luck finding what you need to know!"
6132,983,2.5,0.64,0.048776172665295756,0.07125000000000001,0.03774140040463143,"took the class on video. i will never do that again. all material came straight from the book. only two tests so they covered at least 7 chapters each. the text was a horrible read! i recommend not taking her, especially not during the summer."
8274,67,2.0,0.6,0.05603864146668582,0.07125000000000001,0.0376343096808732,"so im still in his class right now but i wanted to write a review for people looking to take haque. the beginning weeks of his class are very easy, but dont be fooled, the information picks up. i would say go to his classes but his accent is very thick so its not very worth it. if anything read the book!"
17837,968,1.5,1.0,0.0,0.10666666666666667,0.037333333333333336,i dont understand him nor do i understand his accent... did not enjoy the winter and missed hall like crazy...
4724,818,3.5,0.6,0.08032247158263724,0.0,0.0373305113718927,"chef mattie is mean, likes to make fun of students. also has favorites and if you not one of them can make your life miserable"
14662,1112,5.0,0.81,0.011468620230398902,0.11333333333333334,0.037277624147960806,"awesome person. really nice guy. however, i agree with the boredom factor. he is soooo sweet, but i've never meet someone more monotonous in my life it's torturous... but, like the others, i do recommend him."
1942,1108,5.0,0.61,0.03518577022849547,0.1225,0.037190120428065965,"great professor everyone complains that he makes you sing and dance if you're late, just don't be late. he definitely broke me out of my shell and made public speaking easier on me. take christie! he knows what he's doing and does it so it's fun!"
4591,359,2.0,0.76,0.027233768344961023,0.0825,0.03717501256145729,"she is one of the rudest professors i have ever taken. she will not let you eat or drink in class unless it's from a water bottle. no sodas or coffee. she goes over activities in class, but her tests are nothing like what she goes over. she will call you out if you're caught on your phone or you're talking while she is talking. beware of her!!"
19755,240,1.5,0.64,0.02353808533001011,0.13999999999999999,0.037139499688965176,"i didn't take her for a class but i did attempt to be a part of her research. had a meeting with her and she was completely rude. my freshman year i got a c in calc while working two jobs and being a full time bio major. she wouldn't let the c go. i even told her i would quit my jobs to be more available, nothing. wasted 45 mins in her office."
8968,1072,1.5,0.68,0.0449151239416481,0.06,0.03696140249384487,"i generally love all my teachers because i check them on here. this teacher, however, was extremely inappropriate. he made jokes about handicapped kids the first day. he spent at least two months looking at uncovered people, mostly women and even admitted to going to an adult site for some of his material. won't take again."
7449,175,5.0,0.61,0.008093258093861251,0.19833333333333333,0.03692768374916821,"she is the nicest woman ever, low homework... she is very understanding.. i got a kidney infection in the middle of semester and was out for 2 weeks.. i tried to come back and she said you dont look so well go home and rest nicest woman ever! no tests, midterms, and finals! sooo nice! just engage in dicsussion you will make her day!"
6538,1033,3.5,0.72,0.03212024649716615,0.08000000000000002,0.03672987896282656,i am being very honest and speak with concern. he is showing symptoms of senility. he forgets things he has said 10 20 minutes ago. 30 kids show up and 25 leave within the first hour. last week it was just me and 1 other dude in class left at the end of the lecture. i don't leave because i genuinely feel bad and surprised that he doesn't notice.
14518,1143,5.0,0.88,0.012403293214367504,0.09125,0.03660390893205044,"i had him in 1990, then transferred to ut austin. i had great profs at ut austin, but weber is still my all time favorite and most memorable. he is truly inspiring!"
6951,1330,1.0,0.61,0.058788516042065496,0.051250000000000004,0.0365542098574952,her accent makes it very hard for her students to understand her. she yells when she talks so it makes it worse. she always seems to be in a bad mood. she gets irritated when you ask questions. she also rushes you to finsh your lab. i would not recommend taking her for chemistry 1030 lab!
8102,355,2.5,0.64,0.06421989207990172,0.020000000000000004,0.036464584744909684,"he gets bored with his own lectures and dismisses class early. you only need the access code really, no point in buying the book since you can get the code separately. he tries to tell jokes, i don't think he realizes we're laughing at him not with him, but whatever. overall easy class to pass, worth putting up with bosworth's strangeness."
11924,803,1.0,0.7,0.05016015104049564,0.03333333333333333,0.036209618860374305,"she's horrible, annoying to listen to, and picks favorites, it's very hard to get a good mark in her tests, even if u have asked her for help and she does, you'll still do bad... not recommended"
11402,476,3.5,0.69,0.0418963963381496,0.06,0.03604951276326782,i was really scared to take his class after hearing all of the stories about him. he really isn't that bad. the problems on the test come straight from the homework. the multiple choice questions can kill you. i don't sense any malice in him as others suggest. i can't say the same for brennan.
4512,1205,1.0,0.67,0.05381227946631367,0.03333333333333333,0.03590987430633479,the proverbial one trick pony. typical never built a thing professor. ask to see his work. its laughable...
10885,329,3.5,1.0,0.0,0.10250000000000001,0.035875,loved him! he totally reminded me of the father off of my big fat greek wedding! he was a little random at some points but you just had to pay really close attention.
5502,65,4.5,1.0,0.0,0.10250000000000001,0.035875,i am in doctor a's collegiate chorale. it really does prepare its ' singers for sophomore year and beyond hopefully for st. olaf choir! i love doctor a's warmups and his choice of repertoire for fall semester. what a wonderful director!
8981,1072,5.0,0.65,0.0465581551292573,0.0625,0.03586217278678914,doctor wolf is hilarious! you have to take him unless you are easily offended. he says anything and does anything! he makes you keep a journal but besides that haven't done any literature lol. we've read one story so far.
1774,553,1.0,0.79,0.043918686898170196,0.020000000000000004,0.035753439901403186,i can not believe this man is still teaching. he is a joke. don't ever ask him a question because he'll barely give you an answer and then make you feel like a complete idiot. they need to get him out of there.
19448,1102,1.0,0.65,0.06799112268060485,0.0,0.035630527117069544,"whatever you do, do not take a class with her. truly terrible woman, doesn't care one bit. save yourself the pain and suffering, take another professor"
19871,1239,5.0,0.78,0.03724916585052397,0.04000000000000001,0.03530438943646704,my favorite professor this semester. and not just cuz she's beautiful. by the way though she is. she's very laidback and extremely nice really wants u to feel comfortable with speeches. great sense of humor. i wanna make out with her.
15066,965,5.0,0.7,0.010970037869846686,0.13999999999999999,0.035122173432804805,"i am a recent graduate, and nina was my saving grace at cmu. she provided creative outlets through choir, and challenged me to be the great musician that i became over my years as a vocal student. i had several voice teachers, but nina was the one that taught me the most about music and responsibility. do yourself a favor and join her choirs."
12178,992,1.0,0.72,0.010779409895815245,0.13333333333333333,0.03509612089046716,"i have an idea, shake up a magic eight ball because it will give you more accurtate responses to your questions than she will. and i agree with the rest... the anti christ was more polite than her. did i mention she lied to every question. i would of chosen a different nearby nursing program if i knew this one was so messed up"
3978,314,1.0,1.0,0.0,0.1,0.034999999999999996,"let me just say, i took his class last semester, not only was it one of the worst experiences of my life, but even now, one semester later, i still run and hide when i see him on campus. please don't waste your time or your sanity."
15949,413,2.0,1.0,0.0,0.1,0.034999999999999996,likes controversy... nothing gets done though... great personality but... nothing gets done
18603,1243,1.0,0.62,0.05767857848648095,0.04000000000000001,0.034992656866832526,"i do not like professor larkin. she is not helpful at all. if a student ask for help, ignores. she is so rude and strict. she does not care about students. i have never seen these type of professor."
16930,863,2.5,0.72,0.018166475302996688,0.11125000000000002,0.03488711745841179,"i hated this class. i have never not liked a professor, but i cannot stand this man. if you have any conservative values, run! all he does is talk about how horrible conservatives are and how wonderful liberals are. even when you can prove him wrong, he will ignore any arguments against his teaching. unfortunately, i can't type enough for stories."
17247,370,2.0,0.68,0.03711758070030656,0.07125000000000001,0.034796912717368504,where do i start? feth is awful. grouchy. rude. boring. she disrespected everyone in our class and made us all feel stupid. she was completely inappropriate at times. don't bother asking questions. or making light conversation. good luck if you don't understand something. i didn't use the book at all. just notes. hardly went b c she was so mean.
10353,931,5.0,0.88,0.02027344771932276,0.0625,0.034794098844525743,great teacher! very funny and will answer any question you have without hesitation. highly recommended! a
10028,1153,4.5,0.67,0.020538215308178585,0.1225,0.03477698902564166,"i would be lying if i said he was easy. but his personality is the besy! he hates kids, which will become apparent through his sarcasm and comments. he is a genius. and i personally think he is very attractive. as for papers, be prepared to cry and know your topic won't pass him off before you pick it. but if you get on his good side he will help!"
9053,449,3.5,0.82,0.024811808265132462,0.0625,0.034666896436314425,"glenda williams is an adviser for the tcf department. she is not in on mondays and fridays, which is terrible! even during registration she will be out of her office on those days. tcf department is severely slacking with this!"
11303,385,1.0,0.75,0.04239825455030182,0.03125,0.03464258877792963,"he's not really a professor, just a glorified lab attendant. either way, he thinks way more of himself than he should, and is terribly rude and condescending. unfortunately, there's no way to avoid him if you take photography. just beware!"
11065,560,2.0,0.73,0.025194194773352368,0.08666666666666667,0.034633200792157544,he used to be such a great guy. i looked forward to class with him. but lately he's just grouchy and mean and sometimes hurtful. no need to crush unsuspecting former students emotions... he'll be your best friend until you do something he thinks is beneath you... then he'll make you feel like a loser
2780,735,1.0,0.65,0.05187173603982195,0.04000000000000001,0.03451986942826054,the worst class i have ever taken. attend tutoring twice a week in addition to seeking outside help. very condescending. after asking to go over a homework question during the allotted time he responded by saying i can't believe you asked to go over that. overall rude and not helpful at all.
6434,369,1.5,0.77,0.040124581181568114,0.03125,0.034501231681407694,"who are you people? this broad is crazy, biased, and drives people away from theatre she once told an advising student she should drop out of college because she was a bad actress. sure, she knows her stuff, but it's overshadowed by her."
13399,450,3.0,0.6,0.07417947055830663,0.0,0.0344755024923366,"this isn't a hard class as long as you attend and go to labs. he will never let you out early and he really loves what he teaches, but is a little odd. he expects everyone in the class to love the subject as much as him. eye clicker is the way he tracks attendance, but attendance is required. he does let you make up missed labs. just really boring."
6180,1337,5.0,0.61,0.015397795365841366,0.1625,0.034432583171558756,ms mitchell is awesome! she is so nice and willing to help if needed. she makes her classes interesting and fun. i have taken 3 of her classes and i wish i could take more! the only time i have ever looked forward to going to school is when i was in her class.
17895,1000,5.0,1.0,0.0,0.09791666666666667,0.034270833333333334,wonderful! very practical.... she gives it to you like it is....
5675,344,4.0,0.64,0.0488130060130016,0.051250000000000004,0.03417625907865682,doctor shingle was a great person. sometimes her lectures were really boring and i'm a science major but not that bad. she tells really good stories and is corny in a funny way! she is great to talk to and really smart.
9212,387,2.0,0.74,0.01866119763508666,0.1,0.03415921964442947,"dude. just dont. hes annoying. for the final group project, i told him my group wasnt working well together and he sent all of us an angry email. i really couldve cussed him out but i needed my grade. but srsly, just say no. he looks like one of the angry beavers too. that is the only thing that will get you through his class."
3333,1234,5.0,0.69,0.027408915059609972,0.09125,0.034014815978382976,"i had sue for language, thought and culture. it was at 9 30 in the morning and her great energy made it a lot of fun! the class literally changed the way i view the world, and culture's role in absolutely everything. it also was why i decided to go abroad."
7698,844,5.0,0.83,0.004327143893114609,0.11583333333333333,0.033928268425547935,"my favorite professor at denison! there's no one better than mark. that man knows what he's talking about... and as a young alum, he's got some crazy denison stories!"
7699,844,5.0,0.83,0.004327143893114609,0.11583333333333333,0.033928268425547935,"my favorite professor at denison! there's no one better than mark. that man knows what he's talking about... and as a young alum, he's got some crazy denison stories!"
18751,905,2.0,0.86,0.035466774036361184,0.020000000000000004,0.03386857685869668,"watched him kick a mentally handicapped man out of his class before he turned to the man's mom and said don't try to back me in a corner. he's a disgusting man and the people who think he's funny don't know when they're being insulted. he loves to fail students, makes him feel powerful. he'll withdraw you for challenging him, plan to hate science."
1399,306,4.0,0.74,0.01809186634354408,0.1,0.033796799245792424,"i'm a conservative grassroots activist and i expected the worst walking into a condit class. there are rumors. her class challenged me intellectually more than any other class i've had at vcu. were this a sword battle, i would bow and compliment her on a well fought engagement. take condit, especially if you're conservative."
11326,174,4.5,0.91,0.01776784797321583,0.06,0.03365377464196299,"he comes across pretty strong at first. scary, even. i thought that he would eat me alive if i ever asked a question. not true, he is incredibly helpful and respects you for trying and actually asking for help. great guy, great teacher. he is too funny."
7201,955,5.0,0.78,0.04883394684309727,0.0,0.03364059977282166,"awesome teacher, very willing to help, but has her favorites"
10553,1030,5.0,1.0,0.0,0.09583333333333333,0.033541666666666664,good easy going guy... realy boreing tho you will fall asleep!! a
16413,310,1.0,0.74,0.041734091263854134,0.03125,0.03352926386844516,it is a huge discredit to ccsu and to doctor craine that this woman is allowed to continue teaching. she is horrid both as a teacher and as a person. what goes around comes around and this woman is surrounded by bad karma!
6711,755,5.0,0.75,0.04053866644559656,0.03125,0.033434750873492056,"doctor schbig was awesome in the fact that he was incredibly easy. made an a no problem. he will put you to sleep while talking, and has a dry, old since of humor, but its funny. not a bad teacher for biology. would recommend because he's incredibly easy!"
7802,202,5.0,0.78,0.04849277351778346,0.0,0.033405573197416626,he had this peter parker clark kent quality about hom that was sooooo sweet. his class was awesome.
992,1358,5.0,0.6,0.031104516002395242,0.11583333333333333,0.033298136675593344,"i definitely agree she's not the best teacher, but she is entertaining and the material is pretty intersting. her appearcen clothing are great but yea, what is going on with that couch blazer.... its looks like an old couch that she made into a jacket!!"
16319,653,5.0,0.62,0.03608858383031706,0.09125,0.033209551022522446,"this guy is so great i honestly have never experienced anything like this in my entire life. whether he is cycling around campus or lecturing, jon fisher exudes charisma and biology. i learned so much about both biology and myself. it really hurt when he left us to ogilvie, a nice, smart but extremely annoying lady. where have you gone jon?"
3412,1016,1.0,0.81,0.027528979182230733,0.051250000000000004,0.03314506332384621,he's a name dropper. what more do i have to say? anyone who takes his advice to heart is a fool.
8859,20,4.5,0.66,0.03810426270311944,0.06666666666666667,0.03294201171945106,"he was very nice, and definitely helpful, and his sense of humour really grows on you... he was overbearing during the male reproductive unit, but otherwise pretty good... his exams are brutal though"
4033,702,5.0,1.0,0.0,0.09375,0.032812499999999994,so attractive so smart and sooooo brittish what more could ya ask for!!!
16884,541,2.0,1.0,0.0,0.09375,0.032812499999999994,she's hard! dont take her unless your really good in biology! she is a very nice lady though!
5010,625,1.5,1.0,0.0,0.09375,0.032812499999999994,"eaaaasssyyyyyyy!!! but talks very fast, gets kind of mad when you ask questions cause you are confused. anyways would recommend if you need credit units. easy a."
5876,1139,5.0,1.0,0.0,0.09375,0.032812499999999994,he is gneiss as schist. we love you mr coleman!! you know who this is from!
9646,1226,5.0,1.0,0.0,0.09375,0.032812499999999994,extremely nice and gentle always smiles really good at teaching classical guitar! you will love it!!
19048,1223,3.5,1.0,0.0,0.09375,0.032812499999999994,he has a thought to offer.. you just have to listen closely he talks fast!!!
4281,75,1.0,1.0,0.0,0.09375,0.032812499999999994,wow he so hard!! and makes you feel stupid if you don't have to take him don't! profanity
18251,546,5.0,1.0,0.0,0.09375,0.032812499999999994,"jason is the best!!! seriously, value every second you have with him. hes wonderful."
4932,582,1.0,0.85,0.0277562172394148,0.04000000000000001,0.032722730602608975,this woman is terrible. she won't return emails and she's not easy to talk to. i dropped the class. i haven't spoken to anyone who likes her.
4036,702,3.0,1.0,0.0,0.09333333333333332,0.03266666666666666,"hi, i'm katherine jones... let me push my book in your face. it's fantastic."
717,178,1.0,0.85,0.01247045849065629,0.0825,0.03240083487624988,"she is crazy. this class is super hard. you have to be very serious about biology and read a lot. i dont recomend her. she makes no sense!! she should retire, shes too old."
5396,1187,2.5,0.75,0.005309343769570666,0.12708333333333333,0.03233858614077613,this class was so boring!!! he has very distracting mannerisms... he will say ya know 25 times every 5 min.
7748,467,4.5,1.0,0.0,0.09125,0.0319375,i loved doctor blythe! after taking 211 with him i just had to take 212 because i loved him so much. very nice guy.
18670,168,5.0,1.0,0.0,0.09125,0.0319375,i had him several years ago but what he says still haunts me to this day as i pursue a career in film how bad to you want it?
18613,1243,5.0,0.66,0.004512975435958196,0.15625,0.031742497776952525,"larkin is soo nice! if you're a beginner, you will know how to swim, dive, and tread water by the time she's done with you emoji attendance is mandatory!!! but it's worth it, classes are fun, the water's cold, and you make great friends!"
17484,533,1.5,0.67,0.05760465492647082,0.0,0.031591466265634645,"he honestly doesn't care about the student's opinions. he'll tell you that on day one. if you disagree with him, you're wrong. he has this habit of looking around with closed eyes, and then when he asks a question to stare at you incessantly. he grades like an english teacher. he's not. he's been reprimanded by the school before. love the subject tho"
17149,567,2.0,0.67,0.05056705378088112,0.020000000000000004,0.031570845096669006,"you have to attend class to understand what she makes you read. she lives, breathes and bleeds russia. shes a great person and i like her as a person, but as a professor no thank you."
16465,676,1.0,0.6,0.06769494013505495,0.0,0.031461765091869105,"the reviews are most definitely correct about her. she is very defensive, and wont let you get a point across. she is very funny but rude at time. the class is a easy grade tho. the book is not really needed buy an online book for cheap."
12154,302,2.0,0.72,0.05139591769670195,0.0,0.0313998352663481,"she was rude and arrogant, and cared way too much about the lart program. she scoffed at anyone who had a differing opinion about that class. the information was pointless, yet we did so much work."
19031,1223,4.5,0.64,0.007500633260160216,0.15375,0.03139232422920203,my mytsagogue! kemenyffy initiated me into the real world! best teacher of my life!
12182,992,1.0,0.88,0.009063751432433658,0.0825,0.031318939102301054,"not helpful and usually rude. acts like she hates her job. never gives you the time of day and always acts to busy to help you, which i thought was her job!! she needs to find something where you dont deal with people."
3408,1016,5.0,0.64,0.01208470664175252,0.13999999999999999,0.03127536980057729,paul was the voice that i needed when i was just coming into my own as an artist and photographer. he made me concentrate on mediums outside of my comfort zone and was critical but encouraging. i wouldn't ' be where i am without him.
10406,1263,2.5,0.75,0.030013270894339583,0.051250000000000004,0.031144939294159155,"much emphasis on unknown female only authors? glanced over and skipped prominent male authors to spend time solely on female issues. hard grader, hard tests. journals she doesn't collect. everyday let the class go early, i felt robbed, unprepared. verbose, but lacking in the clasics of the period. need some new perspective, a universal pc view."
11335,174,2.0,0.62,0.06343577781792648,0.0,0.030968616470009844,holy cow this is a law class not an army english class. get a life man. this man may be the biggest jerk on campus. he is also a big fat liar.
13629,647,5.0,0.82,0.023523371866292966,0.051250000000000004,0.030786421358804418,mr verdi's opening questions were always brilliant case in point his opening question for the illiad why are these men fighting? along with gisela berns the best tutor in st. johns. my only regrets at st. johns not choosing his wittgenstein preceptorial and missing the chance to enroll in his nietzsche preceptorial. ah.. st. johns profanity
1478,373,3.0,0.87,0.02392106653729019,0.04000000000000001,0.03077226206709157,"personally, i didn't like his teaching style. i hate sitting in circles and having discussions, especially when the people are all super against corporations and they get into these big tyrades about how bad they are. there was too much focus on that, and it got to be quite annoying. should have dropped"
2758,284,2.5,0.6,0.0661830299708686,0.0,0.03075909274544645,"if you can get to him on a good day he can be kind and helpful, but on a bad day he is rather condescending and makes you feel like a complete idiot. he makes really weird and boarding on inappropriate jokes. his tests are really tough and there is never enough time for examples in class. he is also a very slow grader when it comes to lab reports."
6451,1363,3.0,0.73,0.02423111794519886,0.07125000000000001,0.03066707047893821,"every conversation turned into some kindof race speech about how the african americans suffered. got pretty annoying and i dont think i learned very much. she is nice, but, eh?"
7288,897,4.0,0.71,0.009599276063444925,0.11791666666666667,0.030433380413613494,"she is seriously a very intelligent woman. she will keep ya entertained for hours with her stories about her trips to geneva, paris, australia, switzerland... i dont think theres a place this woman hasnt been to. knows the subject... definitely recommend!"
18100,1020,2.5,0.75,0.007815650963021205,0.11125000000000002,0.030367062330708943,"as crazy as it seems, she actually helped me out with the final. all her crazy rambling on about all this weird stuff was exactly what i needed to know for the final. i just took the final and believe i did extremely well!"
14753,453,5.0,0.7,0.005694851819085766,0.13125,0.03023910739008111,my experience with doctor greg detweiler made me choose a different career path. originally i pursued music as a hobby. i graduated from msu with a degree in political science. through his support and guidance i now coach voiceover and have a successful career in the arts. it started with concert choir and ended with practice!
11044,351,1.0,0.67,0.05495032294078765,0.0,0.03013578113931039,"he was nothing but a bully, disguised as a teacher. yelling and taunting kids were his main teaching methods. if you can switch out of his class."
15672,72,3.0,0.76,0.0040846731845847655,0.11791666666666667,0.030050410555595215,his lectures are either really intriguing or extremely boring! profanity he doesn't find that medium or balance and he almost seems biased most of the time... i'd be careful about taking him... but he does his job
8113,396,3.0,0.67,0.04770210029869977,0.020000000000000004,0.02999965121658287,dude is huge and i mean huge and is a rude guy but he knows alot about politics
16072,601,3.0,0.85,0.002377080184730114,0.10250000000000001,0.029976674076999384,i definitely agree about her voice! it was like nails on chalkboard to me. she's a nice lady but you can tell she lives and breathes astronomy so much that her social skills took a back seat! she would ramble on and on about the easiest topic leaving us to figure out the harder stuff ourselves. she nit picks to the smallest detail on the homework.
12255,980,5.0,0.8,0.02080137584808536,0.06,0.029910629743787772,"you were a great friend, owen. we had a lot of great times. you were my sounding board when i got frustrated. you were a credit to our department. i am going to miss you very much. until we see each other again, dude."
18205,711,5.0,0.6,0.02910062244665353,0.1,0.02979127718609021,i took kathy's photography class in 2000 2001. she was excellent at motivating individuals with photographic art. i wasn't the best photographer but i did enjoy the projects and they surprisingly came out well. i always admired my classmates and their creativity with her projects. she was excellent thanks kathy
5913,162,1.5,0.74,0.03267376385986409,0.04000000000000001,0.029711214463817047,she was very rude and demeaning to all of my work that i submitted. she doesn't really teach very well. do not take
2625,1221,5.0,0.81,0.04063799579234455,0.0,0.02962509893261918,"whoever gave grout a emoji must be a terrible design, grout is the greatest man on earth, and a modle teacher"
12014,69,5.0,1.0,0.0,0.08458333333333333,0.029604166666666664,"never forget to pay attention to the a ness of the piece and when in doubt squish. eww, no... don't do that, did i say that?"
16281,474,5.0,1.0,0.0,0.08458333333333333,0.029604166666666664,"i had her for aerobic walking... she's awesome, she would let us play basketball, tennis, anything if the weather was nice. besides how hard can aerobic walking be?"
5666,846,4.5,0.84,0.003282164061209129,0.1,0.029472393648971095,"he's very.... colorful... rainbow colorful. he's got 6 rings on at all times, three on his left and three on his right. an earing. and he runs around like a chicken with its head cut off... but god is it a great class."
13362,694,1.0,0.63,0.04096477117573351,0.051250000000000004,0.029453903864509124,do not take! she is unhelpful and super rude if you ask her a simple question she gives you a condescending answer and makes you feel stupid. she doesn't make things clear and there are way too many quizzes the last few weeks you will have two a day. i really feel like she sets people up for failure
10035,1153,3.0,0.67,0.020972650964779852,0.09333333333333332,0.029416801396145806,he was very mean to me... i worked very hard but he gave me an c.
741,1010,5.0,0.67,0.04660336383441286,0.020000000000000004,0.02939708366382782,professor grobstein was an incredibly engaging and downright lovely professor. i am very grateful to have had the opportunity to share stories with him. he will be greatly missed. rebekah
3,787,4.0,0.62,0.031944564881063946,0.08000000000000002,0.029264246504417984,i overall enjoyed this class because the assignments were straightforward and interesting. i just didn't enjoy the video project because i felt like no one in my group cared enough to help.
13104,283,4.0,0.67,0.04241291856390656,0.03125,0.029258363763666077,buddy likes his flow charts. how's those working for you at the lc there dave?
10002,537,1.0,0.8,0.04072924087302627,0.0,0.02914347240449588,she makes one mistake per minute on her videos. what a waste of space. extremely rude and full of herself. don't plan to learn anything.
19198,225,1.0,0.6,0.026703558998881077,0.10250000000000001,0.029083886019878956,"take my word for it. do not take her. she is such a rude person, doesn't care about her students, doesn't thoroughly teach. if you don't understand something, too bad. when you ask questions, she will either laugh or not even acknowledge you. i learned by asking other students, not the arrogant professor! please don't take her! please please please"
15017,849,5.0,0.78,0.042056501544812976,0.0,0.028971771232414602,"very enthusiastic, brilliant ask him about his nasa project someday, sense of humor, challenges you with the material but willing to talk it through"
14645,1352,4.5,0.64,0.056538187994049874,0.0,0.028947552252953535,"he'll spend the first hour talking about current events. digresses so much it's insane funny old guy with good stories and one liners. study guide has everything you need to know, so show up if you want. easy a."
8962,1181,3.0,0.82,0.02796539615442877,0.03125,0.028887018028720034,it's a good thing fys 114 3 is no longer being offered because it was awful! he was so unclear and never taught. it was like he didn't even care. he worked with a professor that he hated.
3697,63,5.0,1.0,0.0,0.0825,0.028874999999999998,anthony is one mean shut your mouth!. i'm talkin ' about anthony and we can dig it!
7162,1301,5.0,1.0,0.0,0.0825,0.028874999999999998,mr mcdonald puts the fun in mafunmatics! i highly recommend! profanity d
19867,1239,5.0,1.0,0.0,0.0825,0.028874999999999998,"she is the best, super supportive and sweet and will do anything to help you! i highly recommend her!"
15637,1041,3.0,1.0,0.0,0.0825,0.028874999999999998,the most unhappiest women i have ever seen! she does not know to smile!
4070,1390,5.0,1.0,0.0,0.0825,0.028874999999999998,"she rocks my world!! she's very friendly, intelligent, and really cares about you."
16877,783,5.0,1.0,0.0,0.0825,0.028874999999999998,i love salvo! he's so nice! and a good director.
17209,800,1.5,1.0,0.0,0.0825,0.028874999999999998,has her favorites and is a tuff grader if you stand up to her or ask questions that she does not like and ay to stuck on napoleon i mean hello there is more to history!!
8097,355,1.0,1.0,0.0,0.0825,0.028874999999999998,"i am miserable! he doesn't have any idea about what is going on, so we definitely don't. he has worn the same outfit every class. he will bore you and confuse you. do not waste your time! profanity ps everybody faied the midterm."
1852,260,1.0,1.0,0.0,0.0825,0.028874999999999998,"what a dart, can you say pompous idiot? his way or the highway and frankly his way blows! sorry to all the members of daniels fanclub but you went to art school to be creative not to become little dart i mean daniels"
11836,772,1.0,0.87,0.0065639258358603835,0.0825,0.028758049621967378,"doctor perdue has her good moments but i would avoid her if you have the chance! she is super opinionated and shoots down others opinions before they even try to share. very intimidating, does not like to answer many questions and rarely answers emails. she does allow for make up exams. the study guides she gives don't help much. read the book!"
18318,971,1.0,0.78,0.0088141437737582,0.09375,0.028675651951256494,"two words drag queen! she always sits there sucking on her teeth, and sighing throughout the student's entire speech. she is a mess in a designer dress, despite shoddy attempts at professionalism, and is always complaining about her medication! she is an attendance hound, but missed 5 days herself last semester. avoid at all cost!"
15337,916,3.0,0.71,0.024467227321823496,0.06666666666666667,0.02859700251587282,yeah.... up to date on current events.... so he reads the newspaper. this guy uses discussion of current events as a crutch because he doesnt know the real material very well. course was way too easy. a waste
11780,1058,5.0,0.87,0.0015747515634279119,0.09583333333333333,0.02849634051224346,great class!! radhika is fantastic. she has great energy and is brilliant... but not condescending
11758,837,2.0,0.66,0.04609939027614091,0.020000000000000004,0.02847117806716406,"this professor is very knowledgeable and her tests in j210 were cake, but she was very rude to me and other students. she promotes class conflict and makes assignments more difficult than they need to be. her personality is very abrasive."
13127,870,1.0,0.62,0.03475593442251273,0.06666666666666667,0.02835851180571696,"everyone has pretty much said it all, but here it is again. she is very unclear, runs about four weeks behind in her grading throughout the whole semester. so it is hard to tell how you are doing. she gets mad very easy and does not have a sense of humor at all. terrible teacher... do not take her class..."
325,307,3.0,0.6,0.06092008970092702,0.0,0.028313099143338277,"class structure is great honestly just do the online homework, exams, and papers. if you try to speak with her outside of office ours even if it's before or after class she won't talk to you and is quite rude about it. feedback through e mails are short and obviously rude. lectures and powerpoints are very non specific and all over the place."
9187,88,1.5,0.79,0.00438889658357004,0.10250000000000001,0.0282719939258433,"im withdrawaling from his class, im so over it. i tried its just not me. if yer in to it and can stay awake for 2hrs in the morning watchin the great train robbery then try it out but im outa here!!"
10928,774,3.0,0.6,0.04675893449699126,0.04000000000000001,0.02823820097281854,"upon meeting doctor iten she can seem rather intimidating but you need to go introduce yourself. i struggled at the beginning but then realized that if i just start preparing at least a week in advance, it is so possible to do well. doctor iten and the lab manual both put on a scary front but she makes a way bigger deal of it than it really is."
6013,712,5.0,0.6,0.0058414373964764555,0.15625,0.028131307980022155,"she is an awesome teacher!!! there is nothing bad to say about mrs johnson. if you speak up and say you need help, she will go above and beyond to help! she truly cares and wants her students to succeed. she is an exceptional teacher and person. take her if at all possible!"
14631,1352,4.0,0.68,0.04313027533258774,0.020000000000000004,0.028110169152307445,wayy cool. funny if you actually listen to what he has to say. actually knows what hes talking about. easy a if you attend class. just sit in the front so you can hear him. i recommend
1319,1306,4.0,0.64,0.022072419385355625,0.09375,0.028101078725302077,"a total bore. he has a powerpoint presentation for everything. wanna know the history of the magazine? powerpoint presentation. send an e mail? powerpoint presentation. chew gum while walking? powerpoint presentation. still, he's smart and a"
8912,1305,4.0,0.62,0.045814865090657936,0.03333333333333333,0.0280618220873809,you read you're ok. he doesnt lecture to much... but it's still fun.
19091,1098,5.0,0.7,0.008929289078831042,0.11125000000000002,0.02803376031455704,"just when i thought i couldn't take another minute of stupid multiple regression, dukes assured me that i could! wonderful professor and a truly decent human being."
3619,580,4.5,0.64,0.03676574245131772,0.051250000000000004,0.02800806013507467,she reminds me of chris rock. her crude humor will keep you on the edge of your seat wondering what she will say next? this class is everything you wanted your tenth grade health class to be like. very easy b if you show up. you might not like her if you are easily offended or are uber sensative.
283,621,5.0,1.0,0.0,0.08000000000000002,0.028000000000000004,"his enthusiasm was contagious, and i even appreciated his quirks. i still display those brass and copper mobiles in my living room. judging from the other ratings, i was very lucky to get on his good side."
13731,13,1.0,1.0,0.0,0.08000000000000002,0.028000000000000004,"gives you a zero on your project if you are missing a newline or have entered an extra newline, even if the project is 99 percent functional. is unwilling to help you, even if you meet him in person. i met him in person and asked what i could do differently, so he asked me what i could do differently. wtf."
14317,315,2.0,1.0,0.0,0.08000000000000002,0.028000000000000004,"sometimes, i would love to get inside the little man's brain to see what goes on, but then i realize that a. it would drive me insane or b. i would get lost and wouldn't be able to get back out again and c. it really isn't that worth it."
8626,1250,1.0,1.0,0.0,0.08000000000000002,0.028000000000000004,"i heard she was gone, i hope so. she is not to be trusted. she'll be nice until you screw up and then you'll wish you never knew her. i have not been the same since she screwed with my life."
3060,103,4.5,0.78,0.004622530753946583,0.10250000000000001,0.027897831569057886,she was a great teacher! i took her in a mini over christmas break. she was good. i would suggest her to anyone!
6033,1103,3.5,0.66,0.010009387645179956,0.12,0.02788673333364871,didnt respond to emails quickly at all. i had to go out of town for a family emergency and asked to take a proctered test from my laptop but she said no so i failed the midterm for reasons out of my control. i still passed her class but she was not very helpfull or sympathetic towards my situation at all. not a good online teacher to take.
16477,676,3.0,0.75,0.028874754044281255,0.04000000000000001,0.02784796963751788,"do not challenge her, and if you don't agree with her, you will become her enemy. she can be very rude and disrespectful in a sneaky way, so that it doesn't bring everyone's attention to her, only to the person whom she is attacking. i got an a in her class but i would not take another class taught by her. she seems to have issues with foreigners"
9195,88,1.0,0.82,0.0024039979627948956,0.1,0.027774023795255634,horrible class and person..... enough said.... wait one more thing.... wiffed out
16478,676,2.5,0.74,0.029593346995813563,0.04000000000000001,0.027750307124941236,"she is very opinionated, and if you disagree with her you become her enemy. she can be rude and disrespectful in a sneaky way that doesn't bring everyone's attention to it, only to the person whom she is attacking. i received an a in the class, but i wouldn't take another class taught by her. she seems to have issues with foreigners."
10595,212,4.0,0.93,0.001821714770212353,0.0825,0.02753064089809801,"i would take him again. is that not enough? he has office hours, and is there, and will talk with you about concerns, projects, et c. is that not enough? he knows what he is talking about. there. take the class."
1516,320,1.0,0.77,0.005367424438032335,0.1,0.027275148812794664,"i hope he's a better teacher than advisor. after two years with him, i walked in at the end of my junior year to ask about my thesis and he didn't even know my name."
3695,63,3.5,0.6,0.009666468749028784,0.13999999999999999,0.02726571077349436,"i found his lectures clear, although i found that i could teach the material to myself better. this professor took me before the senate on plagiarism charges which i was innocent of and he ignored me as a student after the allegation which was extremely stubborn of him. he has a rep for doing, watch out. i still thought he was a good professor thou"
9743,1039,3.0,0.79,0.003775458310938395,0.1,0.027226861154962746,"i took his online intro to statistics class. he didn't leave feedback on problems i'd miss, in order to tell me what i was doing wrong, so i'd have to commute to college to talk to him in person."
18606,1243,5.0,0.63,0.003459223337840228,0.14500000000000002,0.027107159382680074,"doctor larkin is simply the best ped professor in ped at john jay! i have taken 2 classes with her. she is excellent! take ped 110 online with her it is an easy a, forget what the other people say. se gives good feedback. pe minor students should take her! forget these other teachers, they are too serious she is the best one to take! easy a"
18884,839,5.0,0.74,0.003610522308390254,0.11125000000000002,0.02708488262509575,"doctor fressola was absolutely awesome. if you were in her class you walked a straight line. at the same time, i saw the passion she had for teaching, and nursing as well. today, 12 years after my nursing ceremony at bergen, i thank her for being who she is, and for believing in me. thank you. doctor fressola. she was simply marvelous!"
1737,1262,4.0,0.76,0.04082162747145385,0.0,0.02704647702655753,"tarkow is a great guy. some of his jokes get a little old after a while, especially his comparisons to wal mart and mu sports teams. eager to help and enjoys what he does."
9635,402,3.0,0.92,0.001717374645746811,0.0825,0.026995720944628022,"his coursereader is useless. most of the content is copied from the book. we have to buy it only for three coverpages. he also doesn't allow us use copies of his coverpage. may i ask, who wants to spend 30 bucks to buy only three coverpages!! so he is just a thoroughly profiteers."
1089,338,1.0,0.76,0.02657221990024091,0.04000000000000001,0.026881231381959525,oh my goodness what a bore she's such a nice lady that's why i feel horrible for saying this but she is undeniably boring she goes from a to d to z and then back to b it's extremely difficult to stay awake
2696,426,5.0,0.79,0.03112481196637288,0.020000000000000004,0.026769998529577038,"she's a good teacher. i know most of the stuff we are doing already, but she keeps it interesting."
14913,934,5.0,0.79,0.00921393606577525,0.0825,0.026744807643203805,"easy, easy easy. very interesting lecturer and tests are cake. i mean really, she gives you 8 10 long answer questions to choose from, and you pick two. what more do you want??"
1971,733,5.0,0.83,0.013418986975659531,0.0625,0.026688112499049198,"what do you expect, people? human anatomy is no picnic. professor riegle is good. and he looks like santa claus, isn't that cool?"
2253,1105,2.5,0.81,0.029580905061848007,0.020000000000000004,0.0266674797900872,"i don't doubt for a minute most of those posts about his great sense of humor and how a good professor he is, were posted by the same bender. he uses the projector to show old sheets he probably has been using for the last 20 years. som should pride to have a real good professor for this core class. his jokes were probably funny 20 years ago."
9824,994,5.0,0.8,0.008131199979974362,0.0825,0.026479481198135695,fabulous professor. i highly recommend her! she is the best!
3417,1016,5.0,0.83,0.03498953990610361,0.0,0.026457899980188188,amazing teacher. really liked him. brilliant artistically. highly recommended him. a treasure.
3599,166,1.5,0.83,0.002077002597849612,0.09375,0.026382255170248576,wolfe's an excellent professor. he's extremely strict and the majority of his testes are extremely challenging. take him only if you're serious about biology!!!
2786,735,1.0,0.77,0.005933697222135054,0.09375,0.02617973055937521,horrible teacher. he was confusing and boring. he graded weird. really was not considerate if you did not understand. dont take him!!!
10371,569,3.0,0.85,0.007659135412927941,0.07333333333333333,0.026116140677060123,"he's okay... a little nitpicky with the papers. nice guy, but i dread taking him again b c i know there'll be several papers involved. but he did take us on a day trip to ny that was pretty cool."
12705,1309,3.5,0.61,0.0056587618887895,0.1379166666666667,0.02569341981992708,"nice guy yeah, understanding... not so much. lost an assignment i spent 5 hours on... too bad, that's technology. has an interest, but not enough to keep me awake at 8am!"
2948,561,1.0,1.0,0.0,0.07333333333333333,0.025666666666666664,"would contemplate slitting my wrists during his class, just for entertainment to keep me awake... so boring"
18846,335,5.0,1.0,0.0,0.07333333333333333,0.025666666666666664,"i gave you a hot pepper, too. i don't know why it didn't show up on here... here, have another."
18429,277,1.5,1.0,0.0,0.07333333333333333,0.025666666666666664,i had him for an internship advisor.... he made me not want to do anything in psychology. he shoots down your dreams
6133,983,2.0,1.0,0.0,0.07333333333333333,0.025666666666666664,she liked to single minorities out and ask them things about their culture. i would have felt uncomfortable it were me...
7612,275,4.5,1.0,0.0,0.07333333333333333,0.025666666666666664,he is a very nice guy... i think i can live with him for the rest of the semester..
19977,730,1.0,0.67,0.004766488177941521,0.12,0.025647613643749605,he is by far the worst teacher ive ever had in my life. he doesnt care if you fail or do well. he was supposed to help me with doing a program with my internship and rarely answered any of my emails when i asked him what to do. i messaged him at least four times a month for the entire summer and he answered 3 times.
2286,183,4.5,0.66,0.01185829141827567,0.10250000000000001,0.02559394811567561,she is very nice and caring. she'll help you when you need it! so far this class has been easy yet full of information. i would take her again if i could!
1268,857,4.0,0.88,0.006056280276251731,0.07125000000000001,0.025585773921705482,"im continuing my review from the one below the other comments seem ridiculous. her looks don't matter, it's about how she can help you. if you are not afraid to ask for help take her. she won't push you away. she does have a little tardy issue but that just means you can be a little late yourself. i wish she was teaching 131 this semester!"
13450,658,1.0,0.79,0.02925455116092687,0.020000000000000004,0.02545676243923578,"he is pretty much one of the most useless professors at montclair. i don't really have anything to say about him other than the fact that he is useless and a miserable human being. what a shame too, because the fcst department is full of wonderful professors. unfortunately for him he just cannot compare. take somebody else."
15169,617,4.5,0.83,0.0032633816648958243,0.08666666666666667,0.025404693158911047,"his classes are amazing... i highly reccommend him... difficult to get in touch with, though. sometimes doesn't keep appointments respond to e mails."
2531,30,1.5,0.8,0.03531612424750901,0.0,0.025270161446162807,"she is hostile, defensive, patronizing, inflexible, unsympathetic and mean. she seems to actively dislike students. if she doesn't know the answer, she'll ignore your question or pretend that she does."
1523,320,5.0,0.6,0.04035529152998319,0.04000000000000001,0.025262056664864876,"don't trust the last few entries. hamlet's class changed my life, and changed the way i read everything. those who react badly to him must just be superficial or lazy."
7522,172,1.0,0.6,0.054334318524919496,0.0,0.025252309292945082,the man is insultive and unable to conceed any point. he is an awful lecturer and his theories are ridiculous. what a waste of money.
18811,1278,5.0,0.69,0.04402886557665227,0.0,0.025235454556480002,very good lecture class. makes history very interesting. throws in a few jokes.
7529,869,5.0,0.77,0.004173692416939823,0.09375,0.024990544138858716,love this professor!!! her voice is soft and monotone but she is wonderful.
3471,1273,5.0,1.0,0.0,0.07125000000000001,0.0249375,"people say she is biased towards palestinians, but are you kidding me? thank goodness, cause i don't see a lot of folks pulling for palestine in the us r in other regards she's a valient professor who keeps and open mind towards other views."
8117,396,5.0,1.0,0.0,0.07125000000000001,0.0249375,i think he's forgotten more than i'll ever learn in political theory. where does he get his memory?
10695,513,5.0,1.0,0.0,0.07125000000000001,0.0249375,"doctor rogers is extrememly helpful and if you go to him he will help you in anyway. i went to him so many times and he was so nice to me. if you show him you care, then he will help, and if you're not willing to talk to him then don't complain!"
14691,446,3.5,1.0,0.0,0.07125000000000001,0.0249375,he's not that bad. he just goes a but fast. i have to agree when he says any questions? its kinda pointless top say that cause i'm totally not following whats going on. nevertheless he's not too bad. he could be worse.
12245,207,5.0,1.0,0.0,0.07125000000000001,0.0249375,he's so cool! whenever i feel like giving up he inspires me to keep going.
17609,657,3.5,1.0,0.0,0.07125000000000001,0.0249375,he is so not hot. i dont know what you're thinking. haha.. and he's so monotone! i sleep almost every day. hahaha
408,361,2.5,0.73,0.007996111555597651,0.09125,0.02490708364874097,"doesn't like upper middle class white people, i never felt like she was taking me seriously. i agree with the previous poster, she can be catty. everything had to do with race in her class, it got old, fast. there's other literature to read other than stuff on race!"
236,52,5.0,0.83,0.025829334980962817,0.020000000000000004,0.024824426490697837,she is the best. not so easy not so hard. give a lot of respect. she is veryyyyyyy kind. i loved her. take her. you will learn a lot
1595,1005,2.0,0.72,0.005592531514817505,0.1,0.024799611714902862,"in my experience, doctor bender was not willing to help out, and when he did try to help me was extremely unclear on every answer he gave me. i've never disliked a professor as much as i dislike him."
13795,1393,1.0,0.71,0.019383799867629233,0.0625,0.02468335072737685,absolute worst teacher at sonoma state! profanity do not take a class with him unless you want your semester ruined! profanity
11646,957,5.0,0.68,0.010900942569223571,0.09333333333333332,0.02443020424398869,she is a mentor to me.... truly my hero thank you nancy estrada i feel really connected to you.
11442,250,5.0,0.77,0.00808442521380929,0.08000000000000002,0.0243812450566832,i never took his class i am one of his patients. dale is nothing short of a living saint. knowing that someone like dale is in this world makes me think if i could learn to be half as awesome as him all the pain is worth it.
17807,1114,4.5,0.72,0.021619793115682854,0.051250000000000004,0.02416714289926555,"this guy is pretty good. i wasn't a huge fan of the material, but who does like quant?"
18110,1020,2.5,0.71,0.04039054585990102,0.0,0.024163912007347074,"she calls herself a feminist, but that's just her justification for despising men. had her for sociology of linguistics and she doesn't know a single thing about linguistics. the worst thing is that when she doesn't know something, she just makes it up. the studies she had us read were bogus, too."
11341,174,5.0,0.84,0.0033803214410376013,0.08000000000000002,0.02415885332038089,"shangraw is the man, he reminds me of my grandpa cause he tells lots of stories but they all have some sort of meaning. he's also a big hunter cancelled class for us today nov 15 firearm deer season cause ferris univ. is too gay not to. i'm stuck coming to my other classes this afternoon."
14856,296,5.0,0.67,0.03698287686332059,0.020000000000000004,0.0241210293242231,alsop is the god of bio at queens. he is very fair and a lot of fun to work with. i wish every professor had the enthusiasm of this guy.
4218,14,4.5,0.81,0.014410670351351193,0.05333333333333334,0.024113378686135025,i dont think he needs to be fired... liked him as a professor and learned a lot
9571,782,3.0,0.71,0.0073841712354447316,0.09375,0.02404792522712209,took him fall 2002 for creative writing in poetry. made us spend dollars 40 to buy two of his poetry books that we opened only one of once. he has a very pompous attitude. takes roll and calls you out if you're not there. don't bring food to class!!!
7523,172,1.0,0.73,0.009418250062556746,0.0825,0.023883970052705192,"complete jerk! i do not suggest taking this class by any means. he is unclear, boring, and incredibly pompous. he thinks that just because he is old and graduated from harvard he is intelligent. he is not!"
9232,1248,4.5,0.73,0.00939328666458226,0.0825,0.02386840007500253,"wow, ms sailors is so hot and smart too! she showed us american psycho in class. it was so cool she's into the stuff i'm into!"
14847,296,5.0,0.67,0.010503885559646653,0.09375,0.023755513072746016,a maniac who digs insects! a blast to work with! bring on more rolling rock!
3878,747,4.0,0.88,0.007736429325945982,0.06,0.02372230097449858,"awesome job this past semester. i didn't think i would have fun playing golf, doing track and field and archery but i had a blast. very nice to give us cool t shirts at the end too. tests were fair and easy."
373,924,1.0,0.6,0.04001934069384155,0.03125,0.023682599445911123,"bad attitude, bad professor. what else is there to say?"
10001,537,1.5,0.67,0.03214631336295991,0.03125,0.02362796614593373,"will not provide any assistance when needed. she comes across as very arrogant and can frankly, quite rude. she does not understand that this class is an online environment and dealing with numbers online can be tricky. the fact that all of her ratings are negative speak volumes. please be mindful of this when taking ber 540!"
1888,820,1.0,0.72,0.027707249787236078,0.03125,0.02360963344188558,this woman is brain dead. she gives no help and has admitted she doesnt know what she is teaching. if you tell her she is wrong and prove it she doesnt care. constanly late. blames you if she lost you work or if you have equip problems. must be fired!
18492,360,5.0,1.0,0.0,0.06666666666666667,0.02333333333333333,she is such a sweet old lady.... she cares so much that sometimes its smothering... but its for your own good.. she does give alot of work though.
2047,304,2.5,0.87,0.02165926734391099,0.020000000000000004,0.02325647894134069,"she's picky about students. apparently, she preferes girls than boys. i can not believe she inveited her favorite students to her home for dinner while she gives others sh t."
15606,1364,4.0,0.85,0.011688191628555689,0.051250000000000004,0.023216507389039104,"doctor krieglstein is one of the most shameless self promoters ever encountered. all required texts were authored by him, only one about ethics 80 pages. did film analysis based on the 3 or 4 ethical theories actually covered. final entailed giving our opinion of his novel did we like it and why?. got 100 percent and feel that i learned nothing."
1882,820,1.0,0.8,0.02542024482011304,0.020000000000000004,0.023198038804786627,the professor did not explain the materials properly. her quizzes were based on a book full of errors and she did not assist anyone in finding the answers. how she can teach at this school and take me money is ludicrous.
19612,251,1.0,0.67,0.0031329872335902984,0.11125000000000002,0.023072239212530026,"when i asked if she wanted opinions, facts, or both for a paper she said and i quote i never want your opinion the 60s were all about voicing your opinion! meanest, most unhelpful teacher i've ever had. do not take her classes at any cost"
13410,450,3.5,0.64,0.009144816779157464,0.10250000000000001,0.023050146190928624,this class was so freaking hard. i'm sure its easy for mathsciency people.. but this was just really confusing to me. the lecture was so freaking boring. he is a nice man though!!
10418,1180,2.0,0.63,0.02509330352542978,0.06,0.02304881804617005,i was very turned off by this individual. too bad he's very very opinionated and can't take a question for a question and not an attack on his views. i'm dedicated to trying to make it through my college career without having him as a teacher.
14694,446,1.0,0.8,0.010292778424857013,0.0625,0.023017388557802047,"the worst professor ever! profanity all he says is, any questions? when he dam well knows he can't answer it."
19429,600,4.5,0.71,0.038371085470235135,0.0,0.022955756432340223,"one of the best prof's at psu beaver. maybe disorganized, but admittedlet so and she isn't afraid to laugh at herself. funny, smart, and hot for her age."
15000,106,2.0,0.73,0.029668919571098695,0.020000000000000004,0.022870855189111666,"she's a tolerable enough woman but as a big fan of art, she bored even me to tears. you have to show up but if you bring a laptop, you can entertain yourself on facebook the entire time. she'll let you use notecards and make sure you do the chapter quizzes and you'll be fine. bring something to do it's unspeakably boring."
8171,104,3.0,0.67,0.03461350590428229,0.020000000000000004,0.022821622135363494,easy class. material is interesting and easy. teaching assistant's were very helpful and friendly. doctor todd was mean though. asked a question outside of class and she was very condescending and rude. very discouraging since i had always heard great reviews of her.
1200,1031,4.0,0.69,0.039734652152285006,0.0,0.022774195872951458,"can be dry at times, but a nice guy overall. wizard of whitmore. can be funny. great attitude. knows what he's doing and teaches very well."
17489,533,1.0,0.7,0.038819344998280055,0.0,0.022735015951407492,"for one he is not an english teacher but grades like it, but worse. plus he doesnt even care what you say just that it is his view of grammically correct, so boring and he gets in your face and is very rude to many ppl"
3685,630,5.0,0.71,0.03796714747693638,0.0,0.022714097848166796,pretty cool. keeps things to the point mostly. wanders around a bit but that's ok. funny. doesn't take himself too serious.
16272,474,2.0,0.89,0.01608927380340504,0.03125,0.02269233659682995,"awful teacher! not very helpful, rude and inconsiderate, makes things a lot harder than they need to be"
13286,743,2.5,0.69,0.02152606425265893,0.051250000000000004,0.022618819933048675,she only likes the people who know what they're doing and if you don't do it right after two weeks she makes you feel like an idiot. i liked what she was teaching but she's a bit arrogant about it. beginners beware!
5492,65,2.0,1.0,0.0,0.06458333333333333,0.02260416666666666,"if you don't care about your voice and are okay with being exploited by your colleges pr department, then this choir is perfect for you! but really... way overhyped. the straight tone, blending, and the schedule are antithetical to a healthy singing technique."
12866,1101,2.0,1.0,0.0,0.06458333333333333,0.02260416666666666,if you white she wont ' help you... and what college professor marx 4 attendance?
1877,820,2.5,1.0,0.0,0.06458333333333333,0.02260416666666666,as all the others say she was lazy and didn't know very much including the osi model! as of summer 05 she has been laid off with a bunch of other staff. devry is going down hill fast...
8794,565,3.5,1.0,0.0,0.06458333333333333,0.02260416666666666,if you get past her physical attributes you really learn something. wow... what a novel concept!
13648,615,3.0,0.8,0.017563610502385658,0.04000000000000001,0.022585081183571405,very confusing at times. i would have no idea what he was talking about. he likes to jump around a lot. tends to forget things a lot. stuff like oh yeah you need to know this to do this problem but i forgot to teach it to you. is a very interesting person though and has some funny stories.
3811,563,5.0,0.8,0.0025552522003826628,0.0825,0.022489657750405755,awesome teacher! she's also my accompanist and she's just wonderful!
15288,867,4.5,0.78,0.025486657743968598,0.020000000000000004,0.022379322618195533,"doctor brown is great. she's extremely energetic, she can be hard to keep up with. but she really knows what she's doing. i would definitely recommend her. anatomy is pretty horrible so having a good instructor makes a big difference."
17454,231,5.0,0.76,0.004901671858601271,0.0825,0.022378823090678117,"colleen whitley is so awesome! she is such a sweet lady and gives students a very fair chance. she is willing to help you always. she changed my opinion about writing and she'll change yours too! take her college writing class if you are interested in becoming a writer, she'll help you on the way."
11736,1027,3.5,0.65,0.02867722603792456,0.04000000000000001,0.02236486175950949,"while much more cantankerous and demanding than most professors, professor bloom retains an incredible degree of integrity. it took me a good seventy percent of the semester to warm up to him, but venerable and somewhat scary character that he is, i hold him in the highest esteem."
3815,681,5.0,0.71,0.004525286200959811,0.09375,0.02233757828969686,"easy!!! she was hyped on coffee all year, but was extremely easy. she related everything to students."
9189,88,1.5,0.74,0.013860355498805444,0.06,0.02219112865248422,"our nickname for br was the corpse because he was about 98 percent dead. i think if he smiled his face would crack. the tests were the most awful, obsurd things i've ever laid eyes on. oh, and i'll pay someone five bucks to ask him what br stands for."
16835,1191,5.0,0.81,0.0023869157839788687,0.08000000000000002,0.022152061606520602,"took her online. very easy class and as long as you participate you are golden. the only problem i really had was the discussion boards because it seemed that she just gave you whatever she felt she wanted to at the time. it worked out for me though. she usually quick to respond if i had a question. overall, i say definitely take her."
13446,658,3.5,0.63,0.005330466367424303,0.11125000000000002,0.022136063680352674,"i've read a lot of reviews about how doctor caspi is emotionless but he does try to notice and get to know your personality but you have to be open! i'd have my off days and he'd always notice and he genuinely cared. in regards to the class, he likes messing with your head but its a good learning tool for this specific class. i found it interesting."
3521,998,5.0,0.64,0.010133287255128005,0.09375,0.021988243074625536,really nice and understanding professor!!! go see her if you ever need any help.
563,558,5.0,0.76,0.004274403946411068,0.0825,0.021963225079834166,i cannot understand how anyone can say that doctor kent does not offer feedback. he is always available after class and during office hours. he will answer any questions you have but you have to ask. don't expect him to know that you don't get something. ask him. tests are intense but he practically gives you the test in his reviews! study them!
242,52,4.5,1.0,0.0,0.0625,0.021875,she a little droopy. but she is fun if you give her a chance. very intelligent!!
16867,783,5.0,1.0,0.0,0.0625,0.021875,"mr salvo is the coolest! he makes the hour and a half of community go by fast with his funny jokes and silly remarks. take him if you can, he's a sweet old man!"
15329,678,5.0,1.0,0.0,0.0625,0.021875,"julia rocks, she is so much fun top talk to! love the simpson quotes!"
7485,42,3.5,1.0,0.0,0.0625,0.021875,why does doctor andy not have a chili pepper? the beard!
15091,218,5.0,1.0,0.0,0.0625,0.021875,christian is great! take anything you can with him! profanity
12246,207,4.5,1.0,0.0,0.0625,0.021875,chris is the mother freaking best! especially when he lets you make a storyboard that includes menuedo and haggis and sloths!
12689,1258,4.0,1.0,0.0,0.0625,0.021875,"quotes come on, it's easy plug this guy, this guy in!!"
19818,1140,4.5,1.0,0.0,0.0625,0.021875,he is really nice and easy! take him if you can!
13287,743,5.0,1.0,0.0,0.0625,0.021875,kim is excellent and makes zumba lots of fun. but it would be good if she would turn the volume down. loud music is bad for our hearing and hers!!
16866,783,5.0,1.0,0.0,0.0625,0.021875,"sweetest man ever!! take him if at all possible, one of the best people ever"
16869,783,5.0,1.0,0.0,0.0625,0.021875,mr salvo rocks! he is very sweet and understanding. also he will take time out of his schedule to help you if you need it. highly recommended!
19615,251,1.0,1.0,0.0,0.0625,0.021875,"dale, why so angry? and at who? as someone who would like to engage in a great discussion of these important issues, her negativity and anger keep that from happening."
13884,1368,4.5,1.0,0.0,0.0625,0.021875,hes nuts and crazy but great! he is so smart!
16865,783,5.0,1.0,0.0,0.0625,0.021875,"mr salvo is the best. if you haven't taken him, do it! he's great!"
18602,1243,1.0,1.0,0.0,0.0625,0.021875,"professor larkin is one of the rudest professors at john jay! very sarcastic, rude and mean in her comments on work submitted! avoid her at all costs"
41,1122,1.5,1.0,0.0,0.0625,0.021875,this guy is a quack! you never understand what he is saying!
6899,512,1.5,0.67,0.01800391587452994,0.0625,0.02187034063772108,do not take this guy for chemistry! warning! you will not pass.
19353,1093,3.5,0.68,0.03880476066719662,0.0,0.021759473273042482,love this class. all you have to do is show up and listen. the exams are super easy if you come to class. hes a really funny guy with a unique sense of humor. one of a kind at uri
802,753,1.0,0.81,0.00882007582195103,0.06,0.021738835274202305,"he is a very immature guy. he believes he is always right even when he is not. i've had to schedule with him, but believes it is my fault even though i gave him at least two weeks notice. he treats students as kids and not as adults."
18347,94,3.5,0.6,0.004516306461969601,0.12000000000000001,0.021618825630514645,hard grader... but i just took her for nyc film... so it wasn't that bad watch movies every week... and only had to write 3 papers all semester
1307,1306,1.0,0.64,0.042010149406175916,0.0,0.021509196495962068,"loves c's like they proved his teaching skills. is ill tempered and generally just annoying, avoid if you can, especially for reporting."
12748,35,1.0,0.77,0.017825525641252466,0.04000000000000001,0.021503624766625942,"mr glennon does not help his students. i don't know what these two posts below me are talking about. they are trying to trick you to join the class, because their is always so many open seats in his class. glennon uses his students, and constantly uses bias's against students he does not like. glennon is a predator, stay away."
4012,466,2.0,0.77,0.03179592460542498,0.0,0.0214836241679143,"hold on tight kids, get ready to be bored out of your minds. while your at it, get ready to be tested on material that isin't covered. pay close attention to her facial expressions, because she'll look at you like your doing something wrong. she's so paranoid about cheating it's actually funny. she is difficult to understand and hard to hear. dont."
4275,648,5.0,0.93,0.005248005265972197,0.05333333333333334,0.021448101208934343,ew... the not hot factor cause he's like older than my dad. way talented teacher and if you get on his good side he will definately help you when you need it. if you like basketball and hate marching band you'll be his fave emoji
5133,577,5.0,0.67,0.011010097342293116,0.08000000000000002,0.02139386436358746,"i think mr jones is a great teacher, and he was very willing to work around my schedule and help me whenever i had questions emoji"
10160,365,4.5,0.92,0.0031679783329387106,0.06,0.02132662163126771,"hebrew bible, taking care of my ger.. and she is making it great. other reviews are old so listen to me. this lady is a real sweetheart, slightly intimidating at first but that vanishes. quizzes on fridays are straightforward. two short, simple papers as well. has a sense of humor and is a little cutie. i'd take her again."
13310,1288,1.5,0.78,0.001968353026776369,0.0825,0.02124728722336101,"i took him both for 118c and 111, if you thought 111 was bad you haven't seen nothing yet. it is the same exact format but more intense. not recommended, take another elective if you can!!"
513,589,1.0,0.67,0.03853673048347223,0.0,0.02113426115668,he is really arrogant and unfair. not a very good teacher. avoid at all costs.
8954,868,4.0,0.68,0.00962370900702457,0.08000000000000002,0.021097207571831224,i learned so much in her classes. she's so helpful outside of class. we've kept in touch since i had her a few years ago and she's helped me out alot. i do agree that she's all about attachment parenting.
10765,374,2.5,0.72,0.006396188392341389,0.08000000000000002,0.02101401624314414,had her for historical methods. not clear about what she wants from you. gives busy work and is completely obsessed with slavery. i cant really stand the class but i heard shes the easiest of the historical methods teachers. she completely shut down my research topic idea and barely helped me find a new one. take someone else if you can.
17022,1207,4.5,0.64,0.008225192236410802,0.09375,0.021011298425042325,"he is kinda boring, but if you do the study guide that is half the test. he is really nice and will help you if you go to his office. he always want people to come see him and makes himself very available. good guy!!!"
13253,910,5.0,1.0,0.0,0.06,0.020999999999999998,critelli is out of this world. he'll make you laugh so hard you can't breathe. critelli will go over the material over and over but in different hilarious ways. i use to pretend i didn't understand the reading so that he would explain it again and again because he made it so fun. i would definitly take him again.
1723,73,5.0,1.0,0.0,0.06,0.020999999999999998,"my favorite uvic professor i still read ctheory, and i graduated 3 years ago."
8715,1051,1.0,1.0,0.0,0.06,0.020999999999999998,"rona donahoe is flawless. she has two fendi purses and a silver lexus. i hear her hair's insured for dollars 10,000. i hear she does car commercials. r in japan. her favorite movie is varsity blues. one time, she met john stamos on a plane. and he told her she was pretty. one time, she punched me in the face. it was awesome. no, really though, she sucks emoji"
487,958,5.0,1.0,0.0,0.06,0.020999999999999998,"nancy would ask us to explain some phenomenon, and we would always say shielding which was the correct but lazy answer in every case, and she got wise and started requiring us to defend that answer. since then i've never given an answer i couldn't defend, in any medium, on any topic. 4 instead of 5 for defriending me on facebook."
3135,337,5.0,1.0,0.0,0.06,0.020999999999999998,literally made me into the person i am today. would not be where i am without her.
14752,453,5.0,1.0,0.0,0.06,0.020999999999999998,"i'm not a major, but i've always loved music, and doctor d reawakened my love for choir. he really cares about his singers, just be ready for quartets, and remember it's not the end of the world if you have to go in for re sings."
3947,364,3.0,1.0,0.0,0.06,0.020999999999999998,"this lady lost my last paper, which i turned in on time. and then gave me a zero on it."
16479,676,1.0,0.65,0.011121346936847317,0.0825,0.020959955769690227,honestly she is the worst teacher i have ever had. she only reads the definitions from the book. we always got off topic so we really never discussed anything of importance. very opinionated. she shows favoritism and if you're not on her good side you won't do well. don't take her!!
14738,184,5.0,0.71,0.0070329656762168746,0.08000000000000002,0.02095870412083085,idk what everyone is talking about. she's great. always gave me back all my papers and replied to my emails. if you're leaving a negative comment then that probably means you got a bad grade. which is obviously your own fault. i got a 98 percent emoji and it was easy
13746,1061,2.5,0.72,0.02018686891988508,0.04000000000000001,0.020886134550439413,do not take him if you want to learn something. i got nothing out of his lectures. was a waste of my money and time
6322,581,5.0,0.92,0.0017038907961937568,0.0625,0.020806791348784687,she's great. very helpful. very clear. she won't screw you over she'll answer questions to clarify anything. and she has a great sense of humour!!
17413,705,1.0,0.63,0.00568406961556148,0.10250000000000001,0.020781487992257316,"if this is the only class you have she is great! but most likely that is not the case. i had more homework in this class than all of my other classes combined! she thinks she is the best person in the world, always brags about her being on cnn. she also talks about airlines like there the best thing in the world and bashes the healthcare feild."
7394,1045,2.0,0.78,0.005095343746150891,0.07125000000000001,0.020688945739939967,she was the worst teacher i've ever had. she would have a different personality every day. and she rarely or should i say hardly ever passes anyone! so if you take her good luck and have fun
12616,477,1.0,0.67,0.004887063795413171,0.09375,0.02067514334374822,"took him for physio and animal bhvr. worst teacher ever! it is seriously a poverty to this school that they keep a man like this on their payroll. example he showed a video one class. next class he says he was sorry, he showed the wrong one. he was there watching the whole video! also, his review questions might as well be used on mad gab. avoid!"
3121,1084,4.5,0.81,0.006398030017511761,0.0625,0.020611038882766077,"incredible professor and human being. if you get a chance to take a class of his while at the college, do it! you won't regret it!"
10893,329,1.0,0.7,0.016376792069851303,0.05333333333333334,0.02052362278143863,"can barely speak english. doesn't know anything about course material. gives no page references to decode his impossible lectures. he once said, and i quote... mandarins can't be lazy, like mexicans who sleep under trees all day. but it's not worth the agony and confusion. avoid him at all costs."
4802,841,4.5,0.9,0.001146720980112253,0.06458333333333333,0.020278863381936085,"an amazing professor. very soft spoken, genteel woman... well read, open, able to talk intelligently and knowledgably about everything. on top of all of that, she's a wonderful person, too!"
5697,791,2.5,0.62,0.004877015121146765,0.10458333333333333,0.020250635425274614,"feminist teacher, impossible tests, half the class failed... only d that i ever received and i have a 3.7 gpa! profanity"
6220,858,1.0,0.74,0.002895054111943744,0.0825,0.0202239291024639,"horrible, worst class i have ever taken and she is no help at all! online for a reason and expects you to come to her office hours for help when you email and show exactly the problem is and just need a better clarification of it all and nothing no help! not recommended"
16843,1191,5.0,0.86,0.0033687911434833345,0.0625,0.02013271080623884,she is super sweet and is very willing to work with you! great class!
4305,1069,5.0,0.75,0.030950852912316296,0.0,0.020103168668146116,"he's a very nice man. and he always helps you on your tests. he tries to tell funny stories, but sexual ones make him blush. he's one of those cool grandpa types."
12146,862,1.5,0.83,0.0015196918990910341,0.07125000000000001,0.020006028627449508,paradigm. blahblahblahrhetoricalquestionrhetoricalquestionblahblahblah r paradigm. paradigm. paradigm. google me and you get 4 returns for no breach excuse and they're all linked to me! profanity paradigm paradigm paradigm rhetorical question 64 issues in a 3 hour test.
19885,1028,5.0,0.69,0.027859876382488487,0.020000000000000004,0.019980183790183563,"welp, i had this guy for tutor and surprisingly the words never judge a book by its cover comes to mind. although the tattoos and and mean face may deter you from talking to him, he is actually one of the rare individuals who will talk to students as equals and also jokes around. took him in mr li's, and peter if you're reading this. hold it, pj"
6436,369,5.0,0.72,0.0030569915316834874,0.08458333333333333,0.019954016447149434,elizabeth one of the best professors on this campus. i highly reccomend her freshman seminar course! acting with her will teach you a lot about yourself. she knows lots about you from the first moment you walk in... stay on top of all of your work if you don't it will bite you in the butt later.
15865,322,4.5,0.85,0.025449252663890178,0.0,0.019943593888867267,"he's a really good guy who's very intelligent. yeah, he talks like arnold a bit but it's funny. the people who commented bad stuff about him are probably idiots who don't know how to pay attention for more than 5 minutes. really good guy, not a hard class."
6463,299,1.5,0.82,0.02679274425209907,0.0,0.01989472668505072,"her assignments were lame and she barely held our interest. also, she got highly frustrated if any of us tried to enjoy being in studio for eight hours. the sled project was tons of fun, but she just threw it at us without any introduction to woodworking and expected us to make fine quality sleds."
4132,1117,3.0,0.7,0.005083145804812884,0.0825,0.019887996219071922,"panzeralla is focused on his own text books that he has compiled. he has no time for students, nor helping them. i have no idea why he is teaching at all when he has no interest in helping students at all. he does not respond to e mails and if you want a response it is best you cc the dean or chairperson! don't take him!"
9976,1023,1.5,0.63,0.018756949094353704,0.06,0.01988034303596944,you go to class to hear the same lecture worded differently. discussions on fairly easy books simply touch the surface and nothing is in depth. i think he's stupid although he acts like he's well read and intelligent. i hope he gets fired. all you need to know is wl lit read across the globe. i just saved you tons of dollars dollars and time. you're welcome.
3230,797,5.0,0.64,0.006758041311886107,0.09125,0.01981211715168569,i loved taking this class from linda. she is great! she was very understanding about everything. i turned in a few assignments late and she didn't mark me down for it. all she really cares is that it is completed and that we did out best. there are a lot of papers but she is willing to help you and accommodate.
14177,599,1.0,0.62,0.021761720727619394,0.05333333333333334,0.019736673321924914,this woman is insane... she has no idea how to teach or what she is talking about. it is impossible to learn from her and i will be sure to never take her again.
5418,851,3.5,0.65,0.037629554052609586,0.0,0.0197196456421686,he is alright but he makes way to many stupid jokes. he should spend more time teaching.
4656,12,5.0,0.65,0.005514299534718308,0.09125,0.019626493964122936,i had him for crisis intervention and abnormal psych. he is the nicest teacher i have ever had! i never heard him raise his voice once and he is also very interesting. he makes class fun to go to. you watch a lot of videos too.
292,621,1.0,0.79,0.0028586085590977884,0.07125000000000001,0.019517520136527612,"as long as you do exactly what he wants you to do on your pieces, he is fine. huge ego worst teacher i ever had! i think he fabricated the pyramids, or something."
7929,267,5.0,0.6,0.03495750896214541,0.020000000000000004,0.019500088015048513,"the best english teacher at nacc. doctor huntley is funny, intelligent, thorough, and interesting. if you hate english like me, take her you'll learn, but you'll have fun doing it. also, wear alabama colors. emoji"
4891,915,1.5,0.63,0.006145475533838569,0.09375,0.019480818705719292,"watch out.. not helpful, rude, and teaches at lightning speed. dont even bother going to him for clarification on anything. arbitrarily grades tests. will take 5 points off for one small error on one persons paper, and 5 points off someone elses when they got the entire thing wrong. unfair, hard to understand, and just overall terrible!!!"
16957,1090,1.0,0.71,0.03234120038459114,0.0,0.019348337678226038,"an evil, evil man. loves to swear and yell at the class. but, don't try too hard nothing is good enough anyway. thinks he's a good dresser. ha."
7257,674,5.0,0.78,0.007080850543675349,0.06,0.019344261840136972,judy is such an amazing lady and all who have commented here don't know what they're talking about. this was my second class with her and i feel as though i have taken so much out of both classes. she really allows you to be creative and everyone's opinion means the world to her. she truly means well and its noticable how much she cares.
8831,1260,2.0,0.68,0.020427454107513766,0.04000000000000001,0.019304932040068206,very livid about students talking during class. she seems like an ignorant person.. i would not take her if i was you.
10233,741,5.0,0.73,0.03094679515383381,0.0,0.019301895960094927,"doctor rahimzadeh is intimidating at first and yes, he's arrogant. but he has every right to be. he has such a strong grasp of early english literature and his lectures immediately pull you in. brilliant and passionate and very funny. after a few weeks you realize he's so sweet too. and his clothes are cuter than anybody else's in class. a plus."
12647,146,4.0,0.85,0.0012777617938537252,0.06666666666666667,0.01928676228176006,"looks like lance armstrong, lives like lance armstrong....... good role model, good class"
14065,1249,4.5,0.9,0.022418598949706138,0.0,0.019141335350351105,love susan. she is so friendly and so energetic. if she's hard on you it is because she has your best interest at heart. she is very approachable if you have any issue with her or her marking. such a wonderful teacher.
10630,40,5.0,0.71,0.006305440600071839,0.07333333333333333,0.019127525271945518,right now whoever gets him as a professor should feel lucky b c he is definitely a step above the rest of the teachers here and i wouldnt be suprised to see him move on to bigger and better things soon... he used to teach at yale i believe.
6500,918,2.0,0.69,0.014682976665505386,0.05333333333333334,0.019114583075475065,"easy teacher, but don't expect to really get anything out of the class. he could make jokes, but i found him to be disorganized and arrogant. don't ask to see him after class... he complains constantly about how he has no time."
4812,715,3.0,0.88,0.012127580560931609,0.03125,0.019040527856167954,"oh where to start with this lady? she seems very helpful and wants to know if you have any questions but when you ask a question, she acts like you are stupid for asking. also, she rambles on for ever on stupid stuff. she also isn't the easiest grader"
18888,839,1.0,0.84,0.024651432976930704,0.0,0.018978465677793807,"doctor fressola is a cold, vile human being who spews venom from her mouth on a regular basis. not sure why bcc or any hospital continues to keep her on the payroll. she gets her rocks off of making students cry. you will not learn anything if you have her, except how to be afraid. good luck."
6080,1156,2.0,0.68,0.0056092812573334,0.08000000000000002,0.018846147861010548,"i had fenton for 1410 and johnson for 1420 and i have to say johnson is way better. fenton gets lost in mid sentence. a lot. she seems to be nice, but lacks social skills. her tests are hard even when she gives a study guide. i am in no way trying to talk about her bad. i just believe johnson is way better at teaching the subject."
1785,524,3.0,0.75,0.010310719570674174,0.05333333333333334,0.018821364462608053,"he will help you out when you need it. he confused me on alot of things, but hes a good man. accounting isn't the easiest thing to teacher..."
8419,343,1.0,0.81,0.025689926777255435,0.0,0.018727956620619216,terrible. she's confusing and not clear about what she wants. she will change her mind every five seconds. takes forever to grade homework and papers. everything that she says is right so you better agree with her.
16874,783,5.0,1.0,0.0,0.05333333333333334,0.018666666666666668,i love salvo he is the best... a lot better than scott garlock
7293,897,3.0,1.0,0.0,0.05333333333333334,0.018666666666666668,ahhh... everything is wonderful for her.. very funny but i have no idea what she's talking about 0 0
18060,150,1.0,1.0,0.0,0.05333333333333334,0.018666666666666668,never have i met such a cold hearted man... merry christmas to you too bruce.
9458,578,4.0,1.0,0.0,0.05333333333333334,0.018666666666666668,i don't know why this guy doesn't have a yellow smiley face by his name. as someone else said... he is the man.
16464,969,3.0,1.0,0.0,0.05333333333333334,0.018666666666666668,"i don't even have nojo for a class he is the coordinator of the acting program, and almost everyone seems to love him... they say he's a genius, so that's good but they also say that if you love norm, you hate greg bostwick, which is so inconceivable."
1777,553,1.0,1.0,0.0,0.05333333333333334,0.018666666666666668,i warn you don't get on his bad side... otherwise you're ruined.
15065,965,5.0,0.65,0.03554001066109312,0.0,0.018624627211255722,"nina is absolutely amazing. she's got a great sense of humor, is very easygoing, and loves what she does. she's so energetic she's what makes choir so great. just be sure to show up to class and learn the music, and you're golden."
10133,718,5.0,0.85,0.023562064606903434,0.0,0.018464677682661045,easy. funny. getting ready to retire so really lenient on things. great class.
6798,347,4.0,0.65,0.020987246706851693,0.04000000000000001,0.01833495305550662,"he is very passionate about his subject area and loves for students to be enthusiastic. he wants everyone contributing in class discussions. he definitely has favorites, and even though i was one of them, it made me very uncomfortable. you won't do as well if you have a different opinion than he does, which is not fair. he really cares about the cl"
6502,918,5.0,0.74,0.017590130334294907,0.03125,0.0181598926872832,"great guy! very disorganized at times, but his humor tries to make up for it. gives great study reviews for exams. highly recommended."
12066,840,5.0,1.0,0.0,0.051250000000000004,0.0179375,this woman is the reason i finish college! profanity wish they were all like her.
16285,474,5.0,1.0,0.0,0.051250000000000004,0.0179375,"at first i didnt like her, but once you get to know her and get comfortable around her then you will be fine!"
16787,595,4.5,1.0,0.0,0.051250000000000004,0.0179375,"she is fun, clear, and makes spanish fun. if you need help she is always there for you. what a sweet woman. i hope she doenst get murdered by the ghost of prez nixon.. boo!"
16806,445,1.0,1.0,0.0,0.051250000000000004,0.0179375,"i will never take her again. in addition to the previous commenter's accurate complaints, she picks favorites, and if she doesn't like you good luck!"
11275,22,4.0,1.0,0.0,0.051250000000000004,0.0179375,"at first, he may seem a bit confusing, but give him time. he is truely one of the most caring and understanding individuals i've ever met. one of osu's best!"
15317,678,5.0,1.0,0.0,0.051250000000000004,0.0179375,julia is absolutely wonderful person. she has the greatest big smile. she reminds me of the actress gina davis. she is so inspiring!
2671,616,4.5,1.0,0.0,0.051250000000000004,0.0179375,do i really need to say anything? just look at the other comments. great guy.
15668,72,4.0,1.0,0.0,0.051250000000000004,0.0179375,"i can't believe all these people didn't like him, were we in the same class? droge totally had a point to everything he said. a lot of fun, very entertaining, hecka weird. sorta offensive, don't take it personally. really appreciated him a quarter lat"
16653,293,5.0,1.0,0.0,0.051250000000000004,0.0179375,"awesome dude! yes, he will drop the i really like what the author did here joke 100 times. no, it does not get old."
7794,202,3.0,1.0,0.0,0.051250000000000004,0.0179375,mixed feeling. he is really nice. but his voice is just too quiet and i cannot follow from time to time because of that!
13471,1082,1.0,1.0,0.0,0.051250000000000004,0.0179375,dr davis my hiney! he's just a marxist raving lunatic.
17015,1207,2.0,1.0,0.0,0.051250000000000004,0.0179375,he's the devil incarnate. right now i can already tell you he hates you. evil! avoid at all times.
18366,382,4.0,1.0,0.0,0.051250000000000004,0.0179375,i took her class in 1975 or 1976 just because she was so hot! back then she had a great attitude and was great to look at.
4274,648,5.0,1.0,0.0,0.051250000000000004,0.0179375,i don't know what you're talkin bout but doctor weigand is waaay hot!
17922,1285,5.0,0.77,0.004432087651630796,0.0625,0.017774969310487873,"best professor, ever! even had our class over to his house for dinner!"
18199,357,4.5,0.64,0.02071609662278419,0.04000000000000001,0.017774641470865504,ichy was a great professor i still remember day one of coma123. a solid educator and a good guy. heh. housekeeping. that word just popped back into my head. maybe we can raise dollars 20 million and send him up to the space station so he can see that the earth is round.
3086,140,2.5,0.64,0.005105624293588304,0.08458333333333333,0.017771412971650545,does he know his stuff? i dont think so. ask him a question and he does not know about it. just keeps giving stupid assignments and thinks he is doing a great job. if you want to learn something forget ths man... if u just want to pass take him
839,23,4.5,0.77,0.005253439712973054,0.06,0.017738720886647113,i had him for small groups. what a great guy but boy is he boring as i don't know what. he means well but you just want to pull the words out of his mouth it take him so long to say them. i got an a. he only gives a final and two easy papers.
7549,185,4.0,0.8,0.002781137468552589,0.0625,0.017642495821524218,"mr hale is awesome! he loves to interact with his students, and loves to have fun. watch out for the first day or two you are in there with him because he comes off as a bit mean. he's not mean at all, just let him get warmed up to the class first. take him, you will not regret it!"
19044,1223,2.5,0.64,0.027415576393214142,0.020000000000000004,0.017620775113325642,"i took him for a summer course, and found out that the man is indeed crazy. will reach into kiln and grab pieces without gloves. steve is like an encyclopedia though, he knows more than what he can say."
18703,1317,1.0,0.75,0.012922248956085434,0.04000000000000001,0.017486513642234303,don't take her unless you want to fail the class. she is not a good math professor at all. i wouldn't even give her 1 point but the website doesn't allow me to give her 0 point. don't take her.
664,1235,5.0,0.72,0.0036145947173419858,0.07125000000000001,0.017443624140040134,"this was a boring class. it was tuesday and thursday at 10 and all she did was show us powerpoint presentations that she had made a long time ago. she told us where they needed updats, but i still didn't like it. she was very nice and very helpfull esp. for students needing extra time but she did not bring the subject matter alive for me. read!"
243,52,1.5,0.62,0.024790872828864018,0.03125,0.017442180316766503,she is old and talks very monotone. not easy on the eyes at all. no peronality and she sucks. she tells u at the start that u are not going to pass. good luck!
763,1025,1.0,0.72,0.003301514692801634,0.07125000000000001,0.01725235094877689,keep looking. not helpful and a terrible teacher. she is not flexible at all even if you want to work ahead for one week. i took her online course and i do not recommend it to even an enemy!
18393,1333,5.0,0.9,0.006165177774437742,0.04000000000000001,0.017217330621145666,"very good professor. pretty tough on writing errors, but she helped me when i got behind in the work due to personal issues. very kind, good and sweet person."
5514,1199,5.0,0.72,0.005898212901659304,0.0625,0.016967773881879266,he is a greeat teacher!! she bends over backward to help you. she is deaf so it encourages you to sign better even though she can lip read. wonderful class highly recomended
16460,969,4.5,0.64,0.026085227033837765,0.020000000000000004,0.016939636241324937,"norm was by far the best acting coach i had. he allowed the actor to find their own technique with the tools he supplied. he allowed discovery, and kept acting fun. that is why we do it, he was one of the few to those who can't do, teach does"
10405,1263,3.5,0.68,0.023196865620210876,0.020000000000000004,0.016932661846000834,"excellent class and excellent professor. some of the material covered is very tough, but doctor bonca explained it well. i will never love the romantics, but she made them understandable. great passion for her subject. student friendly."
755,1025,1.0,0.87,0.01370132377055208,0.020000000000000004,0.01679875115265316,"one of the worst professors i've ever had. she tells you to follow the directions carefully but the directions could not be more unclear. she initially introduced herself as the head of the computer and technology department at aacc, but there is absolutely no way that's true. if it is, shame on you aacc. she doesn't know anything about computers"
3457,1135,4.0,0.73,0.008186382491682714,0.05333333333333334,0.0167485763384957,"aww, i read some negative feedback about mr rogers, but it's not true. he's a good teacher, and kinda lets things slide. just don't smoke around him, because he says smoking destroys cilia, but we all know it paralyzes it..... keep up the good work. he is good teacher."
12769,954,5.0,0.64,0.03270618096159473,0.0,0.016745564652336502,"had nancy for plant physiology around 1986 and still remember her class. what a great teacher. the reviews that say she plays favorites are absolute garbage. warm, enthusiastic, friendly, supportive. clear, understandable lectures. hard exams. excellent."
18837,335,4.5,0.7,0.007501805865277927,0.06,0.016692425156058746,"i honestly loved this class. if you're interested in learning english, i recommend her. if your taking it just to get it over with, i still recommend her because she is there to help you if you need it and the work is more than manageable."
9730,548,3.5,0.61,0.034832809965735574,0.0,0.016595229507494064,"pretty good teacher, in the truest sense of the word. not very nice when you ask questions, however most of his meanness is said jokingly. he is very clear in what he wants. his tests are pretty hard."
15316,678,4.0,0.64,0.010500150055750192,0.0625,0.016576076828544097,julie was great! class was easy and she kept it interesting. text was a waste of money though because she explains everything!
7457,175,5.0,0.65,0.013687036619774474,0.051250000000000004,0.016572735750943323,i loved her class. she is very interesting. she cares more about your ideas than the topic of english. she is simply amazing!
11717,332,1.0,0.61,0.02382295361684536,0.03125,0.016560757117315424,online her directions are clear as mud. she counts off for seemingly random things with no explanation or prior warning. does not respond to questions and is very rude if she responds to anything. this course was insanely writing intensive 2 essays a week and the tests were over unimportant details or not in the book at all. avoid at all costs!
16739,1152,5.0,0.73,0.01948395549648163,0.020000000000000004,0.016518368091551616,vancleave is the man. i took him for a summer class and he is very fun. he knows what's going on in the world and you have a chance for just random talks. take him if you can but be sure to read the stories. you will discuss them each day in class and he will give you a grade on participation.
829,500,4.0,0.82,0.0012348009316971752,0.06,0.016510264244319433,"no choice if you want hebrew. he is the only hebrew language professor. anything you don't know on the tests, just ask. he will tell you straight out. one time i asked an answer straight, he told me the answer, the 2 before, and the 2 after without my asking."
7536,869,5.0,0.6,0.02334371603443015,0.03333333333333333,0.01627135549748354,"if everyone approached life as she does we would have a better world, and minority group should be a mandatory class for every major, maybe then we would learn tolerance for others and thier cultures and not be so closed minded, we are in college where we should all have open minds to new things, how else can you grow as a person..."
17420,780,5.0,0.61,0.006045042572756511,0.08000000000000002,0.01621991724592609,"lee grenci taught me well. his classes were interesting, valuable for those who want to use the knowledge in their daily life. this information helped me during my career, with traveling, picking places to live, dealing with climate and understanding changes in climate and how the weather patterns affect us all. i am grateful to this man."
9572,782,3.5,0.92,0.018338058443466473,0.0,0.016182107931753058,"tests very difficult. knows his poetry. hope you like patty ann rogers, rolling naked in the dew. and loves r. frost. leave class if he begins the food stamp story. expect one of his own poems on the final."
10383,249,5.0,0.87,0.001764786801208969,0.051250000000000004,0.015988050657056392,"this teacher was excellent. he knows his stuff but dont take advantage. i had him a while back, you will learn a lot. besides he's italian how could he go wrong!"
10051,909,4.0,0.69,0.009913384477902284,0.051250000000000004,0.01596293069091872,"he defiantly plays favorites. he will love and defend his film major students and practically brush off other majors. however, he's worth it. i took him at 8 in the morning and he had so much energy! you just have to take his comments with a grain of salt."
1889,820,1.0,0.85,0.0024043685836313013,0.051250000000000004,0.01594113474885185,"why is this women a teacher? my guesss is for the paycheck because she clearly has no interest whatsoever in helping anyone. after she stumbles in late, you will sit there for the most confusing 1hr 45min of your life."
15542,1232,2.0,0.61,0.012348687921927792,0.06,0.015888156321083067,"instead of v for vyse, i accidentally clicked on b for boring. no lie. i suggest learning to sleep with your eyes open. he's nice but scatterbrained and his classes i took 101 and 201 aren't particularly hard."
17783,1210,1.5,0.72,0.011968344144856001,0.04000000000000001,0.015865106896235798,"he frequently degrades christianity. i don't think that he is a bad person, i think he is struggling. not a bad teacher. economics is hard."
360,1078,1.0,0.6,0.0339098549531033,0.0,0.01575987642068138,"a really arrogent person, thinks he knows it all, not interested in helping students, only interested in keeping his time with you to a minimum"
12174,992,1.0,0.65,0.030069844440537456,0.0,0.01575800436150559,what a waste of skin. talk to anyone but her. cannot give answers to the simplest direct questions. does not want to help.
17992,50,1.5,0.7,0.0049631917681998644,0.0625,0.01571810956583609,avoid this teacher. juan carlos garcia is 100 times better!!
12516,1026,4.5,0.74,0.002806388003060599,0.0625,0.015711482245686408,"extends due dates, as long as you talk to him. he is super chill. awesome professor! would totally recommend!"
9464,1086,4.0,0.64,0.02358662005662735,0.020000000000000004,0.015660349468993202,"i'm not really sure why he has a chili pepper because he is old, but nevertheless he's an awesome. he's really hard but it was worth it. he tells it how it is and doesn't give you all the politically correct bs. he's a very cut and dry person. really enjoyed his class."
11602,836,1.0,0.65,0.01564463367719786,0.04000000000000001,0.01553517404136494,"this instructor is very hard, and shows much favortism towards men. she is very arrogant. no matter how good you think your work is, believe me she will pick it apart in a hot minute. she braggs about being tenured, and her grading is more subjective than objective. all i can say is good luck, and it will be benefical to you if you stay on her good side"
18631,362,5.0,0.79,0.007754584134317106,0.04000000000000001,0.015275358887039108,"my entire life has changed because of this professor. he gets inside you so deep and brings out strengths and talents, not to mention ideas, you never knew you had. no one has ever had such a profound and positive effect on me."
12971,224,1.0,0.8,0.0032189007843998413,0.051250000000000004,0.015138288100207335,this professor is extremely difficult. the material is not covered well. all i can say to anyone who takes her is good luck to you!
13281,743,4.5,0.72,0.00373585813652539,0.06,0.015112131575159985,she is a wonderful instructor for yoga. i enjoyed the class and she worked with me on doing other positions if i could not do what others could because of an injury surgery. she is very mindful of that.
18967,99,5.0,0.6,0.006797672520789061,0.07333333333333333,0.015088061402237382,this guy is awesome. seriously if you don't get an a you're an idiot. i took him last summer when i was 15 years old...
12787,139,1.5,0.77,0.010610714984215034,0.03333333333333333,0.015052208758573883,he is weird and very animated... he doesn't say much and sticks to his own opinion no one else's matters. the teaching assistants were more educational.
1219,1154,4.0,0.6,0.00653651610910781,0.07333333333333333,0.014966686870253768,"ryan stark... so many words for ryan stark. take the class, ignore your first impression of him. i think he's a swell guy, although i've seen him like four times between 2 and 4 am wearing flannel. super funny, surprisingly a difficult grader, but there's are revisions."
2428,848,1.5,0.64,0.029205787222627354,0.0,0.014953363057985206,"this guy sucks, he seems nice, but then doesnt help u at all, he leaves u to get a bad grade, dont take"
13722,13,4.0,0.75,0.008982175716216045,0.04000000000000001,0.014927361003360692,"okay, so the trick with kaminsky is you go to him every chance you get to check your projects. if you follow the examples you're given and he approves of it you're basically golden, otherwise, you're in trouble. probably gave me the most anxeity of any professor i've ever had though."
3832,236,5.0,0.62,0.008658783134267994,0.0625,0.014906241427000904,omg! wonderful prof! eveyone sould take glee club even if they can't sing. coach will help you discover your inner voice. and he will help you make it beautiful.
10096,525,3.0,0.64,0.022081921354961582,0.020000000000000004,0.014889943733740332,"terrible teacher. unorganized, boring, and hung up on his own ego. he made an interesting subject completely unbearable. as a history major, i learned nothing."
4587,359,1.0,0.65,0.006351728815345025,0.0625,0.01479212560154143,"get ready to deal with an old moody lady with a bad temper. she can be super sweet and nice! once you turn around, she is a completely different person. she disrespects students like if they were 5 year olds. don't even think about skipping class!"
16156,765,3.0,0.76,0.015241502098476896,0.020000000000000004,0.014736165919970911,newhart is crazy. the only woman i know that can say um and ya know forty seven time straight. class is boring but a breeze
275,324,5.0,0.65,0.014075313913666074,0.04000000000000001,0.01471277711386395,"not an easy a, must do everything to a t to do well. she plays favorites and i was definitely not one. my advice would be to get on her good side and you should do well."
1365,173,5.0,0.63,0.00753041841526232,0.0625,0.014704091197346215,great teacher!! very direct and tells you up front what he likes and dislikes. learned a lot in class.
19838,632,3.0,0.6,0.012875206104800568,0.05333333333333334,0.014659337754250294,"he's a nice enough guy, but he doesn't seem very smart at all. very tough grader takes off different points for different people... boring class. i do not recommend him."
3651,889,4.5,0.64,0.006642496680693375,0.0625,0.014600958300515008,"humorous.. makes 8 30 calc worth going to. always willing to help. does assign lots of homework, but practice makes perfect! so just do it!"
19617,251,1.0,0.61,0.009233002354160746,0.06,0.014403765107134413,"she is not helpful, and she did not lift my hold so i could register for my classes."
4432,298,2.5,0.78,0.020790139936762035,0.0,0.014321856455320022,at first it was interesting. in the beginning of classes we have to mediate. we are not allowed to have necklaces of course you cant have jeans. he assigns you with a partner to study the karate moves sometimes its annoying.
478,596,2.0,0.9,0.002757490047733856,0.04000000000000001,0.014307795832979538,"this teacher is not effective. i graduated with a computer science degree from denison and work in the industry now. she had no grasp of the material, and if she did, was not able to convey it clearly. when she retires, i will begin donating money to denison."
18159,1104,5.0,0.68,0.004359494838795169,0.06,0.014220143113241542,"he is such an amazing prof, i schedualed my classes for next semester around him so i could take another class from him"
16545,1179,4.5,0.86,0.006672744262169916,0.03125,0.014044719073387618,"this guy is a hoot! he seems kinda goofy but he is sharp. don't argue with him unless you're sure of yourself. on second thought, do try and argue with him you'll see. do the work and keep up and it's no big deal."
11640,957,5.0,0.75,0.007597864170324063,0.04000000000000001,0.014028224279239769,"doctor e is by far the best professor i have ever had. she helps you understand the spanish languages so well and she is very very nice. i high suggest taking her if you have the chance. she spends so much of her time helping you, its crazy."
230,52,2.5,1.0,0.0,0.04000000000000001,0.014000000000000002,eh. she's not bad i am glad i had intead of ms whitaker.
15498,1342,3.5,1.0,0.0,0.04000000000000001,0.014000000000000002,i dunno what this first guy is saying. she was the first proff to actually make me love bio. if you are interested in genetics then don't hesitate. if you get her style then it's a piece of cake. participate even if you don't know.
10963,254,4.0,1.0,0.0,0.04000000000000001,0.014000000000000002,i knew him when he was still in geography. back then his labs were the booster for my gpa. rock on.
4272,648,5.0,1.0,0.0,0.04000000000000001,0.014000000000000002,i was in his studio a few years back and i love him.
15063,965,5.0,1.0,0.0,0.04000000000000001,0.014000000000000002,i miss doctor nina so much. i am so honored to have sung under her.
15641,1041,1.0,1.0,0.0,0.04000000000000001,0.014000000000000002,she is not very friendly. phyllis seems to be unhappy all the time but i was never sure what the problem was. i would never take another course with this lady.
4886,915,2.5,1.0,0.0,0.04000000000000001,0.014000000000000002,my stomach used to turn every day when i went into his class. good luck
15833,189,4.5,1.0,0.0,0.04000000000000001,0.014000000000000002,"i lover her. she's very interested in what she's going, and when we have group discussions she sometimes sits with us and just talks to us like regular people. i really recommend her, she's a great person."
10751,570,3.0,1.0,0.0,0.04000000000000001,0.014000000000000002,"i don't care what all these people say, he may be hard, but i liked him, he's funny in a geeky way. you just have to work hard, get on his good side, and your in like flint."
4128,1117,1.0,1.0,0.0,0.04000000000000001,0.014000000000000002,i am so glad i dont have to take him again.
15821,121,1.0,1.0,0.0,0.04000000000000001,0.014000000000000002,"i didnt like him. i think is was very boring. grented it was math, but still."
11515,976,1.0,1.0,0.0,0.04000000000000001,0.014000000000000002,"he is very selfish and arrogant. on one occasion he threatened to put a curse on everyone not kidding. in my opinion, he puts a black mark on capital. i would strongly advise anyone considering capital summer school to avoid arrey."
19641,1230,5.0,1.0,0.0,0.04000000000000001,0.014000000000000002,i like him. i think he is really nice and very passionate about theatre. he derserves a little more respect than that.
2532,30,1.0,1.0,0.0,0.04000000000000001,0.014000000000000002,she was the worst professor i have ever had in my four years in college.
12175,992,1.0,1.0,0.0,0.04000000000000001,0.014000000000000002,"just a very rude person. why mrs greig doesn't fire her and find a better representation of the nursing program, is beyond me. i'm sure she's good at what she does, but there are many people out there that could do just as well, with a better attitude."
8867,611,1.0,1.0,0.0,0.04000000000000001,0.014000000000000002,"he's the absolute worse. would not recommend taking. i know i won't think twice about taking him. he's very ignorant, rude and the worse. if you have the option to take him, don't"
12527,1026,4.0,1.0,0.0,0.04000000000000001,0.014000000000000002,"i love this man, he's one of the kindest people i've ever met."
17468,51,1.0,1.0,0.0,0.04000000000000001,0.014000000000000002,nice lady but bad advisor. she cancelled my advisment appointment and never returned my emails.
12179,992,1.0,1.0,0.0,0.04000000000000001,0.014000000000000002,"the most unfreiendly, unhelpful person i have encountered. why this women still maintains her employment is beyond me."
9300,105,5.0,1.0,0.0,0.04000000000000001,0.014000000000000002,"i like her, she forgave me and accepted that a piece of scratch paper really could just be a joke."
508,589,1.0,1.0,0.0,0.04000000000000001,0.014000000000000002,i would have to agree with the comments below. he is really ineffective and rigid. not very personable either. i would try to avoid him.
7866,235,5.0,1.0,0.0,0.04000000000000001,0.014000000000000002,i learned so much about canada and courtney made me feel not so worried in a new country.
5739,87,5.0,1.0,0.0,0.04000000000000001,0.014000000000000002,super nice guy. really explains the matterial well. i just couldn't wrap my head around it.
1875,820,1.5,1.0,0.0,0.04000000000000001,0.014000000000000002,i felt like i was in a sequel to the twilight zone.
15075,965,4.5,0.68,0.005914998214544291,0.05333333333333334,0.013783980903192583,"nina is a great person, but the coir was just okay... i've had better expereinces and singing the same songs all semester sucks. but you gain some great friends and you get to sing, so no complaining."
12783,954,5.0,0.79,0.0016135437542767858,0.051250000000000004,0.013728104758007004,"i had her as an undergrad and a grad student. she is very knowledgeable and very helpful. haven't seen her for a few years, but she was sure nice on the eyes too!"
18528,1081,5.0,0.88,0.01661816455559485,0.0,0.013718513763838612,"great teacher. really fun, nice guy, has a great sense of humor, and everything is very easy."
14385,153,4.5,0.94,0.0009901803986894903,0.04000000000000001,0.013661507968619653,doctor roter is extremely intelligent and has an intense grasp of the musical world backed up with a great passion for music. he also has a good sense of humor although nerdy at times and sets a high standard that encouraged me to do my best. very interesting classes.
7197,955,1.0,0.71,0.004068153294416616,0.05333333333333334,0.013601256862138396,"worst teacher i have ever had. if you get her for a placement, you better look out. words cant describe her..."
3317,328,3.5,0.64,0.015595667238373355,0.03125,0.013584981626047156,"he is a good professor who tries to ensure he is making each point with clear. he is hard to approach however, as he always seems busy. make sure you have questions prepared prior to speaking to him, or he'll treat you like your stupid!"
19563,529,5.0,0.8,0.007231998533810245,0.03333333333333333,0.013522784023128342,"a good professor but a bit of a hypocrite, not sure why he is at nyack..."
3796,563,5.0,0.72,0.02212796573401984,0.0,0.013518865115472085,"she teases, but it's only teasing, and she does it to everyone. and she really knows piano backwards and forwards, and will help you out in a minute. her grading is also very fair just practice, you'll be okay. emoji"
8032,1197,5.0,0.74,0.006935241936755513,0.04000000000000001,0.013326790290630974,"shelly is by far the best she is very clear at the start what she expects and its up to you to so the work but she will go aove and beyond to help you with any problems you have i took her for 101, 102 and a lit class just because i enjoyed her sooo much take her you wont be sorry"
13701,566,2.0,0.68,0.01280434434200804,0.03125,0.013313057947793815,she is very unorganized! she also tends to make inappropriate comments about the art discussed. she does assign weekly readings and papers.
8129,757,2.5,0.62,0.00624569328255808,0.06,0.013301033813265927,overall the best i can say is i don't hate doctor carnes. she liked me which is a good thing because her grading choices are incfluenced by her opinion. she's also the current department chair so it is essential to get into her good favor.
19104,475,2.5,0.78,0.005289297914859445,0.04000000000000001,0.013287960384144813,the lectures were so terribly boring. she was very unhelpful when i asked questions and seemed more bothered by my inquisition than anything else. would not recommend.
16026,408,3.5,0.62,0.0054849396240651445,0.06,0.012929642634842213,"ah, he was a nice guy who is definitely passionate about the subject. approachable. content was challenging, which didn't mix that great with the marking system 40 percent midterm, 60 percent exam, but i walk away liking it. you know, he even said thanks once when i held the door open for him, which is more than i can say about other profs emoji."
11925,803,4.5,0.73,0.020566971246056425,0.0,0.012827872392998518,last class she said sure 79 times. emphasizes words to the point where you can't even stand to listen to her talk. emphasizes s's soo annoying.
14993,106,1.5,0.85,0.0054107076355642365,0.03125,0.012811457302916858,super passive aggressive. asked her simple questions and gets confused. tried to dumb the question down and ask again and she still was confused. not surprised a lot of people dropped. quizzes and boring documentaries every week. would not take again!
3686,63,5.0,0.7,0.007785560621949215,0.04000000000000001,0.012758975409613819,"this professor's class. african american lit was my favorite class of my university career. he challenged us to think about racially heavy topics. this is a very good thing for people to do. we ignore race far too often. the sentiment usually goes we all know racism is bad, so what else do we need to talk about. he also chose wonderful texts."
18007,228,5.0,0.7,0.010839914722010562,0.03125,0.012754204665412645,"claude is very thoughtful and intellectual with her teachings. you can and will learn so much from her. you can count on her if you have any problems of any sort, she will be there for you with a genuine heart. thank you for teaching us!"
7600,588,4.0,0.83,0.005910133215545244,0.03125,0.012739607200208846,"really fun teacher! takes things a lot more seriously than you'd guess, but it's only because he cares."
19803,1256,5.0,0.62,0.004175804559078959,0.0625,0.01271770289379689,"madison is a great professor! she lets you know what she expects out of you, and plays no games. if you take her you will learn! english isn't so bad anymore after taking her class. thanks madison"
2973,1077,1.0,0.61,0.003818289526408154,0.06458333333333333,0.012588324775035842,"had her for online mcb2010c, she will not reply to your email.. so get used to that! her tests come from three different sources so prepare to study..."
12514,1026,5.0,0.83,0.002616906287438463,0.04000000000000001,0.012565139344873594,harris actually made me like en115. great teacher. i'd recommend to anyone.
17253,370,1.0,0.66,0.0054488796281823805,0.051250000000000004,0.012539461852153481,"the worst teacher i have ever had. it is impossible for this woman to see past her own bombastic ego. manipulates and mocks students when they have questions. her license should be revoked, she only holds her possition b c she wrote the text!"
783,1274,3.0,0.61,0.005312670088198394,0.06,0.012536019904744003,i think he might have retired by now but i had him for my spring 2010 eng 2 class. he made us buy this expensive book we used only for a while. during the semester he made us write only three stories and a final paper. and there it was we all got an a for his class. not the best but not the worst either.
19979,730,1.5,0.84,0.002243197134809415,0.04000000000000001,0.012505194306923467,"horrible professor, took his class online. he never replies in 5 weeks i sent 4 emails he replied to 1 with a rhetorical question of one line i don't understand the material and he does not care."
15664,72,5.0,0.79,0.0037654805312780245,0.04000000000000001,0.012474340545443698,"my favorite professor so far. he may have changed my attitude towards life. if you're a christian, he might convert you to something else."
13126,870,3.0,0.8,0.003287698112535303,0.04000000000000001,0.012370069809319602,"i took the online course, and it wasn't that bad. i suppose if you don't have to see her in person she's better to talk to. however she did freak out on us when one person posted a message in the wrong topic. other than that she was chill."
9886,483,5.0,0.88,0.01481786041172156,0.0,0.01223233897635244,"excellent teacher. had him for enviorn. ethics. very logical mind. dry, yet funny sense of humor"
11251,1323,4.0,0.6,0.015273803096771607,0.03125,0.012181912845142959,snider is very caring and uses humor to keep your attention. he wants to help you but you need to ask! his tests are hard but as long as you study you will do fine
17612,657,5.0,0.6,0.019026903434789525,0.020000000000000004,0.012096211626754614,he's really nice and has a dry sense of humor. he uses repetition and cares if you understad the material. and i think he's cute
8030,1197,4.0,0.6,0.003916711133923681,0.0625,0.011986904123025457,she takes 50 point participation everday! super easy class though!
117,303,5.0,0.64,0.005129274312587788,0.051250000000000004,0.011810188448044948,i love this professor! profanity she is awesome. definitly take her.
2623,1221,2.5,0.85,0.004051772777026334,0.03125,0.011746512673774164,if its not greek its not that important. hey can you guys see this slide? oh forget it it doesn't matter asian arch. spends 10 15 fixing lighting in order to show greek arch. quote these people blah blah.. this is grotesque very closed minded inconsiderate. but he may be a good design professor.
11049,351,4.5,0.62,0.012389688320091258,0.03333333333333333,0.011744035572316822,"like the previous person said, u never know what mood dwayne maybe in... but he was still a very well knowledgable professor"
17621,552,4.0,0.78,0.005296164373856032,0.03333333333333333,0.011685310054533932,he's a great teacher and he's willing to help if you ast... word to the wise.. dont get behind
17278,176,4.5,0.79,0.009634640250868555,0.020000000000000004,0.011680301412334023,the best english teacher i have had ever. his prompts seems weird but in the end you realize it was pretty easy. really nice guy will help you out whenever you need it. basically take him if you can
231,52,4.5,1.0,0.0,0.03333333333333333,0.011666666666666665,"shes boring and comments on the same thing over and over, like you didn't hear it the first 15 times..."
15239,536,4.5,1.0,0.0,0.03333333333333333,0.011666666666666665,"really great as a individual... will say hi on the street and know your name. some times very monotone, but you wont be able to hold it against him cause you like him so much."
42,1122,2.5,1.0,0.0,0.03333333333333333,0.011666666666666665,warden's mind is sort of like a lottery ball machine... every now and then a ball will come firing out with a small piece of information but never in a sequential order. nice guy though.
3611,166,2.0,1.0,0.0,0.03333333333333333,0.011666666666666665,yeah he is hot but he is a fresh college grad. and thinks he is the stuff and thinks he knows everything and thinks we are graduate students or something... to hard and to fast
587,113,3.0,1.0,0.0,0.03333333333333333,0.011666666666666665,"very nice man, though his ego was quite apparent... rushed css too much"
7837,722,1.5,1.0,0.0,0.03333333333333333,0.011666666666666665,"marxist, feminest, arrogant... her classes are more about her political agenda than the science of archaeology. too bad she is the only archaeologist on the faculty at eku."
3327,328,2.0,1.0,0.0,0.03333333333333333,0.011666666666666665,"there is no help here when needed, he's cocky and you are never right...."
8862,20,1.5,1.0,0.0,0.03333333333333333,0.011666666666666665,"he assumes a position of intelligence, but lacks the acting skills to see it through... tragically, he is not aware of this."
1186,923,5.0,1.0,0.0,0.03333333333333333,0.011666666666666665,very knowledgable in topics other than rocks... no bush 2004
18304,880,5.0,1.0,0.0,0.03333333333333333,0.011666666666666665,if you are aiminfg for an easy a she is perfect for that...
14393,132,5.0,1.0,0.0,0.03333333333333333,0.011666666666666665,"don't drive a cadillac through the forest and you will be fine... emoji seems hard at first, but go to class and take good notes."
14078,1249,1.0,1.0,0.0,0.03333333333333333,0.011666666666666665,ask her about the time she was in high school and got in a fight and ripped off another girls ear...
14987,1150,3.5,1.0,0.0,0.03333333333333333,0.011666666666666665,"he's good stuff.... a little odd, but alright in general can be purdy funny at times as well."
14017,200,1.0,1.0,0.0,0.03333333333333333,0.011666666666666665,"makes almost no sense, does not even come up for a breathe to allow you to ask questions. unfortunately there is no avoiding him..."
8825,1260,1.5,1.0,0.0,0.03333333333333333,0.011666666666666665,worst handwriting ever looks like a child scribbled on the board. no very helpful. major bi...
12584,1206,1.0,1.0,0.0,0.03333333333333333,0.011666666666666665,"incredibly mean and heartless, constantly swears in class g dammit, this f in thing here, and more.... just rude, crude and crass."
17226,1155,4.5,1.0,0.0,0.03333333333333333,0.011666666666666665,"ryan is the man. he'll demand the best from you, push you prod, you... but it's all worth in the end."
13503,914,5.0,1.0,0.0,0.03333333333333333,0.011666666666666665,"on the one hand men, greek grammer is extrememly boring, especially the machen text, on the other hand he is a super cool guy. mmelghh. uhhhh... okay."
15581,1006,5.0,1.0,0.0,0.03333333333333333,0.011666666666666665,bush is cool... but can get kinda boring at times. overall good guy
16790,595,4.0,0.91,0.006431609099061961,0.020000000000000004,0.011659773996510412,"good teacher. might not be around very long though, i hear she's going to be murdered by the ghost of president nixon."
12168,302,4.5,0.71,0.008451408779164886,0.03125,0.011599543301130508,"she exudes grace, even in the midst of difficulty. she will stretch and challenge us, but the outcome will be worth it. hse is a class act, who knows her stuff!"
2608,942,2.5,0.8,0.016142677109966,0.0,0.011550759474148424,"she is the worst teacher ever. shes old a senile and not very helpful. shes a photographer of architecture not an architect, therefore she doesnt know much about actual architecture."
19961,1186,5.0,0.67,0.006834969682794796,0.04000000000000001,0.011426285648611173,"extremely nice, extremely smart, has an accent but its not too bad, i probly would of done things to this lady like 5 years ago shes kinda hot. test and quizzes are easy, one presentation to the class with a group. easy i recommend it"
10776,1038,5.0,0.64,0.011372098750761733,0.03125,0.011422514560390007,"doctor r is a gem in the em program. he is a tough grader and is picky about what he wants, but he makes you work for your degree. honestly he is not exactly an expert in the field of sport and music management but he will try his best to help you out and find people that can answer your questions. he really cares about his students. get to know him!"
3294,271,1.5,0.72,0.004693386266928277,0.04000000000000001,0.011420542246479377,well i dont have much to say about this guy but i will say hes a easy marker but u have to study on your own cuz he doesnt give notes or slides but its ok course if u dont know nothing about philsophy then stay away or at least away from him
3742,1136,4.0,0.84,0.0030913066661166057,0.03333333333333333,0.011361761023472,"completely awesome and engaging, although sometimes he's so hopped up on caffine it seems like he's the only one who has any idea what he's talking about..."
9535,1213,2.5,0.68,0.006240096930788779,0.04000000000000001,0.01134947982249995,"i guess you either like him, or you don't. he is a bit full of himself, and he is hard to please. he is really serious. all i have to say is have fun with the practical exam."
9885,483,5.0,0.62,0.005242124125222114,0.051250000000000004,0.01131602565847525,i loved this teacher! a lot of work but well worth it. you'll leave his class wanted to be a better person for you and your kids. he's very intelligent and has had an interesting and eventful life you see only in the movies. truly a person one aspires tbe.
6156,192,4.5,0.62,0.023090733062284593,0.0,0.011272630064846292,loved her and her class. she really cares if you get it emoji
12071,840,5.0,0.72,0.0073409595567075795,0.03125,0.011167046814693875,a wondeful lady with a sense of humor. very down to earth and her class is a breeze. do take her if u have the opp. she is a breath of fresh air at uscs! profanity
5497,65,5.0,0.71,0.0046614080115250705,0.04000000000000001,0.011164311140725906,very thoughtful guy. he is not very approachable but he loves each an every one of his students. some people connect with him better than others. i always believed that we were very similar so i think this kept us from getting to know each other better. an honest hard working man
4424,298,4.0,0.78,0.002141524311232297,0.04000000000000001,0.011119530453316036,"professor karras is stern and speaks in a monotone manner. he didn't show much of his personality. he's a reserved, fair guy. pick your karate partner wisely because you'll be stuck with them all semester. my partner had a nice body so you know i was chillin d there's no flying kicks in this class. it's mostly defensive grappling maneuvers"
13721,13,1.0,0.67,0.013055896397781862,0.020000000000000004,0.010999027340522022,"definitely avoid at all costs. i had heard all the terrible things about him and wanted to give him the benefit of the doubt, but it's all true. you won't pass if you don't give him precisely what he wants to see."
19643,1230,5.0,0.73,0.003630725466774345,0.04000000000000001,0.010996499862717321,"he was really nice in general. yes, he did wear the same short shorts over and over again but he has a wife and kids so he isn't that fruity. get to know him he is very nice. he let me take the final two weeks late when i had the flu."
13380,1138,4.0,1.0,0.0,0.03125,0.0109375,the best! profanity he will soon start teaching a and p emoji
3423,1016,5.0,1.0,0.0,0.03125,0.0109375,paul is old school evergreen and close to retirement. take his class before he's gone! he's practical and no nonsense and has a great sense of humor. he also happens to know many of the prominent american photographers from the last 50 years.
10269,940,1.0,1.0,0.0,0.03125,0.0109375,"very rude. is not empathetic at all, does she have human emotions? no one knows."
14264,313,4.5,1.0,0.0,0.03125,0.0109375,there is never a dull moment when dennis is around!
4213,14,3.0,1.0,0.0,0.03125,0.0109375,he was hard and picked favorites. do not get on his bad side!
3201,96,4.5,1.0,0.0,0.03125,0.0109375,"wonderful! she talks fast, but you can always ask her questions. very easy to talk to. she is cute and a sweet heart. you won't forget her. take her if you are interested in art."
2533,30,1.5,1.0,0.0,0.03125,0.0109375,"she is the devil! if you don't agree with her, you are wrong and will suffer the consequences."
2576,564,4.0,1.0,0.0,0.03125,0.0109375,"took a while to email back, but overall loved it!"
15074,965,5.0,1.0,0.0,0.03125,0.0109375,"nina is a great choir director, and an amazing woman!"
294,621,4.0,1.0,0.0,0.03125,0.0109375,didn't he discover how the pyramids were built or something?
10961,254,4.0,1.0,0.0,0.03125,0.0109375,very monotone however as others have said he is incredibly helpful and labs are really easy marks!
293,621,3.5,1.0,0.0,0.03125,0.0109375,didn't he discover how the pyramids were built or something?
15845,874,3.5,1.0,0.0,0.03125,0.0109375,a little scatter brained. says ummmm every sentence. not for slackers! she expects the very best from everyone
3831,236,5.0,1.0,0.0,0.03125,0.0109375,"he is a great guy and wonderful with glee. however, his conducting leaves more to be desired!"
9675,206,5.0,1.0,0.0,0.03125,0.0109375,"great guy, very enthusiastic, always cracking jokes, as previously noted very nice. would take him if you can!"
13639,647,5.0,1.0,0.0,0.03125,0.0109375,yeay! best sarcasm ever. ask him to do the face thing.
7704,844,4.0,1.0,0.0,0.03125,0.0109375,one of the best denison has to offer. and cute!
3985,314,1.0,1.0,0.0,0.03125,0.0109375,absolutely awful. how does this man still have a job here?
17625,552,1.0,1.0,0.0,0.03125,0.0109375,"started out invested, but then started acting like he really didn't care. he's dried up all ready!"
16864,783,5.0,1.0,0.0,0.03125,0.0109375,"salvo is the best, if you played band in high school, you really need to in college. band with him is so fun!"
5496,65,3.0,1.0,0.0,0.03125,0.0109375,amazing conductor! he truly loves what he does and is so inspiring to everyone in the choir. he truly cares about each and everyone of us.
9656,1226,4.5,1.0,0.0,0.03125,0.0109375,started playing guitar when he was 4 yrs old! he's amazing.
18050,150,1.0,1.0,0.0,0.03125,0.0109375,why were most of the recent bad reviews deleted? bruce is probs reporting all these lol
17698,110,5.0,1.0,0.0,0.03125,0.0109375,he is the sweetest old man.. he will do anything to help you out. fair and very nice!
7200,955,5.0,1.0,0.0,0.03125,0.0109375,nancy is awesome! she knows everything about children and will help you.
18614,1243,3.0,1.0,0.0,0.03125,0.0109375,"she doesnt get in the water, she tells u what to do and u do! dont talk to her unless its necessary."
12455,890,1.0,1.0,0.0,0.03125,0.0109375,"it's basketball, all you need to do is just show up, and show off your 3 point skills, and make it rain! profanity"
17678,624,1.5,0.82,0.007652661795068211,0.020000000000000004,0.010880210659963597,the worst lectures to be present for. so monotone and boring. asks if there are any questions and then acts like you are inconveniencing him when you actually do have one. i would never recommend his courses to anyone.
6363,1286,5.0,0.61,0.004776655172485216,0.051250000000000004,0.010821596607538161,"doctor g is the man! i took this course online over j term, but he was still very helpful. read the instructions and do exactly what he is asking for, and it is an easy a."
14370,153,1.0,0.67,0.012636093795908807,0.020000000000000004,0.010768799770333003,doctor roter goes through material so fast your hands will be on fire. sometimes he doesn't go through the terms we need to know and expects us to know when the test comes up. his matching section in tests are vague so the only way is to take a guess. unreasonable when the answer i gave was correct but wanted something else deduct it.
15716,1007,5.0,0.62,0.004049670477574223,0.051250000000000004,0.010733883514994887,"nonviolent warrior was a great class! i especially liked his lectures on gandhi, mlk jr., and leo tolstoy. this is a good way to get the ids requirement out of the way."
79,1371,1.0,0.85,0.0027555123184978365,0.03125,0.010730683545095245,"should've listened to everyone on here. not sure how this guy still has a job. unreal requirements that would not apply in the real world. all based on what he wants to see, not what is logical. even if you're work is correct, it has to be done in his ridiculously specific manner in order, and you will still lose points. avoid at all costs!"
16507,428,5.0,0.68,0.005127354859399044,0.04000000000000001,0.010725518201660397,"mrs bruce was a good teacher ever, she is easy. even though i was a esl student in learning suport but it did not bother her, she always worked with me."
13890,1368,2.0,0.68,0.008091698315029016,0.03125,0.010670477668821872,"he is crazy, he knows so much but he s difficult to understand because he is always everywhere! so so smart though"
19519,495,2.0,0.68,0.004902053006210049,0.04000000000000001,0.010599181907645392,"i have 2 classes with him and in both of my classes we have tagged him as bipolar. one minute he wants to help, the next it's a different story. the test are absolutely ridiculous. they are always a 100 questions and hardly anyone passes. good luck"
11010,967,4.0,0.61,0.0032598536687528956,0.05333333333333334,0.010446347498951751,very easy to follow and sets assignment dates at a reasonable pace. a little bit too much hand holding although based on some other reviews i can see why she might...
403,361,4.5,0.94,0.0005216318586153009,0.03125,0.010443438106563578,"great professor! yes, everything is about race, but that is just where she focuses her interest. she has her opinions, but is willing to listen to yours as long as they are backed up well."
3409,1016,3.5,0.82,0.014055938480789516,0.0,0.010437118786564246,"im a little sad to see so few reviews for sparks, he is great, alot of people hate him, with good reason, hes an antagonizer, he has no idea how to do anything other than make you feel something, hes not a teacher, hes a old man sharing all that he knows, and it may or not be alot, but he gets under skin better than a sliver, he does name drop, he d"
10074,557,5.0,0.81,0.0033682148161673503,0.03125,0.010428866100986,he's awesome. take him! lot's of homework but he is willing to help all the time.
16925,863,1.0,0.72,0.01000654926504732,0.020000000000000004,0.010389985611751919,this class is beyond difficult and he is really boring. i do not recomend this professor to anyone.
15361,1198,2.5,0.64,0.009335580948345584,0.03125,0.010379817445552938,"he seems to know his stuff. however, he wastes way too much time trying to prove everything! this caused our section to fall behind. to catch up to the others for the final, he had to cover the last chapter with very little depth. he's a very easy grader, and overall, the class is extremely easy. homework is optional."
18647,362,5.0,0.64,0.006213801270065696,0.04000000000000001,0.010349466250273638,he opened my mind and then stretched it. now i am a different person. professor amdur is a wonderful teacher and mentor.
1887,820,1.0,0.8,0.014456596198270784,0.0,0.010344298183231522,horrible teacher. her daughter is a reflection of her stupidity.
18405,908,2.0,0.71,0.006350648373093095,0.03125,0.01034274945197301,"get ready to read alot! we basically read articles that were pointless throughout the semester and got quizzed on them. blitz is also a confusing guy, he may seem like an intelligent guy, but he often goes too far with the point he's making and totally loses you. avoid if possible."
17325,1120,4.0,0.63,0.009599841002770055,0.03125,0.010269635711049436,the class is very boring at times when there is no class discussion taking place. he will go out of his way to help you out when you need it and it helps that he even has a sense of humor!
3911,48,5.0,0.89,0.0012645855142511381,0.03125,0.010245167761673593,great professor. knows her stuff has open office hours. very nice brings in candy and stuff. definitely recommended!
2584,460,1.5,0.72,0.005779130718593166,0.03125,0.01021286269990821,will never take another class from her. thinks the whole world ishes and evrone should kiss up to her. she needs to get with it!
14918,934,3.0,0.83,0.0017487366533361776,0.03333333333333333,0.010144271693398377,hard marker on long answer. exams are tough. apparently she is a feminist... but never really found that
7048,462,5.0,0.79,0.002642581427628,0.03333333333333333,0.010047486943187793,mr e rocks. he will do anything for you if you ask... except let you bring a drink even if it is closed into the studio. we had a blast in his class.
18411,908,5.0,0.79,0.00331943137717275,0.03125,0.010010751852096425,has a good rep and they're right. he is amazing. told us first day that he won't bore us but we're not allowed to bore him! better do your work tho. great professor
7171,1301,5.0,0.82,0.002504922782742008,0.03125,0.009981557869966946,awesome teacher! he does whatever it takes to help you succeed.
11840,772,2.0,0.61,0.0068362397918328485,0.04000000000000001,0.009926910339957826,"if you have a choice, do not take her. people say she is honest but it's more like disrespectful. its her opinion or nothing. her tests aren't easy and i end up teaching myself because she talks in class instead of teaching. she does have makeups if you miss the test though. attendance is not mandatory. i never look forward to this class. emoji"
19876,1239,5.0,0.69,0.006346322765519049,0.03125,0.009906344809228996,she is awesome. she is the best teacher for this class. always willing to help and is very laid back. take her if you can! profanity
3320,328,4.5,0.78,0.014372337346946545,0.0,0.009900777629997127,expectations are too high but he marks easy and is fair
18973,810,4.0,0.6,0.010305850434692154,0.03125,0.009873017094145295,this was the easiest class ever! she is the sweetest and she is soooooo nice.
4283,75,4.5,0.82,0.0022113277980620894,0.03125,0.009763551385772964,"he's pretty tough, but it's not all his fault. study, people!"
8142,757,2.0,0.61,0.013429702586196078,0.020000000000000004,0.009733225758165143,"doctor carnes was not my favorite. she expected waay too much work for a 1 hour class. she is not very helpful, avoid taking her at all costs."
17868,860,1.5,0.64,0.011885916455289566,0.020000000000000004,0.009669589225108258,she was a terrible teacher. if you call her mrs instead of doctor she chews you out. she would post our questions online only 2 hours before class. she was not willing to help anyone with anything. i would avoid her if at all possible.
1476,373,5.0,0.63,0.005311432403576886,0.04000000000000001,0.009656623796456468,not only is doctor jones super cute he's also a really good teacher. he made me look at the things i did on a regular basis in a completely different light. everyone should take him.
4493,941,1.0,0.69,0.00984138386417977,0.020000000000000004,0.009652757835262378,"language barrier very tough. very nice person, awful tests. would never have taken had i known."
18375,382,3.5,0.69,0.005839704086311189,0.03125,0.00961597274333154,take her if you want an easy a and have to take a language course. however if you are interested in learning french truley still take her because you want an easy a anyway you can get it right? but seriously if you want to learn french in her class you must really practice and persue it on your own because she is just a little too light for a true
15660,646,4.5,0.75,0.0030428999167904317,0.03333333333333333,0.009554143754949389,"tudor is a nice man... if you need help, go to him for help. he appreciates that effort. gives online help sessions before every exam. he's not hot."
18753,905,5.0,0.7,0.009252940153512242,0.020000000000000004,0.009518729738066006,"honestly, my favorite professor at mdc. he's tough but he's also so sweet don't let his biker exterior fool you."
8759,619,5.0,0.82,0.0018474445922903484,0.03125,0.00949335297474078,"the single greatest teacher on the face of the earth. the heavens opened up and deposited him in south jersey of all places. the most important resource that new jersey has, the east coast for that matter. check that, the world! if you prick him he does not bleed, he is a demi god of history."
5414,851,1.0,0.73,0.003218630369379486,0.03333333333333333,0.009284142454708386,"he doesnt teach the material and actually fell asleep during a student's presentation. just like in grade school, he does not allow you to get up to go to the bathroom during class and wont let you tape record him.... it wont take you long to figure out"
5775,244,1.0,0.65,0.006401629032779265,0.03125,0.009086514280562744,"if you want to learn how to do accounting, don't take her! if you ask her a question, she will answer with another question and you end up more confused than what you wereorginally."
689,1192,1.0,0.85,0.011500134188260385,0.0,0.009012209865147539,she is such a flake and a complete airhead. she is aggervating and annoying. dont take her class. you will want to hurt her before it's over
6185,1337,5.0,0.69,0.01565175059349789,0.0,0.008970911143371027,"excellent teacher. treats everyone fair. she doesn't have pets, and she seems to really enjoy teaching."
6340,1147,2.5,0.64,0.0033430511523738315,0.04000000000000001,0.008879642190015403,"doctor nutter was my advisor on my senior project. he was not very helpful and not very clear. he is a fairly nice person, though."
15600,1329,1.0,0.71,0.007765957204186863,0.020000000000000004,0.008833831853222158,he is well prepared. his notes are very clear and understandable. the fact that he is well natured helps also. i highly recommend him.
3394,1378,2.5,0.61,0.018520954912625013,0.0,0.008823850208332488,"very boring, likes to walk as he talks and his facial expessions are histerical. good info but hard to hear what he says."
6319,581,4.0,0.73,0.002462421336770982,0.03333333333333333,0.008812485599808335,sometimes moves around the place. but is very very smart.... ummm.. shes a sassy prof
8527,421,1.0,0.66,0.005381762522206727,0.03125,0.008750168820739089,worst professor ever. class was a lab it had little to do with actual physics. if you followed his instructions perfectly he would still tell you it is wrong and walk away without explaining a bit. don't take him if you can help it!
19975,730,1.0,0.65,0.002267059189948671,0.04000000000000001,0.008524699559752663,"the worst experience i have ever encountered with a professor. he never answered my emails, or questions. he waited until the last possible minute to upload or grade anything, meanwhile his folders were stocked with files that dated back to 2012. most unorganized class ever, and so unhelpful."
13129,870,1.0,0.74,0.006382328383902351,0.020000000000000004,0.008518816477564164,i took this class online. she never told you how you are doing or if you were doing anything correctly. she is very unorganized and always has an excuse for everything. don't take her class.
4739,818,2.5,0.82,0.004470409477823595,0.020000000000000004,0.008517255992134416,"if you're liked, you will receive help. if not, drop and find a new class. she was very nice to me her best quality, but she cannot bake. unfamiliar with products for a former bakery owner. the same products are repeated throughout the semester. rehash."
8384,1014,1.0,0.73,0.0026879220826733314,0.03125,0.0084983429833302,worst teacher at ua! we pay too much for him to be a professor here.
99,769,2.5,0.65,0.01617376413102361,0.0,0.008475808586992387,"don't get sick during semester. u'll get no sympathy. needs nu wardrobe, safari attire good thing she designs arch not clothing. bases grades on pers opinion, not ur work. best wishes if u get stuck with her."
1223,1154,5.0,0.64,0.005595616223026017,0.03125,0.00846495550618932,"ryan is great. he makes writing fun. and, he's so cute!"
18674,168,5.0,0.61,0.006691500675844691,0.03125,0.008398900705719525,"wonderful professor. he expects you to work hard, and he works even harder trying to you to see the value in that. he's a harvard experience in a community college. take his classes!"
15194,534,5.0,0.84,0.0037829452914229372,0.020000000000000004,0.008301495386102229,"great professor and hilarious. i'd recommend taking him in the fall though. taking him in the summer, four days a week is tougher to manage."
14074,1249,1.0,0.9,0.0027091482014102606,0.020000000000000004,0.00828981606327759,hard marker. you can write a whole page but she will only mark some. biased. favours many. once tried to talk to her and she stood there looking back and forth around the room while i was talking to her and frankly didn't give a cow. lectures are all over the place. can't sleep because she will catch you and make you watch.
18697,479,1.0,0.6,0.010764697238036955,0.020000000000000004,0.008256285186400081,sour and not friendly to students. i dont think she likes her job very much.
8423,343,2.5,0.6,0.00605464427706713,0.03333333333333333,0.008236121058965307,don't do it. just don't... so much reading. she goes off topic. not clear about anything. doesn't remember due dates. the midterm and final are essay exams. she's late to office hours. the subject is interesting but her class is no bueno
2398,831,1.0,0.66,0.00441529704912618,0.03125,0.008231963047815061,she was a terrible teacher! she had a very biased outlook on psychology and all she taught was attachment theory. she doesn't teach about the proven methods of mental disorder reasons and treatments. do not take her unless you want to learn incorrect information and want to be bored out of your mind.
12187,1328,1.5,0.69,0.007270382526502299,0.020000000000000004,0.008179170301905306,"if you don't write the same way she would, don't expect a good grade. just because you say something differently doesn't make what i said wrong. she needs to realize she didn't make the rules of english, and their are other ways than her way."
5491,65,5.0,0.65,0.015244455055719813,0.0,0.007988807182951795,doctor a is an amazing director. he will push you and others in the choir harder than any other director. you will learn how to make near flawless music for the purpose of delivering beautiful texts and messages. a once in a lifetime opportunity to work with a musician of his calibre.
3413,1016,2.5,0.81,0.0038506148932084187,0.020000000000000004,0.00791009825714894,"paul picks favorites. paul has his own agenda. paul has his own agenda for what you should do with yourself. be careful, especially if you end up being a favorite. some say he lives vicariously through the work of his students. all i'm gonna say is that he has an agenda for you and for your work."
13061,1057,1.0,0.65,0.0041293755757856555,0.03125,0.007895747232979325,"very hard to understand. you teach yourself basically. the first day of class he picks on students. he rambles for 2 hours about nothing. however, if you survive the semster, he becomes bearable and if you ask for an extention he might allow it. other wise, try to avoid!"
18018,714,1.5,0.77,0.011663224221883971,0.0,0.00788051704356848,"information and content straight from text. overheads rehashed version of text. not funny at all, very strict and has follow her philosophy style or its wrong."
8978,1072,3.5,0.65,0.007906153959358847,0.020000000000000004,0.0078115215916511795,"don't think you have him figured out the first day. he is sly, like a fox. he is very good at getting you out of your comfort zone. be open minded and enjoy the class. he is extremly educated and wants us to be also. i recommend him."
14293,1175,4.5,0.65,0.0030989882320721545,0.03333333333333333,0.007737893515043867,"go ahead and take this guy... all you do is take notes, so you better be there. he talks fast but the tests are pretty easy"
8312,872,5.0,0.73,0.012333851207531056,0.0,0.007692774376527419,take a class with mchugh at merrimack if at all possible. she makes the class interesting and is very clear. she is sooo nice and really wants everyone to succeed. very highly recommended
7672,731,2.0,0.82,0.0033207054282588543,0.020000000000000004,0.00766355292911225,good teacher. but i can't say he is a good marker
19634,1230,2.5,0.77,0.01118170184312502,0.0,0.007555165730717135,this man is out of his mind. have the stuff that is on the quizes he never talks about. he is crazy. he also has a reverse camel toe. if you dont know what that is just think about it and picture it in your head. if you take this class just dont go and you will still do fine.
10292,1374,1.5,0.62,0.008320478555315135,0.020000000000000004,0.007479281264247189,"he knows psychology but he is very scattered and unhelpful. i dont know what happened between the good reviews and now but he does not like us asking questions, he gets off topic all the time. most of us bought the book from the bookstore and they have the 12th edition. he is still on the 11th and doesnt care that the chapters are very different."
9138,92,4.0,0.61,0.00865545444662445,0.020000000000000004,0.007458653489093121,"thumbs down on the group project, but she wants to help. her lectures are a bit all over the place, but we always had great class discussions. i d reccommend her, just know you have to get used to her style"
6535,1033,4.5,0.63,0.014793368528919373,0.0,0.007397379520105067,"hot professor, went to yale and he is a lawyer. would definitely take and yes even if he talks that kean is the worst, it is true"
168,169,3.5,0.61,0.008463144767459053,0.020000000000000004,0.00736703230592123,"doctor white has a very outspoken personality. if she sees you sleeping or daydreaming, she will call you out. however, she is an amazing teacher. truly knows what she is talking about and really wants you to actually learn. if you enjoy pr, take her. i would recommend her to everyone."
3904,48,1.0,0.81,0.010096741987463504,0.0,0.007360524908860896,"she is clearly over her head and has no idea what she doing. she talks to hear herself be friendly, has no true industry in site that does not come out of a book. she plays favorites, and is straight up two faced. never take courses or the gaming degree from this school."
14916,934,2.5,0.82,0.0028916164625221044,0.020000000000000004,0.007344936529964003,"well, she is alright, but she mutters and dosent know what she is talking about unless she has her notes, otherwise its almost impossible to take notes, she also jumps from topic to topic, not my fav prf by any means"
7663,731,1.0,0.67,0.006322817041213815,0.020000000000000004,0.007306481145629085,the worst professor i never ever had. he will always talking about his own business. you can't get a good results
6043,149,4.5,0.64,0.014218126824162507,0.0,0.0072796809339712035,very open minded and articulate. he'll be there for you when you need it.
15698,493,4.0,0.61,0.007804561960940765,0.020000000000000004,0.007053266840700034,"doctor slusher deserves a lot more credit than most people give her. she is someone i look up to for her accomplishments in nursing. she is a professor that cares about the future of nursing and wants you to succeed. slusher will prepare you for the rest of your nursing program and career. lecture heavy, funny, intelligent, and has high expectations."
17568,1001,5.0,0.63,0.0031533787264941583,0.03125,0.007046101603423399,"if you don't think that baude is the smartest person you've ever met. you've either met socrates or you can't recognize genius when you see it. in the words of terry bethel, baude knows everything!"
4917,1132,5.0,0.64,0.0027863979105136323,0.03125,0.00702663573018298,very helpful teacher! learn alot in class. give great tips in everything you want to know from starting your own business to stocks. enjoyable class.
8119,396,5.0,1.0,0.0,0.020000000000000004,0.007000000000000001,i think he knows too much. you have to work hard for him.
11895,542,2.0,1.0,0.0,0.020000000000000004,0.007000000000000001,"i would tell you to avoid her at all costs, but if your major is art thats impossible. just keep your contact down because she is a person who will treat you bad and then make you start to believe you can't do something."
4200,1284,2.5,1.0,0.0,0.020000000000000004,0.007000000000000001,i wouldn't recommend thompson. she moves extremely fast and is hard to follow along with. even after having 3 years of high school spanish. she randomly calls on people and often makes you look dumb if you don't know the answer. she's comes off as being a cold person for the most part.
19565,529,5.0,1.0,0.0,0.020000000000000004,0.007000000000000001,mr muckell rocks at being a yank and at all other faacets of life. anyone who can raise 17 children at once is ok in my book
19567,529,5.0,1.0,0.0,0.020000000000000004,0.007000000000000001,muckell is the absolute best. nyack should be lucky to have him. he is honestly the only reason i ever even stayed at nyack. the school has so many problems and is so messed up it needs more people like muckell.
14382,153,5.0,1.0,0.0,0.020000000000000004,0.007000000000000001,i love doctor roter. he's funny and expects the very best from everyone and is a very active believe in us living up to our full potential.
18491,360,2.0,1.0,0.0,0.020000000000000004,0.007000000000000001,it is not for your own good. i was not happy with her.
14491,1004,5.0,1.0,0.0,0.020000000000000004,0.007000000000000001,"i just wish we would stop talking about rennie stennet. otherwise, he's ok and he smells good too."
14626,1167,1.0,1.0,0.0,0.020000000000000004,0.007000000000000001,if he dislikes you you're screwed. he never responded to my emails.
7289,897,5.0,1.0,0.0,0.020000000000000004,0.007000000000000001,"i think with wang the engine is running, but nobody is behind the wheel.."
7656,731,1.0,1.0,0.0,0.020000000000000004,0.007000000000000001,"nobody can't understand and has interests what he saying. in class, always he talks all and leave. i don't know why he is doing this job in seneca."
18527,1081,5.0,1.0,0.0,0.020000000000000004,0.007000000000000001,"hes really funny and cool, i would love to take him again"
7898,925,5.0,1.0,0.0,0.020000000000000004,0.007000000000000001,this guy was so cool it makes me wanna be an asian
18856,737,5.0,1.0,0.0,0.020000000000000004,0.007000000000000001,hade a fun day with kerry at my house and hope to hang out with him again
12905,1389,1.0,1.0,0.0,0.020000000000000004,0.007000000000000001,"if she likes you, you've got it made. if not, you're in for it. don't get too close or she'll make you do something for her. i've never known someone to delegate all of their resposibilities as much as her. she doesn't do anything. learn how to say"
11899,542,1.0,1.0,0.0,0.020000000000000004,0.007000000000000001,thinks she is the queen and we should all bow to her. i think she needs to retire or get a personality
5926,61,5.0,1.0,0.0,0.020000000000000004,0.007000000000000001,took ethics with him. he's basically yoda. i would kill anyone for roda. he's awesome
17766,1214,5.0,1.0,0.0,0.020000000000000004,0.007000000000000001,"i love stan so much you have no idea. he's the best, especially compared to a witch like professor cruise. never take her. never."
15073,965,3.0,1.0,0.0,0.020000000000000004,0.007000000000000001,"personally, i think she puts to much time into other choirs and not concert choir. choir was horrible because of this, and not to mention we sang all the same songs the whole year."
17564,1001,5.0,1.0,0.0,0.020000000000000004,0.007000000000000001,most brilliant mind i have ever met. went from meeting you at 0 or any other place and took you to 100
12206,1089,4.0,1.0,0.0,0.020000000000000004,0.007000000000000001,was a very nice and intelligent guy. i would definitely take him again.
12240,207,4.5,1.0,0.0,0.020000000000000004,0.007000000000000001,i also had him for perspective. he's awesome and will help you if you go to him
14742,574,5.0,1.0,0.0,0.020000000000000004,0.007000000000000001,doctor giger is awesome he totally loves god and his conducting and teaching show that. i love this man heh.
5627,1259,5.0,1.0,0.0,0.020000000000000004,0.007000000000000001,"she is very nice with everybody. i like her, she is understendable."
8621,1250,1.0,1.0,0.0,0.020000000000000004,0.007000000000000001,"it's either her way or the highway. if it's her way you're fine and can be in her club. if you have a different oppinion, you'd better invest in body armor because you will be attacked. but in her defense, i don't think she's aware that she does it. doesn't change the fact that she does."
18463,786,1.5,1.0,0.0,0.020000000000000004,0.007000000000000001,i dont know why the comments on him got reset.. he is terrible period avopiod him at all costs..
7808,202,1.5,1.0,0.0,0.020000000000000004,0.007000000000000001,"i once even saw his assistant teaching assistant fall asleep and then wake up at the end drooling, he puts everyone asleep"
19268,1130,2.0,1.0,0.0,0.020000000000000004,0.007000000000000001,seriously save yourself an awful semester and avoid him at all cost. also the book is pointless and i'm so sick of hearing him repeat himself 4928097 times. im trying to save you don't take this.
12937,1012,2.5,1.0,0.0,0.020000000000000004,0.007000000000000001,"paul rocks. i cannot believe that none of the other raters have commented on the hotness factor. if you're reading translations from the ancient chinese, it makes a big difference. also very nice elucidation of the implicit tension between confucianist ritualism and hegelian dialectics. thank you paul."
19350,1093,3.0,1.0,0.0,0.020000000000000004,0.007000000000000001,been out of college for 35 years and still think about him. unique and true. changed my way of thinking about life. sometimes a loaf of bread is just a loaf of bread.
19707,487,1.0,1.0,0.0,0.020000000000000004,0.007000000000000001,"you get yelled at if you don't follow his order. he's suppose to help you, not make you feel little. it's self defense not a military class. all i can say is don't take it with him."
19659,1332,2.0,1.0,0.0,0.020000000000000004,0.007000000000000001,i swear this man doesnt know any english. he also doesnt answer questions you ask. he also doesnt get back to emails you send him. he is really nice but very confusing. good luck if you try taking it with him.
19624,251,3.5,1.0,0.0,0.020000000000000004,0.007000000000000001,"if she likes you, it is a good thing, if she doesnt you are in for it.. i have learned alot from her but she is very intimidating"
19765,240,1.0,1.0,0.0,0.020000000000000004,0.007000000000000001,"i don't recommend her to anyone. she isn't helpful at all when you have questions. plus, she is very hard to understand."
374,924,1.0,1.0,0.0,0.020000000000000004,0.007000000000000001,"this guy sucks. trust me, dont waste your time. if you have any shred of individuality, he will put you down and glorify his stupidity. complete waste of time. he should have been fired a long, long, long time ago. happy new year."
19504,672,3.5,1.0,0.0,0.020000000000000004,0.007000000000000001,"she was nice, but way to bouncy for me. everything had to be done her way exactly. she should realize there are different styles."
19497,672,2.0,1.0,0.0,0.020000000000000004,0.007000000000000001,she screamed at the top of her lungs at my class on a regular basis. it doesn't matter if you have a great speech unless you do absolutely everything her way and she has her obvious favorites.
16456,969,3.5,1.0,0.0,0.020000000000000004,0.007000000000000001,"norm is a great guy, but he plays favorites. also, i don't seem to agree with his opinions on good theater."
11938,406,4.5,1.0,0.0,0.020000000000000004,0.007000000000000001,"frank is a good man, i highly recommend him to you."
19149,420,1.5,1.0,0.0,0.020000000000000004,0.007000000000000001,he was really bland and drawn out. i wouldn't suggest taking him unless you have to
10784,1038,4.5,1.0,0.0,0.020000000000000004,0.007000000000000001,"these comments are clearly from people who don't want to put in the work. if you really want to major in em and it's the right place for you, you will enjoy doctor r and his courses. loves what he does and definitely gives a lot of work but it all has a purpose and i'm better for it all."
13252,910,5.0,1.0,0.0,0.020000000000000004,0.007000000000000001,love this man. he's a lunatic and its awesome. i stop by and sit in his class just for fun. you the man critelli.
3946,364,1.0,1.0,0.0,0.020000000000000004,0.007000000000000001,"yeah this expletive deleted is evil. she tried to get a friend of mine thrown out of school because of a mis cited quote. if i were any of you underclassmen contemplating taking her, steer faaaaaaaaaaaaaarrrrrrrrrrr away."
8871,611,5.0,1.0,0.0,0.020000000000000004,0.007000000000000001,i worked hard but learned a lot.. hes a very nice man.
8757,619,4.0,1.0,0.0,0.020000000000000004,0.007000000000000001,"i once saw him swallow door handle. he has the strength of nine men, and can rend armies asunder with the boom of his voice. he also knows a thing or two about charlemagne."
12867,1101,2.0,1.0,0.0,0.020000000000000004,0.007000000000000001,"she has an obsession with being awkward, but i guess she is ok."
2209,859,1.0,1.0,0.0,0.020000000000000004,0.007000000000000001,horrible. i wonder if she even went to law school
5426,59,1.5,1.0,0.0,0.020000000000000004,0.007000000000000001,she was just really boring and did not keep my attention at all.
13708,566,2.5,1.0,0.0,0.020000000000000004,0.007000000000000001,"professor shaw was average in most areas. however, she wouldn't respond to my e mails, and she doesn't seem particularly enthused about helping a brotha out. it is unlikely that she will make much of an impression on you, either positive or negative."
16851,1191,1.5,1.0,0.0,0.020000000000000004,0.007000000000000001,"i didn't think she was a good professor at all. she didn't help you out what so ever.. and she says ummm wayyy too much, which makes you not be able to stand her for too long. dont take her."
16799,445,1.0,1.0,0.0,0.020000000000000004,0.007000000000000001,"i would not recommend her. she rambles incoherently, is unprofessional, disorganized, and condescending on top of all that. she is not motivating or inspiring.. she is depressing. definitely not worth the time or money."
19938,261,5.0,1.0,0.0,0.020000000000000004,0.007000000000000001,funny man. tought me a lot. good guy. easy to talk to and work with.
16454,969,4.0,1.0,0.0,0.020000000000000004,0.007000000000000001,"i love norm. he makes you find the magic for yourself, which can be frusrating, but in the end, it makes you so much more fulfilled."
16315,653,4.0,1.0,0.0,0.020000000000000004,0.007000000000000001,"honestly, i just go to class to look at him."
11030,1189,1.0,1.0,0.0,0.020000000000000004,0.007000000000000001,seems totally disorganized. not helpful in any way. doesn't really know what he's talking about. i was totally dissatisfied. do not reccommend.
10198,700,3.0,1.0,0.0,0.020000000000000004,0.007000000000000001,"easy, that is all i have to say. he is a really nice guy"
15401,142,4.0,1.0,0.0,0.020000000000000004,0.007000000000000001,"nice person, but very odd. knows what he is talkin ' about but he is probably the only one. i am not too sure if doctor lakey's thoughts generalize to others ' thoughts."
11015,967,1.0,1.0,0.0,0.020000000000000004,0.007000000000000001,i just dont like her. she acts like she is friendly but she is actually not. she choose people to be nice to.
5731,87,5.0,1.0,0.0,0.020000000000000004,0.007000000000000001,"still the best. take him if you must take accounting, i urge you."
11270,22,2.0,1.0,0.0,0.020000000000000004,0.007000000000000001,"this person is masterful at implying content to what he says and does. i prefer substance. seems to have a predilection towards the avant garde, and is dismissive of many types of work he feels has been sufficiently represented historically, although his personal work looks like lo grade 1950's ab ex. go figure."
9768,274,4.5,1.0,0.0,0.020000000000000004,0.007000000000000001,"he is a generally a nice guy, and i think he really does have intentions of truly helping you."
19030,1223,1.0,0.79,0.0029549746159229368,0.020000000000000004,0.006990058234655408,"kept talking about his mother. i don't know what she's got to do with mixing slip, but there it is. he's more interested in landscaping than teaching. some folks should just not have tenure."
14136,154,1.0,0.66,0.0059495638897731585,0.020000000000000004,0.006943381788011076,sun needs a translator to teach in the us. he should take esl himself before teaching others. i can still vaguely remember his incessant mumbling that maybe only he thought was actual language being spoken. impossible to understand. he could have been speaking amazonian or latin for all we know.
4155,309,2.0,0.82,0.009332886749545247,0.0,0.006930056485355635,"don't argue with him, just believe what he tells you and write about it. you'll do fine."
5504,65,5.0,0.84,0.0019923312869637323,0.020000000000000004,0.006922950517834003,"i had doctor a for collegiate chorale a non audition choir and he was so kind and encouraging to us, and helped us feel great, and as a result, sing well too"
3797,563,3.5,0.71,0.004570264436989725,0.020000000000000004,0.006921987455354534,"she is an ok teacher, but i think she should act more professional and keep her personal life personal"
10838,1073,5.0,0.67,0.005589139602291587,0.020000000000000004,0.006904118765520149,"rebecca has a brilliant mind, she gives great lectures. regardless of what others say, i find her very approachable. and, yes, she deserves a chillie pepper emoji"
19029,1223,3.5,0.83,0.0021021224780608623,0.020000000000000004,0.006882715428045613,took steve multiple times during my masters. you get from him as much as you want. if you are on the lazy side don't take him. if you want to be pushed and are open to new ideas he's your guy.
18938,68,4.5,0.61,0.014382543860547378,0.0,0.006852206770058758,she is a wonderful teacher and tells funny stories. she will do what she can to make sure you understand what she wants.
33,544,4.0,0.64,0.013376048021327231,0.0,0.006848536586919543,"trouble is, if you have different opinions on the topics you talk about then she won't like you. as long as you stick to what she lays out you should be good. she wants very badly to have students she molds, if she can't mold you she'll throw you away."
2420,458,3.0,0.67,0.005479939949489684,0.020000000000000004,0.006844231640909928,"i think she was nice, not as clear as desired but she keeps up student relations"
11537,1190,4.5,0.61,0.00733158031408757,0.020000000000000004,0.006827926450703291,"she was great, i can't think of anyway she could have possibly made it easier. she gives you all the lectures on moodle, she tells you exactly what to study for tests, gives you practice questions. plus she's interesting. as you can see from the pic being present, she's really into utilizing online tools."
14064,1249,1.0,0.7,0.011388866906303006,0.0,0.006670026781614369,"your grade depends on how much she likes you instead of how well you do with your work. if you are ethnic minority, the chance she doesn't like you is very high and you'll be discriminated against in many possible ways, especially in those areas almost impossible for students to challenge her decision. she enjoys breaking hearts for no good reasons"
16311,331,4.5,0.61,0.0022163321459033923,0.03333333333333333,0.006614210905565753,don't use white out or pencil... if you follow that policy and the dress code than you'll be fine
18291,880,2.0,0.79,0.009329197865868685,0.0,0.0065506582267662785,"very nice teacher good on grading, but hard to understand hand her handwriting, also hard to understand her accent, she is all over the place can be very confusing"
7710,256,4.0,0.81,0.0019565662728616715,0.020000000000000004,0.006529336812916161,"danny fon is a great teacher. if you go see him in office hours, he will give you the answers to the homework. final is not cumulative. i would recommend taking him."
9019,222,5.0,0.8,0.0021231031229611568,0.020000000000000004,0.006527961199578168,good teacher. wonderful person. i always had his drug class.
14318,315,1.0,0.82,0.008751005398092935,0.0,0.006497985386503387,"dennis is a nice person deep down, but has no place teaching at desales. his productions are not art, they are movies on stage. he has a horrible work ethic and does not know what professional theatre is like today. he can talk all about how things were hu"
3967,585,3.5,0.86,0.008101495582001735,0.0,0.00646119541725681,"great teacher, has a hard time pronouncing simple words though.. like ode for example.."
4993,591,5.0,0.75,0.009883817930477698,0.0,0.0064197280606303675,"everyone is entitled to their opinion. jim won't ever criticize any artwork, but will give his opinion to improve on it meaning take it home and touch up on it for the final portfolio. you can't be lazy in his class or you will get the grade you deserve. he will give you his undivided attention as long as you need."
16110,1361,5.0,0.75,0.002838684979478552,0.020000000000000004,0.006390413349045603,"mrs maleki is a very nice lady. she is strict, but she will do what she can to help you. she just took over as being the director of the vn program, and when she did, she totally turned it around for the better. i am very greatful, thank you mrs maleki"
15211,817,4.0,0.66,0.004912939233065404,0.020000000000000004,0.0063875576055401765,"she is a hard marker, but if you ask her what she wants you will see an improvement in your mark. i would take another class from her, there were no surprises."
3986,314,1.5,0.72,0.0034283226000230427,0.020000000000000004,0.00637108210962192,i cannot recommend strongly enough against taking this class. mcauliffe makes no effort to analyze works objectively or put them in a historical context feels more like a 6th grade religion class.
1814,230,4.0,0.67,0.011483712200241707,0.0,0.0062978817778054745,"he's young, cool, and laid back but knows his stuff"
11502,976,2.0,0.73,0.003016641390776525,0.020000000000000004,0.0062475021737556985,i stopped liking chemistry because of this professor. he would not hear comments and will try by all means to not give points back even if it was his mistake.
14756,453,5.0,0.95,0.006659502122937857,0.0,0.006166335774953929,"detweiler is genuinely nice and means well with everything that he does. that being said, he will not let you bs your way through choir. he's a professional and expects you to begin viewing music as your future profession as well. bring your music. get your notes. stop by his office and say hi sometime. smile and wave in the hall he'll love you."
1559,708,5.0,0.64,0.005020330310524991,0.020000000000000004,0.006154409118988796,she is amazing. her wealth of knowledge is limitless. she is an inspiration in every aspect of life. i want to take every class she has every taught. she's awesome. honestly. doesn't like technology though. and she's still busy writing the book on the subject.
1481,373,3.0,0.66,0.011436501644410476,0.0,0.00613209818587562,"you either like him or you think he's a strange little man. he tries to make you think he's very wise but when you analyze deeper, you see he's just a cocky, knowitall. if you like group work, sitting in cicles and sharing feelings, this is the class 4 u"
10602,482,4.5,0.66,0.00441770637456211,0.020000000000000004,0.006122020415266761,the 2 exam format seems to be a trend of history profs. the fact that he doesn't require you to talk is a bonus since you then get participation points for free. raising your hand is a courtesy thing since i pay to listen to him and not someone that once took a trip somewhere. he's packed with knowledge and was fun to learn from.
4499,941,2.0,0.81,0.008317987752350374,0.0,0.006063813071463423,"notes and text contradict one another, takes her forever to get through one slide, don't even bother trying to understand her, notes online which is helpful"
1725,73,4.0,0.67,0.003911862812485445,0.020000000000000004,0.005984268916737467,"kroker is a breath of fresh in the uvic poli sci dept. however, i found him to be dogmatic in his insistance on post modernism humanism as the only legitimate type of study. anyone who wants to be challenged should seek him out, but not for an easy a."
12159,302,5.0,0.63,0.00487102851923706,0.020000000000000004,0.005936072171738298,"she's difficult, but she cares about her students if they care. she's incredibly clear and well spoken, and i've been to her house for dinner and she's an excellent cook."
5728,87,5.0,0.74,0.002292648169868154,0.020000000000000004,0.005915440279055174,he is super helpful and super nice guy. i would refer him to anyone. he was an excellent teacher.
19805,1256,5.0,0.65,0.011213022856517672,0.0,0.005876148226442543,she is very helpful and understanding of your problems. if u need so help on the side she will help u with all that she can.
9321,119,4.0,0.62,0.0050190402672522,0.020000000000000004,0.005867557097549349,i had him two years ago. he was pretty easy. always got out of class early
11931,406,5.0,0.8,0.008176344913357836,0.0,0.00585051617080088,amazing professor. highly intelligent. will remove anyone's stage fright. too bad he's leaving seneca. great asset seneca is losing. they should give him the schedule he wants. seneca making a huge mistake. best teacher ever.
8768,263,2.0,0.67,0.010549269319805201,0.0,0.005785415888162467,not helpful at all. he left on two trips during the semester and did not care at all. study edge and his class notes barely helped either.
19071,929,5.0,0.67,0.0033432616371882364,0.020000000000000004,0.0056724374359147685,"professor townsel is a really, really great proffesor. she explains very clearly and tries her best for students to understand. she is cool and she always anwers your questions with respect and correctly. if she makes mistakes she does not get mad, al contrary, she thanks when some correct her. it is rearly that she makes those mistakes. i highly recomm"
7579,11,2.5,0.65,0.0036266082759539306,0.020000000000000004,0.005568839569211301,"well, he's not lining the bottom of the barrel, as some film profs are cough hendricks. however, he's tempermental and terribly unclear about what he wants. no effort is really required, so i'd recommend his class to 4 20 types."
8777,263,5.0,0.71,0.009159821004828317,0.0,0.005479923681434081,he is a super nice guy and want the best for his class. that being said if you go to his office hours he turns into a mean person and kinda judges you. but other than that he was awesome and would definitely recommend him.
12910,1389,5.0,0.64,0.010655744761207796,0.0,0.005455741317738392,"move foward and never look back. you will be making one of the biggest mistakes of you life if you even consider her as a candidate. you will never get a green sheet, she is highly inconsistant and unfair. you will struggle. dont do it."
19670,253,4.0,0.71,0.002109220633223409,0.020000000000000004,0.0054496516734438664,"dan levine is a super nice guy. he is very liberal, but always fosters debate. he is available if you go look for him. i can not understand certain students personal criticism of him."
8500,1325,5.0,0.62,0.00408457710862428,0.020000000000000004,0.0054113629408707176,great teacher. she is patient and laid back. i took her for total body conditioning. she is sweet and teaches well.
13607,380,1.5,0.82,0.0072443521046429244,0.0,0.00537923266747308,"overall he was very keen about what he was teaching. he didn't make it easy for us to feel the same way, and at times he was slightly off putting in regards to subject matter. there was never a clear focus and it always seemed like the weirder the better was the way to go."
4318,728,2.0,0.6,0.004393584847602471,0.020000000000000004,0.005295259724203865,"worst professor i've ever had. really inconsistent grading, never keeps track of papers after you turn them in, and never fully explains assignments. never makes himself available to talk or explain anything. expects you to check your email every day but never responds to anything you send him. also cancels moves classes without much notice. avoid him."
9911,1003,2.0,0.84,0.006813856963922557,0.0,0.005245802572378553,"he is very boring, soft spoken and likes to ramble. he talks so slowly yet quickly that it's hard to decipher the gibberish that he speaks. his slides are not great either. keep your studies to the textbook."
1941,1145,3.0,0.67,0.009523394430189706,0.0,0.0052228069807847945,ehh. not too bad. not too exciting either. projects are a pain.
8190,912,4.5,0.76,0.007777861356882469,0.0,0.005153242571031166,he's an amazing professor he's supportive and helpful. he's extremely challenging but he does it in a way that you actually want to work hard and make him proud of you. excellent guy.
2660,616,5.0,0.61,0.010585990364788743,0.0,0.005043432896760277,great guy who cares about his students. he will do anything to help you and is very approachable.
10168,365,1.5,0.62,0.0031963785415272256,0.020000000000000004,0.004977754625188208,boring class. ease up on the grading too. i put 715 bc and got points off cause it was 710 bc
16461,969,1.0,0.62,0.01003281926146599,0.0,0.004897906867525875,"doesn't really know anything about acting, very pompous, doesn't care about his students"
19450,937,4.0,0.74,0.0076183641544001045,0.0,0.0048496378379606605,"go to lecture take notes study you'll be fine. unlike many professors, she has a heart, so talk to her if things aren't workin out so hot for you and she'll work with you."
4743,1272,5.0,0.75,0.00746220415984267,0.0,0.00484684377798725,tough grader but very fair. she knows her stuff for sure and will help you out if you seek it.
14965,744,4.5,0.8,0.00670934966816957,0.0,0.004800819821709702,"she's very intimidating scary in class. but she's super helpful and a lot nicer in office hours. if she makes you feel stupid, get over it, that's just her style."
13906,1283,4.5,0.61,0.009791069563156394,0.0,0.004664712570827726,"tests very hard, failed everything except made a c on final and somehow managed to make a c in class, if you are having a hard time go talk to him about it act interested in his class and if you are a girl act interested in him and he will pass you, dress cute and flirt, but class is pretty hard"
9352,1303,4.0,0.63,0.002320224110258287,0.020000000000000004,0.004660550085075886,i had him for honors intro to accounting. he did a very good job of teaching the material. the tests and quizes you take in honors accounting are exactly the same as those given in the regular section. the only difference is that you do an easy group proj
9330,210,5.0,0.61,0.009613772030026512,0.0,0.004580243552787057,"chris really tries to get the best out of people. at times he's just blunt and dead honest. some people can't see that. show up, hand in the work on time and do the best you can. cake."
1838,260,5.0,0.64,0.0019145766532245748,0.020000000000000004,0.004564263246450983,i posted the last comment daniel is the only va full time professor who isn't conceited. there are at least two excellent and grounded sessionals.
1416,856,4.5,0.78,0.006126026940897689,0.0,0.004220081190209844,great and interesting class. marlos clearly enjoys the material. great hazard movies. must actually read the book though.
15704,493,2.5,0.94,0.004538615291797721,0.0,0.004136329738954594,she's not very helpful. ask her a specific question and you may or may not get an answer. tough grader. she can also be rude. at least she likes what she does.
289,621,1.0,0.72,0.006512754616602311,0.0,0.003978903991913413,"played favorites would spend 15 minutes helping one person and 1 minute helping another, always said he wanted your creation to be simple but always favored the elaborate projects, acted as if projects were very open ended but then acted as if they had to be done his way"
13766,697,5.0,0.74,0.006200051522128626,0.0,0.003946779630067215,she is a wonderful teacher. very easy to talk to and ask for her help. always smileying in class.
1934,1145,1.5,0.66,0.007341041465982056,0.0,0.003936167584777778,"honestly in the beginning she seemed like a nice woman, but upon further discovery she was very cold. didnt really answer questions thoroughly. always believed she was correct. not a really exciting class at all."
9045,449,5.0,0.95,0.004157762378447887,0.0,0.003849861209544957,doctor willimas is always helpful. she makes tcf fun. she's always willing to help in any way she can. you can even call her at home as long as you call before 11 30 pm. excellent professor
1023,34,1.0,0.69,0.006706879541083471,0.0,0.003844095269275988,"he makes the class harder than it actual should be. there's just a midterm and a final which are both so hard. he doesn't allow any eating in his class and if he sees you eating get ready to walk out the room, throw it out, or put it away. if you ask a question and he feels it is stupid oh man he will make sure to tell you that."
16511,428,5.0,0.71,0.006198436495950329,0.0,0.0037082557534823947,"she makes you work. if you are serious about becoming a great writer, take her. if not, find a different teacher."
17686,624,2.0,0.77,0.005384926173489494,0.0,0.0036384452258851653,"he was boring to an extreme. not to say he did not know his stuff, because he did. however, he tells you everything. details you do not need to know or care to. he speaks slowly and tends to repeat nouns instead of ever using pronouns. was just slow and boring. not recommended"
7853,235,5.0,0.77,0.0053706912779012865,0.0,0.003628827101843118,she is very interesting and tells you about different people in canada in a very friendly way. it is an interesting class.
15062,378,3.5,0.73,0.005721123401416895,0.0,0.0035683348831464703,energetic and fast paced. good if you can keep up. good luck if you can't.
12031,1146,1.0,0.79,0.005042706233232033,0.0,0.003540823717839663,no guidance whatsoever. not organized. not sure what she wants. she is very confusing.
10848,43,4.0,0.67,0.006451686561886138,0.0,0.0035382251423333256,great man. witty and intelligent professor. really makes you think. highly recommended.
9026,318,3.0,0.64,0.006855929555760959,0.0,0.0035102359325496113,"easy and informative classes, just keep up with the notes. he comes off as extremely pompous. which he can be, but for the most part he is alright."
12307,205,1.0,0.77,0.005174273614762038,0.0,0.0034961131359122883,"doesn't really speak english. very hard to concentrate and learn from. weekly quiz on fridays that you cannot make up, no matter what reason, even if a relative dies. major jerk."
12702,1309,5.0,0.65,0.006656200858549771,0.0,0.0034881604514948334,"ensemble rocked, he gave us music that was a challenge and really pushed us musically. jazz history is a cake walk if you only hold a minor interest. amazing musician for a stiff morman. doc is awesome"
15701,493,2.0,0.64,0.006801418042182191,0.0,0.0034823260375972816,"doctor slusher wouldn't accept a hand written love letter from channing tatum if it wasn't apa format. she is crazy for the rules and reads the powerpoint word by word everyday good luck dealing with her voice. tests are common sense, but difficult because there are 3 right answers but you need to pick the 'best ' one"
282,621,5.0,0.64,0.006752353055758282,0.0,0.0034572047645482404,you show jc the effort and he will respect you back. there is a lot of knowledge in his head and a genuine interest in the students. once you demonstrate your commitment you'll be freed to take your creations as far as you want to.
19231,1182,4.5,0.84,0.004459495824903708,0.0,0.00343324416606541,"very caring professor and class is usually a debate. be careful though if your views differ from the majority and especially his. if you think differently be careful with your arguments he is very sensitive and doesn't appreciate a true discussion debate, especially if you are very strong and on the opposite side of his views beliefs."
8915,1305,5.0,0.6,0.007354020715693408,0.0,0.00341783997114539,"he knows his statistics. tests are always multiple choice, and reading is a must. this guy will help you out with any real world info."
12110,1141,1.5,0.8,0.004709823214301363,0.0,0.003370075158139011,he will waste your time or lower your gpa. avoid this teacher. do not take..
10448,1349,4.0,0.67,0.0060814871762614455,0.0,0.003335200900326332,"has an accent, but doesn't make it any harder to understand. open book test. don't play around because of it though. open book math is not easy."
10856,43,5.0,0.65,0.0061798222464074185,0.0,0.0032385157862983875,"wonderful professor and probably the smartest man on campus. do your reading and contribute daily and you will be fine, never make fun of his kids."
9058,266,4.5,0.64,0.006180321858813423,0.0,0.0031643247917124725,"a great guy and a good teacher. you do not have to buy a book dollars 100 and he is always ready to help you out. but, turn your work in on time, he might deduct 20 percent a day from late work, but he will give you a break once in a while, just do not count on it. learned alot and had fun as well"
15082,965,5.0,0.6,0.00680207083648,0.0,0.0031613168483292232,best teacher and nicest woman ever. she will do anything she can to help. emoji
10725,239,4.0,0.76,0.004691595244321281,0.0,0.003108428812206857,"try as hard as you can. he grades on effort. if you do a lot, he notices."
14881,1176,1.0,0.75,0.004758584427799065,0.0,0.0030907912503952703,she's very hard and she uses only the slides which are not helpful at all. the exams are dam hard.
12520,1026,1.5,0.78,0.004442151438198445,0.0,0.003060097500266273,for a guy who can't get his own poetry published this guy was pretty tough on other peoples art. what we learned were his prejudices about poetry and how to write representational poetry. he needs to realize that anyone who does the work is really trying to be creative and be sensitive to how hard it is to put personal stuff out there like that.
16966,201,1.5,0.8,0.004267708199782317,0.0,0.003053723405710885,"very theologically liberal narrow minded. don't let him know if you disagree with his opinions, he will explode. not a great teacher either. explosive temper"
8713,1051,3.0,0.75,0.004649821562559692,0.0,0.00302014769718101,"it was an ok class. the clicker quizzes are useless, and she puts everything online, so you don't have to show up. you can tell she tries to be non biased, but she doesn't succeed. she averages one attack on the bush administration per week. overall, it's an ok class, just incredibly boring."
7827,722,3.0,0.65,0.005559123501979531,0.0,0.002913240624292898,"if you are a republican christian beware to hear some controversial things. she's pretty straight forward on what she wants from you. your grade is based on book quizzes and film quizzes. she's a nice and caring person, but can sometimes inject her opinion too much. everything is basically online except the midterm and final."
15813,121,3.5,0.75,0.004343434729706941,0.0,0.002821143611704356,bob has a fantastic understanding of calculus. sometimes he doesn't notice if you need him to slow down or go over something again. be assertive and he'll help.
12381,843,5.0,0.9,0.0032274936805067366,0.0,0.00275568241433429,"very nice lady, she fun to listen to and speaks honestly. if she thinks your not trying she'll tell you so, she'll also tell u when ur doing well. her assignments are strieght forward. she does soften the rough edges of literature so if u loved harpers cla"
3789,1271,3.0,0.71,0.004541201897504516,0.0,0.0027168041610410062,"he's a good guy, genuinely. no more quizzes, and really difficult exams. but he wants you to do well so if you see him he is an extraordinary resource. he will go out of his way to make sure you are doing well if you just show you care. you dont have to read the book, but it does help a lot. he goes over everything imp't in class. id take him again"
6461,299,2.5,0.62,0.005554058598272889,0.0,0.0027114274704024715,"she gives you a grade based on your effort. craftsmanship is first, then design, and materials play some part too, which is bad for you because the cost of materials link to the quality. she buys some supplies so if you're frugal you can get away with spending dollars 50. she tries to help and talks a lot, with demos, but it ends up boring students."
14258,313,5.0,0.71,0.004445369008661855,0.0,0.0026594714995455127,"dennis is the best. he's a wonderful teacher and he truly cares about his students. he is always there when you need someone to talk to, cry to or get advice. st. rose is lucky to have him."
2611,942,3.5,0.68,0.004726653410232905,0.0,0.002650434812186362,"good teacher. werk hard and she'll smile during ur crit, listen, then let u sit. bring in a piece of shyt model, expect her to get out of her seat, pick up ur piece of shyt and destroy it. do ur werk and u'll like her, if she asks for 15 analysis drawings do 5 and jus ask her 4 help. u never need to do as much werk that she originally asks 4"
10615,454,4.0,0.64,0.005169478820826362,0.0,0.0026467731562630973,"he is an easy professor, but you have to follow the examples he gives. sometimes they make sence to him, but just get everyone else lost. he is willing to help ouside of class, but good luck catching him."
388,1294,4.0,0.86,0.003314009079475825,0.0,0.0026430256068554225,very helpful. was the key to success for ma240. would have failed without her.
17252,370,1.5,0.67,0.0047638323082645935,0.0,0.002612574415275672,she will not help you with any questions you have. she will only tell you to re read the instructions and do nothing else. she treats you like you are still in middle school and always talks down to you. she tells you that you can't have items like laptops even though it is allowed in the cscc school policy.
11591,836,1.5,0.71,0.004306461481970235,0.0,0.0025763691502042312,"she will give out homework, but she never picks it up. she will also tell us to not be scared to ask her questions but when you ask her questions she will explode and no answer your question."
15105,752,1.5,0.8,0.003554959139719537,0.0,0.002543721693967059,"not making clear or very logic point. you feel like you know every word she says, but it just make little sense. not helpful in understanding the major. need redesign."
4584,359,4.0,0.63,0.005068553579193421,0.0,0.00253451500041955,"she is definitely moody for sure. her class isn't really that difficult. she's just very strict, like no food and phones on the table. no talking whispering when she's talking. attendance is mandatory. don't be late. the classwork and assignments is pretty easy."
3025,1188,3.0,0.64,0.004929562624049605,0.0,0.0025239360635133977,she can be a mess. her online lectures are everywhere. sometimes she forgets to record half the time and if you're not watching it live then good luck. but the material was easy. stuff you learned in high school so it wasn't a problem.
12467,1318,2.5,0.89,0.0029944092589268777,0.0,0.0025141788400830866,it is super hard to understand what she wants from you. she is a nice woman though. very tough
10958,254,2.0,0.67,0.004565091624401286,0.0,0.0025035813205702,dishonourable treatment of students. there should be punitive measures for his behaviour.
13634,647,5.0,0.81,0.0033416443651002278,0.0,0.0024360587421580664,"an invigorating tutor, and all the girls follow him around like he is a peice of candy"
14617,775,5.0,0.85,0.003072133938879144,0.0,0.002407512411401639,she is awesome. she will bend over backwards to help you. great teacher.
12212,1170,1.0,0.67,0.004274291875773037,0.0,0.002344101319161099,good luck passing this class if you are male. also keep your head down keep your opinions to yourself go every day and endure the indoctrination. this is the professor ratemyprofessor. com was made to expose. take someone else if you can.
1936,1145,2.5,0.91,0.002684264710648008,0.0,0.0023301690543651972,strict teacher. very picky. must be exaclty her way. you can not have an opinion. it is wrong if she doesn't agree.
17640,414,2.5,0.62,0.0047151420416804935,0.0,0.0023018780649231327,"well spoken and very smart, but has a gigantic ego. group conferences were just mini lectures. written evaluation is based only on the second class paper."
16390,433,4.0,0.62,0.004608393821677854,0.0,0.0022497648127832058,"cool guy, only had him for a week but seems real easy to get along with and definately tries to keep you interested in his topic"
19470,502,3.5,0.8,0.003128640890615395,0.0,0.0022386731867524825,it's really great when he makes a mistake on the board and corrects it 5 minutes later but doesn't propogate that correction through everything else but in general thermo is really really hard so it's tough to blame him
17616,552,3.0,0.66,0.004114142295890823,0.0,0.0022059477009209777,doctor lynn is a very engaging speaker but sometimes he is not always appropriate. during a lecture on ethics he made us pull out our phones and show him our facebook pages. he said he wanted to check them for ho pictures. it is not his business what we do on our personal time. this was during a lecture on ethics.
16431,310,3.0,0.79,0.0031203686416198264,0.0,0.0021910210080925458,"pretty condescending and likes to be a dictator, which she'll tell you from the beginning. if you don't do every little thing her way, you're not going to do well, no matter if a different way works better for you or not. good as a person but wouldn't recommend her as a professor."
4108,264,1.0,0.74,0.0034117478179126167,0.0,0.002171823369951736,"he thinks he is a dictator, and is going to take over the world. he looks down upon his students like they are nothing. don't take crj425 with him take it with professor sung, he is much better."
9033,318,1.0,0.61,0.004557347340781081,0.0,0.002171235256071099,this professor is full of himself. his class was boring and he's snubs students. thinks he's hot but really he's not. has an attitude that keeps us from asking questions. it's all about him after all.
16537,71,5.0,0.83,0.0028566658684203074,0.0,0.0021601135661202973,professor chapman is awesome. the stuff flows as if he made history. a little effort will land you at a. don't miss him.
7484,42,4.0,0.78,0.003125680920755587,0.0,0.0021532107820514293,"nice guy. joined his freshman seminar on accident. 3 poems a week, and if you go to his favorite poetry club, he'll buy you sweet potato fries."
7336,434,4.0,0.7,0.003633577744774636,0.0,0.002128048476649741,"he's a nice guy, very interesting class, tough but do able"
725,196,2.0,0.68,0.003752792285894373,0.0,0.0021043496220614086,"he will not look over any rough drafts for papers you may have. the electronic journals are the biggest nuisances you will ever get. his tests are very random and rely on very small facts from the books you have read. do not be late, do show up to every class, do your electronic journals and you should be fine."
3026,1188,2.0,0.69,0.0035169526916658833,0.0,0.0020157662175808587,"there is a slight communication barrier with her speech which is manageable but, her email etiquette is not very good. she doesn't read your questions fully and answers only half of your questions if she even responds. her lectures can be confusing because she gets lost. her syllabus was very unorganized including the calendar."
2761,284,5.0,0.61,0.004167879525324707,0.0,0.0019856829624250016,"he's s great professor who genuinely cares about his students. he talks to people who talk to him so that can sometimes be misconstrued as favoritism. he teaches organic, a difficult subject very well. he's real and does not beat around the bush, which is nice."
8433,961,5.0,0.6,0.00425502685549379,0.0,0.0019775577778791313,environmental hazards is a great class. should be renamed to search and rescue. doctor heywood brings alot of experience to the class from his navy days. he is a great person to talk to and to get to know but be warned hes a talker for sure.
18108,1020,3.0,0.65,0.0036817080468475954,0.0,0.0019293871497985597,paula moore is clueless to the world. but she did give us a bunch of days off so she would get good feedback from the class.
18227,287,4.0,0.77,0.002854921815385211,0.0,0.001928991468927145,hyde is a really cool guy and always has interesting stories to share. he is super smart and intellectual to the point where it's kind of intimidating. some of the time when people raised their hands he would kind of shut down their ideas but for the most part he is really nice. super easy homework. he takes attendance once a week.
19169,798,5.0,0.68,0.0034052534964148827,0.0,0.001909469899290248,she makes you work but it is worth it. you will get the grade you deserve. everyone is treated fairly and equally.
11090,46,1.5,0.9,0.002193023752042486,0.0,0.0018724365052117003,please don't take this unless you really have to. she goes way too fast to understand new concepts and assumes you know a lot of economic shortcuts. very unorganized lectures.
5904,162,2.5,0.81,0.0025667621281337495,0.0,0.0018711695914095036,very boring class. she seems like she doesn't really come off clear a lot of times.
13041,598,5.0,0.61,0.003907272297772748,0.0,0.001861523104038878,amazinggg teacher. made class so much fun and it was worth going to so early in the morning.
11245,815,1.0,0.67,0.003370340886915088,0.0,0.0018483577510979867,terrible professor. useless for help. not a straight shooter. contradicts himself all of the time.
17119,279,5.0,0.67,0.00336194390816027,0.0,0.0018437526914651377,"he's an excellent instructor. no matter what skill level you are physically, he will never make you feel out of place. all around great teacher who obviously loves his job. very highly recommend for personal defense and tai chi."
770,1025,5.0,0.66,0.003433159260829352,0.0,0.0018408137671578114,"she doesnt like getting up early thats for sure but ive never met anyone with as much energy as her in the morning. hilarious teacher, a must have for your morning wake up computer class."
3881,747,3.5,0.76,0.0027755771289733754,0.0,0.0018389659527100507,"it was a fun class and she is okay. she just thinks she is a little better in some sports than she really is. keep it cool doc, you are not going to win all the time."
597,47,4.5,0.7,0.003131794589166159,0.0,0.0018341731408497227,"have taken many classes with gel. she's highly recommended. if you want to learn how to dance, go to her."
4847,409,3.0,0.63,0.0034480726676838352,0.0,0.0017241983856412222,he gives 10 bonus points every test plus extra credit constantly. you don't have to show up but if you do youll get the extra credit. constantly tells nutty stories.
13738,13,3.5,0.67,0.0030615360500862204,0.0,0.0016790034237819656,"do not expect to coast through his class. do not expect him to give you answers. go to him with problems and he will lead you to solutions. he wont give you the solution, he will lead you to it and leave you to figure out how to drink. if you want to learn you will learn a lot from him."
12184,1328,1.0,0.6,0.003570893312388821,0.0,0.001659601239595841,not exactly a gift to the english department. those who know her best refer to her as tyra the tyrant.
11324,174,5.0,0.61,0.003473826959303361,0.0,0.0016550188088663472,"pin cushioning, proportioning, and lowballing. if you do any of these things will be ran over by a man with a pipe full of cherry tobacco, wearing a authentic scottish bagpipers hat, plus he will take your house too. obviously, live fast or die is a good mindset going in, but you'll never find a better teacher to prepare you for the real world."
3472,1273,2.5,0.73,0.002639303055032203,0.0,0.0016461657086672898,"exteremly biased against israel. even though she claims to keep an open mind, she presented one side of the struggle in the middle east, and provided little voice for the other side to make its case. this class does not present a fair academic look at this complicated situation."
18197,357,4.0,0.65,0.0031359638898813347,0.0,0.0016433916960227164,"ed is a good man, but he can put people off. sometimes he says or does things, sometimes he uses a tone, sometimes he makes people feel stupid when they don't necessarily deserve it. if you're quick and don't mind sarcasm or if you can fire one back 'cause he can take it then you will get along with ed. if not, then perhaps reconsider."
18361,94,3.0,0.69,0.00277864206383365,0.0,0.0015925982787024482,there is no required text. weekly movies with no homework. it doesn't get easier than this.
7660,731,1.0,0.68,0.002834559287803706,0.0,0.0015894574790138742,just reades from the power point and then talks about himself. he's only told us about how successful he has been at every top job he's hold in his life about 10 millions times.
284,621,1.0,0.85,0.0020116089653183645,0.0,0.0015764200543475365,so confusing because he says he wants you to be creative but then shoots down your ideas. he tells you exactly how he wants it done even though its your art. no real free will in the class. you basically are only learning his style of art.
4597,359,4.5,0.69,0.0026971537250742882,0.0,0.0015458926631315717,very sweet lady but beware her exams are kinda hard. you can't put things into your own words it has to be exactly what she says or she will count it wrong.
4844,45,5.0,0.87,0.0018635587660571266,0.0,0.0015122443528887515,"not a fan of american literature, however, now a fan of professor mills. excellent teacher."
5475,919,5.0,0.67,0.0027389365474786696,0.0,0.0015020838446794483,"he does expect you to work. if social psych is your thing he is your proff. not for the feint of heart, know that if your a loafer you will be spoted. take other psych classes if you want to coast. but if your intending to go into this feild he goes the extra mile for you."
5104,436,3.5,0.67,0.0027141985226583685,0.0,0.0014885170508572038,"one thing about mr pouncy, he talks about his gun alot. he has alot of stories, but generally not a bad teacher. even though it was back in fall 2007, it wasn't bad."
4455,1123,1.5,0.67,0.002688794153545179,0.0,0.0014745848214069367,"if this class had been for law students, and a full year it would have been fine. but important sections of business law commericial paper, life and death of a corporation were ignored in favor of consitutional law and current events. if you take him be sure to read the whole book."
9088,1118,4.5,0.61,0.003085858668516725,0.0,0.0014701809266062659,"he is open to hearing any point of view, but if there is what he feels is a right one he will push you towards it. he has a story or the like to go with every topic, which is good and makes it easier to learn. and is not homophobic or pushes christiany."
4796,841,5.0,0.82,0.001975970107580161,0.0,0.0014672399683379848,"she's so intelligent, and also a really nice person. great professor"
10517,906,5.0,0.8,0.0020439372345553825,0.0,0.001462522431426806,no he doesn't responed to emails but he is a pretty cool guy and a good teacher
11151,922,4.0,0.87,0.001796739769049715,0.0,0.0014580219410546774,"knows what he's talking about. everything is explained on the syllabus. you have to read the instructions and follow them. if you don't follow instructions, you lose points no duh. not confusing if you know how to read. if you ask questions via email, he responds."
11703,295,2.5,0.64,0.0028414370632105783,0.0,0.001454815776363816,"for the question j j, to find the cost is like to find the dampning of the water waves or in an engine oscillating motion. to sum things up, he is rarely on track with what he is doing"
2610,942,1.0,0.78,0.002098475321177622,0.0,0.00144559211320144,"nice woman, most of the time, but sucks as a teacher, do not take, she is very feminist too"
19212,225,5.0,0.69,0.002470213377217663,0.0,0.0014158202036130025,"yeah you have to ork, but she's very helpful. she knows her stuff."
19398,1326,4.0,0.75,0.002159044828728302,0.0,0.0014023407521910989,"he is as easy as they come. if u can't pass his class, u should go back to kidergarten. and for the ones who can't understand him, open up to the world. not everybody in in the world or america for this matter talk with a country accent."
8731,738,1.0,0.72,0.0022459604235025893,0.0,0.0013721476427152914,"thinks he is better than you. face it, he made a movie a long time ago, so he is. he will remind you that if you forget to bow. stupid class because they stifle creativity to meet antiquated equipment standards."
12881,1391,1.0,0.67,0.0024842714929002177,0.0,0.0013624207828831323,really bad at explaining things. rude when you ask for help even during office hours
9339,210,5.0,0.62,0.002750267004554073,0.0,0.0013426486910686063,"chris is an awesome teacher, one of the best hands down. he'd give you the shirt off his back, and he'd know the best way to do it too."
12030,1146,3.0,0.79,0.0018975165608068776,0.0,0.0013323741920996778,"very liberal, so she talks about her politics all the time. your wrong shes right. alot of class discussion."
9639,1226,5.0,0.65,0.0025273680924034632,0.0,0.0013244590440758526,"do not take this class if you just want to learn regular guitar, not just nylon string. this class is classical style only. you need to take 83a instead, there you can play acoustic or nylon string and you'll cover several styles. in jones class, you have to play exactly how he tells you, so if you can't change your playing way, you won't be happy."
12818,1046,4.0,0.77,0.0019317383820845143,0.0,0.001305222034158357,"very hard, but a good teacher. accent, but not too bad says right too much. sometimes absent during his office hours, but otherwise these were useful."
2606,942,3.5,0.9,0.0014213906664594992,0.0,0.001213604626747514,morna is one of the nicest most interesting ppl in the world. she has good stories but they dont always relate to what youre doing. she doesnt always make it clear what she wants but if you dont give her what she wants she will tell you and help you make it better. do your work and care about it and she will be nice during crits usually.
19767,240,1.0,0.68,0.00208984232708705,0.0,0.0011718631291434466,"she missed half of the semester and expected us to continue on like nothing happened. no one, not even our subs knew what was going on and when you ask questions she tells you to check blackboard even if the question you cant be answered over the computer, its probably because she cant explain it to you. her blackboard is soooooooooo unorganized."
8534,421,2.0,0.75,0.0017193905123674914,0.0,0.0011167768970521423,awful teacher. he doesn't teach the concepts associated with physics. when you go to his office hours for help he'll make you sit and wait while he takes personal calls then he talks down to you. he will mark correct answers wrong if he doesnt think in his opinion you knew how to do it. take any other physics teacher.
827,500,4.5,0.74,0.0017074153431088932,0.0,0.0010868929189047796,"if you know a little hebrew than you wont have a problam. if you dont know anything its not terribly hard, but youll have to work. overall he is a very nice guy. you have no choice if you take hebrew because hes the only teacher which is not such a bad thing"
12016,69,4.5,0.93,0.0012104332781539343,0.0,0.001085588609772036,"arlan is an all around good guy and if you put in a bit of time and effort, he will reward you well for it. great class."
8929,341,2.5,0.62,0.0021733254745365154,0.0,0.0010609924777560406,"homework, labs and other work not handed back very quickly. can be a a some days, and always thinks everything he does is the right way."
7405,926,5.0,0.85,0.0013490160383462803,0.0,0.0010571716338264457,great teacher. out going person. you will never be bord in her class.
5042,109,4.0,0.85,0.0013416619625019166,0.0,0.0010514085293453455,"what allison is to baking, he is to cooking. offers good advice. he's been there, done that. listen to him."
13110,283,3.5,0.67,0.001708125888944096,0.0,0.0009367680696449687,really knows his stuff. seems like he's just putting in time though.
14971,744,2.0,0.9,0.001006360041566508,0.0,0.0008592452669336103,uninteresting and doesn xe2 x80 x99t bring the material to life
3258,79,1.0,0.79,0.0011732594650134074,0.0,0.0008238244999325926,"most boring class ever. if the material wasn't coma enducing enough, her monotonous voice should just about do it."
7668,731,2.0,0.86,0.0008698444313893013,0.0,0.0006937280650136761,this guy cant teach. all he does is read from powerpoint and talk bs about all these high position jobs he had making millions of dollars in sales.
16297,331,5.0,1.0,0.0,0.0,0.0,"many know that the world was created in six days and on the 7th day god rested. what is unknown is that on the 8th day god looked down on his kingdom and was displeased, so he created don hood."
16296,331,1.0,1.0,0.0,0.0,0.0,"many know that the world was created in six days and on the seventh day the flying spaghetti monster rested. what is unknown is that on the eighth day the flying spaghetti monster realized that all of humankind understood the concept of significant figures, so he created donald linn hood."
16278,474,5.0,1.0,0.0,0.0,0.0,hot hot hot hot kinda short hot hot hot doesn't care if you're there or not
12981,224,1.0,1.0,0.0,0.0,0.0,she is not helpful at all. she is not easy to understand either.
15834,189,3.5,1.0,0.0,0.0,0.0,"she's a feminist, but not in an idiotic way. she's good once you get used to her style nice."
2524,30,1.5,1.0,0.0,0.0,0.0,she is completely rude and difficult to understand. she is not helpful nor gracious.
2455,816,1.0,1.0,0.0,0.0,0.0,not interesting very rude at times. will not take again.
11050,351,3.0,1.0,0.0,0.0,0.0,"he has a unique attitude. you never know how he'll react to a situation. but more often than not, it won't be to your liking."
11013,967,2.0,1.0,0.0,0.0,0.0,completely agree with one of the previous ratings she acts like she is friendly but she is actually not. she choose people to be nice to.
16727,38,1.5,1.0,0.0,0.0,0.0,he is very opinionated and arrogant. his ego is through the roof.
16706,520,2.0,1.0,0.0,0.0,0.0,tests don't utilize formulas or reflect the homework at all.
16504,1247,1.0,1.0,0.0,0.0,0.0,what ever the person below said was absolutly right. do not recommend her ever
16459,969,5.0,1.0,0.0,0.0,0.0,doctor nojo is a genius who allows you to discover an incredible amount about yourself and the art of acting.
10393,249,1.0,1.0,0.0,0.0,0.0,"runs the chem department like an even shorter napoleon. the whole c building is toxic, and he's been inhaling the fumes."
10268,940,1.0,1.0,0.0,0.0,0.0,don't ever expect monica to cut you any slack. because its guaranteed she wont
10248,741,5.0,1.0,0.0,0.0,0.0,"brilliant man, absolutely one of the best eku has to offer. take a class with him if you can, you won't regret it."
2166,473,1.0,1.0,0.0,0.0,0.0,never responded to emails and never explained himself. was never available or helpful.
2044,304,4.0,1.0,0.0,0.0,0.0,"she is really good. if you show your effort, she will pay for you."
16808,445,2.5,1.0,0.0,0.0,0.0,runs around like a chicken with its head cut off.
4273,648,5.0,1.0,0.0,0.0,0.0,"doctor wiggity is an awesome small ensable director. great ideas and very helpful, those of you that think he is hot need help"
9030,318,3.5,1.0,0.0,0.0,0.0,"funny, bit of a smart profanity though which can make him hard to approach. worth taking."
4439,298,3.0,1.0,0.0,0.0,0.0,"okay so most people take this just for the credits, and thats all. he goes too hard"
8916,341,3.0,1.0,0.0,0.0,0.0,very big ego. if you patronize him and stroke his pride you will do well. make him look good at the ashrae competition and he will help you. if you challenge him he will lose his temper and his ears turn red. smart but totally vain.
4451,1123,1.0,1.0,0.0,0.0,0.0,"wow, what a jerk. he treats you like an idiot online and is not helpful. he makes you feel like he is way to busy to bother with you."
3598,628,4.5,1.0,0.0,0.0,0.0,"like sitting in on family vacation slides, but his vacations insted of relatives"
17127,118,1.5,1.0,0.0,0.0,0.0,he slaps overheads up and talks for hours on end. too fast to write down.
17124,118,2.5,1.0,0.0,0.0,0.0,"all he does is put up overheads and babble on for hours about things we don't know about, and not in a way for us to learn. then there's the random stories he just goes off on."
17093,130,1.0,1.0,0.0,0.0,0.0,"does not tell you but takes marks off for wrong answers. better to not answer than attempt. going in for extra help will not help you, sucking up and whining will."
13468,1082,5.0,1.0,0.0,0.0,0.0,dont believe ppl who say hes 2 hard he doesn't care he drinks the blood of babies blah blah blah hes cool and stuff
12183,992,1.0,1.0,0.0,0.0,0.0,she is the secretary for the nursing dept. very hard to get along with. very rude and short with you when asking questions. does not call or email you back. not helpful at all. acts like she hates her job. you get better answers calling director.
9080,55,1.0,1.0,0.0,0.0,0.0,communication breakdown dont take her youll be in a daze
3892,1310,3.0,1.0,0.0,0.0,0.0,"sometimes you can't understand very well, but she makes up for it with her hotness."
9248,1350,2.0,1.0,0.0,0.0,0.0,he was a really sweet and nice guy. homework is really tough.
15050,378,1.5,1.0,0.0,0.0,0.0,"wants everyone to do things his way, unfortunately the wrong way"
15019,849,5.0,1.0,0.0,0.0,0.0,mark is great. his only real flaws are that he can be a bit too smart for his own good and his clothes are all too tight.
14966,744,1.5,1.0,0.0,0.0,0.0,she is not direct and it takes her an hour to say a sentence.
11501,976,1.5,1.0,0.0,0.0,0.0,"very hard to understand what he wants. the material is very difficult, but if you get on his good side he can be an enjoyable guy."
8719,1051,4.0,1.0,0.0,0.0,0.0,looks like dianne from cheers and has about the same personality
9343,1303,2.0,1.0,0.0,0.0,0.0,he is not nearly as helpful as he thinks he is. he is also not someone you want in your corner as he is two faced.
8642,1340,1.5,1.0,0.0,0.0,0.0,horrible. she was no help and gets confused as she writes on the board.
4428,298,1.0,1.0,0.0,0.0,0.0,very rude. if he doesnt like you you're better off not asking anything. good luck with this stand up guy lol
18127,1394,4.5,1.0,0.0,0.0,0.0,she's really fun to listen to and a good gader very lienient
7259,674,2.0,1.0,0.0,0.0,0.0,not very enjoyable. judy is always late. easy a though.
5703,791,3.0,1.0,0.0,0.0,0.0,she is definitely a feminist but an all around nice woman.
5499,65,5.0,1.0,0.0,0.0,0.0,"he's unbelievable. so inspiring and heartfelt. his eyes just light up, and everyone sings their hearts out for him. an amazing experience."
8893,987,5.0,1.0,0.0,0.0,0.0,she's just great. gotta love those old school women who were hippies and burned their bra's for us ladies of today.
8802,565,4.0,1.0,0.0,0.0,0.0,she is really laid back and really hot. very trust worthy and she is hott
1602,1005,2.5,1.0,0.0,0.0,0.0,"hard, but his work does have a purpose, brace yourself that c."
9894,425,4.5,1.0,0.0,0.0,0.0,the man.. coolest guy ever. such a nice person and very helpful.
17780,1210,1.0,1.0,0.0,0.0,0.0,not very good he can hardly speak english or understand anything
523,589,2.0,1.0,0.0,0.0,0.0,his way or the highway. get out while you still can.
9916,1003,4.0,1.0,0.0,0.0,0.0,he got carried away talking about mullis so many times. nice guy though.
11546,291,4.5,1.0,0.0,0.0,0.0,"this man is so brilliant that he can barely explain the law to you, as he focuses too much on its inherent problems. still, figure it out and you're learning from the best.."
11514,976,1.5,1.0,0.0,0.0,0.0,so hard and you can't understand him with his accent
19830,1140,1.0,1.0,0.0,0.0,0.0,this guy is completely incompetent. do not take any courses with him.
3145,337,5.0,1.0,0.0,0.0,0.0,doc is the best campbell has to offer. so down to earth an easy. take her. you want regret it.
19237,1182,4.5,1.0,0.0,0.0,0.0,"he is an amazingly cool guy. he is very easy to talk to and even though he does not have a lot of extra time to spare, if you need help he will find time for you always."
6053,149,2.5,1.0,0.0,0.0,0.0,this guy is full of himself. don't bother doing the reading because it won't help.
15917,358,4.0,1.0,0.0,0.0,0.0,"incredibly smart, wayyyyyyyy left wing.. soo disillusioned with the u. s"
5417,851,1.0,1.0,0.0,0.0,0.0,he's very rude and only wants to talk about how smart he is. it's like being in higschool because you have to show up and he yells if you need to leave early and freaks out if you whisper or your cell phone goes off.
8180,104,3.0,1.0,0.0,0.0,0.0,"after the first few weeks, there really wasn't any point in having the book."
1183,923,5.0,1.0,0.0,0.0,0.0,scanlin is the man it doesnt get cooler than him
18671,168,1.0,1.0,0.0,0.0,0.0,"he can barely even speak english, hes mad confusing and not helpful at all"
232,52,1.0,1.0,0.0,0.0,0.0,she is not very hot at all and she likes black boots
7198,955,1.0,1.0,0.0,0.0,0.0,shes aweful and has no priblem trying to embarasse you or make you feel stupid
5936,61,3.5,1.0,0.0,0.0,0.0,hes not as bad as all these ppl make him sound
13420,956,4.0,1.0,0.0,0.0,0.0,"knows her stuff and can really make it interesting but, don't cross her.. keep up with the reading 'cause she can figure out who is not reading"
13297,743,5.0,1.0,0.0,0.0,0.0,"great workout, and she makes it really fun if incredibly challenging."
12591,1233,1.0,1.0,0.0,0.0,0.0,should avoid no help at help never get a chance to ask question
9514,1355,2.5,1.0,0.0,0.0,0.0,"he comes in, sits down, and talks. for 2.5 hours straight. nevermind if you dont ' understand, he's off on some random tanget by the time you get a notebook out."
9547,1213,4.5,1.0,0.0,0.0,0.0,his door is always open. he will like you if he knows that you are trying.
19303,1162,3.0,1.0,0.0,0.0,0.0,has her favorites. dont like her much. can be very snotty and biased. shes got her pets too.
12330,535,3.5,1.0,0.0,0.0,0.0,so far he seems like a good guy. very animated
16872,783,5.0,1.0,0.0,0.0,0.0,mr salvo is a genuinely kind heart and all around nice guy. he like having your grandpa for a band director.
592,113,1.0,1.0,0.0,0.0,0.0,seems to get flustered on opening basic programs such as powerpoint
11342,174,3.0,1.0,0.0,0.0,0.0,he is extremely anal about how you do things. he is also extremely cocky.
16892,541,4.0,1.0,0.0,0.0,0.0,"she was really hard, but she tried to help as much as she could."
14768,453,4.0,1.0,0.0,0.0,0.0,doctor detweiler has a great way of getting a group to come together and blend for a truly beautiful sound.
14629,1167,3.0,1.0,0.0,0.0,0.0,if he was half as bright as he thinks he is they'd call it marcos sun
3326,328,3.0,1.0,0.0,0.0,0.0,"chauvinistic, favoritism can be a problem. a good guy once he gets to know you."
11832,772,1.0,1.0,0.0,0.0,0.0,worst professor at ccsu. avoid her if you can because you won't learn.
18616,1243,5.0,1.0,0.0,0.0,0.0,"soooooo niceeeee, take her during the summer she is a garenteed a"
7937,267,5.0,1.0,0.0,0.0,0.0,"doctor huntley is a doll, with a smile that dont quit. she is always fair, that is to pick on everyone. she's a hottie"
7859,235,5.0,1.0,0.0,0.0,0.0,"at the beginning its like she is hard but she's really, really nice."
16932,863,1.0,1.0,0.0,0.0,0.0,"he's boring, condescending, and all he ever does is talk about black history and how horrible southerners are. he has no concept of southern history. you cannot argue with him at all. he is right. period."
9082,1118,1.5,1.0,0.0,0.0,0.0,he went against unh handbook guidelines by giving out personal information of students to non students
3066,103,3.5,1.0,0.0,0.0,0.0,shes good. the fredrick douglas and primary documents stuff is whak though
14452,627,3.5,1.0,0.0,0.0,0.0,"plays favorite so just ask him to the bar or stuff like that. also, if you're a hot girl easy a."
14363,405,1.0,1.0,0.0,0.0,0.0,just do everyone including yourself a favor and retire already.
9087,1118,2.0,1.0,0.0,0.0,0.0,likes to tell people they are misguided because they disagree with his view.
14247,949,1.0,1.0,0.0,0.0,0.0,if you dont cheat your an idiot. cause everybody else does.
14225,100,1.0,1.0,0.0,0.0,0.0,jerk. not helpful at all. don't waste your time and money.
12149,862,3.0,1.0,0.0,0.0,0.0,"there is no offer or preliminary negotiation here, marty stinks straight up and is rather arrogant to boot"
3416,1016,4.5,1.0,0.0,0.0,0.0,"overall good guy and fun to talk to. however, his art knowledge is primarily based in the late 70's 80's and says all art is cyclical and therefor has no need to go to see any new art because he has already seen something like it 20 years ago. he claims to retire every year for the last 10 yrs and it shows so get it over with and hire fresh."
6541,1033,1.0,1.0,0.0,0.0,0.0,take someone else. if possible. hes confused. ididnt gt him. hard to understand
6537,1033,1.0,1.0,0.0,0.0,0.0,all he does is talk about how much he hates the administration
12704,1309,5.0,1.0,0.0,0.0,0.0,"doc is awesome. the man seems so bland on the surface, but every once in a while, he'll say something that'll just shock you ie eat the elephant in small bites"
11926,803,1.0,1.0,0.0,0.0,0.0,"evil woman, only gives you an a if you pretend you agree with her feminist biblical agenda"
12649,146,2.0,1.0,0.0,0.0,0.0,"he tells you one thing asks you to do it and then totally changes his mind. he isnt helpful in the least, im not a fan of him."
13891,1368,4.5,1.0,0.0,0.0,0.0,"he's a little insane, in a good way. he is a great friend too."
13813,1035,1.0,1.0,0.0,0.0,0.0,"he is really awful professor, and he does not seem like helping student during office hours."
11225,1362,3.0,1.0,0.0,0.0,0.0,"if you're a favorite, expect a free ride, otherwise watch out."
13144,528,5.0,1.0,0.0,0.0,0.0,the other reviewers are mistaken. we only solved one kind of ode u ' ' a u b. basic results from odes and vector calc dot products and integrals are used to study physics.
11241,815,1.0,1.0,0.0,0.0,0.0,on a power trip. maybe they run the computer labs like he does in redchina. 'communism comes to the capstone '. disgrace to his profession.
14542,1312,2.5,1.0,0.0,0.0,0.0,he's too by the book and makes very rare exceptions. he's arrogant too sometimes.
4191,1284,2.5,1.0,0.0,0.0,0.0,she frequently calls on you out of nowhere and often makes you feel stupid when you don't know the answer.
4115,264,2.0,1.0,0.0,0.0,0.0,obviously in the psc department because it is a system of control.
13137,870,2.0,1.0,0.0,0.0,0.0,controlling woman who is in dire need of some fun.
11890,542,4.5,1.0,0.0,0.0,0.0,"not a hand holder for sure, but if nodine causes you to have a mental breakdown, you probably need to reconsider your ambition to be an artist in a highly competitive and ambiguous field. she's tough but fair and does not cater to slackers or those who think they are special snowflakes. she always helps those who work hard and have the guts to ask."
13114,283,3.0,1.0,0.0,0.0,0.0,just be a smartass right back to him and you'll get along fine.
3716,317,1.5,1.0,0.0,0.0,0.0,unbelievable. left class for a dentist appointment and expected us to sit around and wait for over an hour for him to get back.
19681,902,1.0,1.0,0.0,0.0,0.0,she is mainly interested in male students and seems to flirt and make advances at men.
7364,327,2.5,1.0,0.0,0.0,0.0,she is extremely nice. she just needs to work on a louder speaking voice when she gives her prayers.
16048,448,1.5,1.0,0.0,0.0,0.0,"be advised, he will yell at you for shaking your leg, for looking out a window, for chewing gum, almost anything. he's very old and has seriously lost it. do not take."
3803,563,5.0,1.0,0.0,0.0,0.0,she's really nica and will always work with you if you need help
10835,1073,5.0,1.0,0.0,0.0,0.0,take a class with her. it will blow your mind.
6482,988,1.0,1.0,0.0,0.0,0.0,doctor jackson had an extremely arrogant attitude and when asked questions would snap. she was not helpful at all and would make snide remarks that made you think twice before even asking a question. do whatever you can to avoid this lady.
6476,988,1.0,1.0,0.0,0.0,0.0,doctor jackson had an extremely arrogant attitude and when asked questions would snap. she was not helpful at all and would make snide remarks that made you think twice before even asking a question. do whatever you can to avoid this lady.
10823,1073,3.5,1.0,0.0,0.0,0.0,"she is so lucid, gentle and playful. one feels as though one were accompanying her on a joyous and novel journey through the ecstatic maze of the phenomenology."
4558,1295,5.0,1.0,0.0,0.0,0.0,"get on her good side, she is full of connections"
10610,454,3.5,1.0,0.0,0.0,0.0,"heb is attrative, but still the wild child of the business dept. he is hilarious."
13755,1061,2.0,1.0,0.0,0.0,0.0,"simply horrible. if you don't want to learn a word, take him."
2830,1013,1.0,1.0,0.0,0.0,0.0,he's kinda rude if you ask him for help and not sympathetic at all.
609,47,2.0,1.0,0.0,0.0,0.0,"she is very rude. if she feels comfortable with you she has no problem calling you out in front of the entire class, making you look stupid. unless you are one of her favorites, she could care less about you, or how she makes you feel. you do get a good work out, but it's not worth the humiliation or the frustration."
10576,927,5.0,1.0,0.0,0.0,0.0,doctor burnham has an excellent grasp of the beauty and complexity of the romantic age of american lit
15941,413,5.0,1.0,0.0,0.0,0.0,"great guy, always willing to help, would love to have him again"
7004,754,3.0,1.0,0.0,0.0,0.0,"mr lyn is nice, but he is soooooooo liberal. it is very annoying. he is a democrat and wants to convert you into one. just read his crazy bulletin board outside of his office. his office has the sti always question authority. watch out keep your head on and don't be converted into a person that is so open minded your brains fall comepletely out."
6792,347,5.0,1.0,0.0,0.0,0.0,he will do everything to help you with anything. he is a super nice and funny guy.
2789,735,4.5,1.0,0.0,0.0,0.0,he can come off a bit arrogant but he is always willing to go the extra mile and help you. as long as you're respectful he'll work with you.
7559,1327,3.0,1.0,0.0,0.0,0.0,"sure, hes hot, but also fast paced. if you dont get it the first time youre screwed. he doesnt understand that everyone isnt as brilliant as him."
2686,426,3.0,1.0,0.0,0.0,0.0,totally out there shes funny she she will call you stinky and ramble in but shes great
6722,419,4.5,1.0,0.0,0.0,0.0,"great and very helpful. dry sense of humor, but when he gets down to business he demands respect when talking."
18784,698,5.0,1.0,0.0,0.0,0.0,she is great it is best to take during the summer 6 weeks section and she only uses 4 weeks
18698,479,1.0,1.0,0.0,0.0,0.0,"has no people skills whatsoever. she is rude and impolite. acts as if she gets mad when someone doesn't understand, and asks for her to reapeat a step."
915,470,1.0,1.0,0.0,0.0,0.0,"does not speak comprehensible english, you will not understand him he calls and yen and s yes and says yes after every word so when you need s he says yes yes making it impossible to understand. there are many other butcheries of the english language. he thinks himself hilarious and will laugh at his own jokes and no one understands what said."
11280,22,5.0,1.0,0.0,0.0,0.0,be patient with him and the good stuff will be there.
6442,1363,2.5,1.0,0.0,0.0,0.0,"the good news wendy is smart and witty. the bad news she knows it. at first you laugh along with her, and then you realize how condescending she's being. she has no respect for risd and insults it all the time."
6382,1269,4.0,1.0,0.0,0.0,0.0,nice guy. hard to hear. will help if you need it.
5070,1018,1.0,1.0,0.0,0.0,0.0,"we use datadesk, a program he invented 30 years ago instead of something more modern. his ego is so big we can't use a real stat program since it was made by someone else. makes it very difficult to get help cause no one knows how to use his program"
5060,760,4.5,1.0,0.0,0.0,0.0,this guy was just plain boring. he's a little sensitive too.
16312,331,3.5,1.0,0.0,0.0,0.0,"maybe a little scary at times, but he really is helpful and a nice guy when it comes down to it."
16298,331,4.0,1.0,0.0,0.0,0.0,"he is actually a nice guy, even though he appears to be tough."
14489,1004,2.0,1.0,0.0,0.0,0.0,"two personalities, a friendly face in class and nasty and mean comments through e mail."
